exercise,sets,reps,weight,date,rpe,rir,logged_at
Incline Bench Press,3,8,230.0,2015-10-23,,,2015-10-23T17:06:37
Incline Bench Press (Barbell),3,8,230.0,2015-10-23,,,2015-10-23T17:06:37
Weighted dips,6,8,315.0,2015-10-23,,,2015-10-23T17:06:37
Good Morning,2,8,115.0,2015-10-23,,,2015-10-23T22:01:34
Good Morning (Barbell),2,8,115.0,2015-10-23,,,2015-10-23T22:01:34
Leg press,3,10,430.0,2015-10-23,,,2015-10-23T22:01:34
Leg press (hinge ),3,10,430.0,2015-10-23,,,2015-10-23T22:01:34
Squat,3,6,315.0,2015-10-23,,,2015-10-23T22:01:34
Squat (Barbell),3,6,315.0,2015-10-23,,,2015-10-23T22:01:34
Chin Up,6,8,47.5,2015-10-24,,,2015-10-24T10:19:52
Lat Pulldown,4,10,150.0,2015-10-24,,,2015-10-24T10:19:52
Rear delt fly,6,12,120.0,2015-10-24,,,2015-10-24T10:19:52
Seated Cable Row (close Grip),4,8,130.0,2015-10-24,,,2015-10-24T10:19:52
Seated Row,4,8,130.0,2015-10-24,,,2015-10-24T10:19:52
Incline Bench Press,3,8,230.0,2015-10-30,,,2015-10-30T13:07:09
Incline Bench Press (Barbell),3,8,230.0,2015-10-30,,,2015-10-30T13:07:09
Weighted dips,6,8,220.0,2015-10-30,,,2015-10-30T13:07:09
Chin Up,6,8,50.0,2015-10-30,,,2015-10-30T17:47:44
Hammer Curl,1,8,80.0,2015-10-30,,,2015-10-30T17:47:44
Hammer Curl (Dumbbell ),1,8,80.0,2015-10-30,,,2015-10-30T17:47:44
Rear delt fly,6,10,115.0,2015-10-30,,,2015-10-30T17:47:44
Seated Cable Row (close Grip),3,10,175.0,2015-10-30,,,2015-10-30T17:47:44
Seated Row,3,10,175.0,2015-10-30,,,2015-10-30T17:47:44
Glute extension.,4,10,175.0,2015-11-01,,,2015-11-01T11:23:25
Squat,2,8,295.0,2015-11-01,,,2015-11-01T11:23:25
Squat (Barbell),2,8,295.0,2015-11-01,,,2015-11-01T11:23:25
Incline Bench Press,3,8,230.0,2015-11-04,,,2015-11-04T19:21:19
Incline Bench Press (Barbell),3,8,230.0,2015-11-04,,,2015-11-04T19:21:19
Seated Military Press,2,8,155.0,2015-11-04,,,2015-11-04T19:21:19
Seated Shoulder  Press (Barbell),2,8,155.0,2015-11-04,,,2015-11-04T19:21:19
Weighted dips,4,11,0.0,2015-11-04,,,2015-11-04T19:21:19
Chin Up,6,8,50.0,2015-11-06,,,2015-11-06T16:48:14
Lat Pulldown,4,12,155.0,2015-11-06,,,2015-11-06T16:48:14
Rear delt fly,8,14,115.0,2015-11-06,,,2015-11-06T16:48:14
Seated Cable Row (close Grip),2,8,160.0,2015-11-06,,,2015-11-06T16:48:14
Seated Row,2,8,160.0,2015-11-06,,,2015-11-06T16:48:14
Incline Bench Press,2,8,230.0,2015-11-08,,,2015-11-08T12:37:21
Incline Bench Press (Barbell),2,8,230.0,2015-11-08,,,2015-11-08T12:37:21
Seated Military Press,3,10,165.0,2015-11-08,,,2015-11-08T12:37:21
Seated Shoulder  Press (Barbell),3,10,165.0,2015-11-08,,,2015-11-08T12:37:21
Weighted dips,4,12,0.0,2015-11-08,,,2015-11-08T12:37:21
Glute extension.,4,10,130.0,2015-11-08,,,2015-11-08T17:45:26
Leg outward fly,6,15,100.0,2015-11-08,,,2015-11-08T17:45:26
Leg press,3,10,360.0,2015-11-08,,,2015-11-08T17:45:26
Leg press (hinge ),3,10,360.0,2015-11-08,,,2015-11-08T17:45:26
Squat,2,8,275.0,2015-11-08,,,2015-11-08T17:45:26
Squat (Barbell),2,8,275.0,2015-11-08,,,2015-11-08T17:45:26
Chin Up,6,8,52.5,2015-11-10,,,2015-11-10T17:10:12
Hammer Curl,2,15,80.0,2015-11-10,,,2015-11-10T17:10:12
Hammer Curl (Dumbbell ),2,15,80.0,2015-11-10,,,2015-11-10T17:10:12
Rear delt fly,4,12,120.0,2015-11-10,,,2015-11-10T17:10:12
Seated Cable Row (close Grip),2,10,190.0,2015-11-10,,,2015-11-10T17:10:12
Seated Row,2,10,190.0,2015-11-10,,,2015-11-10T17:10:12
Lateral Raise,2,14,40.0,2015-11-12,,,2015-11-12T18:24:01
Lateral Raise (Dumbbells),2,14,40.0,2015-11-12,,,2015-11-12T18:24:01
Seated Military Press (Dumbbell),3,10,180.0,2015-11-12,,,2015-11-12T18:24:01
Seated Shoulder Press (Dumbbell),3,10,180.0,2015-11-12,,,2015-11-12T18:24:01
Weighted dips,6,10,90.0,2015-11-12,,,2015-11-12T18:24:01
Leg press,3,12,450.0,2015-11-15,,,2015-11-15T11:30:55
Leg press (hinge ),3,12,450.0,2015-11-15,,,2015-11-15T11:30:55
Squat,2,7,185.0,2015-11-15,,,2015-11-15T11:30:55
Squat (Barbell),2,7,185.0,2015-11-15,,,2015-11-15T11:30:55
Bicep Curl (Barbell),2,14,70.0,2015-11-16,,,2015-11-16T18:10:32
Bicep Curl (barbell ),2,14,70.0,2015-11-16,,,2015-11-16T18:10:32
Chin Up,6,9,52.5,2015-11-16,,,2015-11-16T18:10:32
Seated Cable Row (close Grip),3,10,130.0,2015-11-16,,,2015-11-16T18:10:32
Seated Row,3,10,130.0,2015-11-16,,,2015-11-16T18:10:32
T-bar Row,4,10,100.0,2015-11-16,,,2015-11-16T18:10:32
Incline Bench Press,2,8,232.5,2015-11-18,,,2015-11-18T17:33:57
Incline Bench Press (Barbell),2,8,232.5,2015-11-18,,,2015-11-18T17:33:57
Incline Press (Dumbbell),2,11,120.0,2015-11-18,,,2015-11-18T17:33:57
Lateral Raise,3,12,50.0,2015-11-18,,,2015-11-18T17:33:57
Lateral Raise (Dumbbells),3,12,50.0,2015-11-18,,,2015-11-18T17:33:57
Tricep pushdown,4,15,70.0,2015-11-18,,,2015-11-18T17:33:57
Weighted dips,4,12,50.0,2015-11-18,,,2015-11-18T17:33:57
Bicep Curl (Barbell),3,12,80.0,2015-11-21,,,2015-11-21T18:32:29
Bicep Curl (barbell ),3,12,80.0,2015-11-21,,,2015-11-21T18:32:29
Chin Up,8,12,0.0,2015-11-21,,,2015-11-21T18:32:29
Rear delt fly,6,15,115.0,2015-11-21,,,2015-11-21T18:32:29
Seated Cable Row (close Grip),3,12,160.0,2015-11-21,,,2015-11-21T18:32:29
Seated Row,3,12,160.0,2015-11-21,,,2015-11-21T18:32:29
Incline Bench Press,1,10,138.0,2015-11-24,,,2015-11-24T16:45:06
Incline Bench Press (Barbell),1,10,138.0,2015-11-24,,,2015-11-24T16:45:06
Seated Military Press,2,11,135.0,2015-11-24,,,2015-11-24T16:45:06
Seated Military Press (Dumbbell),3,12,180.0,2015-11-24,,,2015-11-24T16:45:06
Seated Shoulder  Press (Barbell),2,11,135.0,2015-11-24,,,2015-11-24T16:45:06
Seated Shoulder Press (Dumbbell),3,12,180.0,2015-11-24,,,2015-11-24T16:45:06
Weighted dips,6,10,90.0,2015-11-24,,,2015-11-24T16:45:06
Squat,3,8,225.0,2015-11-25,,,2015-11-25T18:53:35
Squat (Barbell),3,8,225.0,2015-11-25,,,2015-11-25T18:53:35
Chin Up,6,8,52.5,2015-11-26,,,2015-11-26T11:43:16
Lat Pulldown,2,10,150.0,2015-11-26,,,2015-11-26T11:43:16
Rear delt fly,4,10,120.0,2015-11-26,,,2015-11-26T11:43:16
Seated Cable Row (close Grip),5,10,185.0,2015-11-26,,,2015-11-26T11:43:16
Seated Row,5,10,185.0,2015-11-26,,,2015-11-26T11:43:16
Incline Bench Press,2,8,230.0,2015-11-28,,,2015-11-28T16:28:30
Incline Bench Press (Barbell),2,8,230.0,2015-11-28,,,2015-11-28T16:28:30
Lateral Raise,3,12,50.0,2015-11-28,,,2015-11-28T16:28:30
Lateral Raise (Dumbbells),3,12,50.0,2015-11-28,,,2015-11-28T16:28:30
Tricep Extension,4,10,75.0,2015-11-28,,,2015-11-28T16:28:30
Weighted dips,8,12,0.0,2015-11-28,,,2015-11-28T16:28:30
Bicep Curl (Barbell),2,12,80.0,2015-11-30,,,2015-11-30T14:23:13
Bicep Curl (barbell ),2,12,80.0,2015-11-30,,,2015-11-30T14:23:13
Chin Up,8,12,25.0,2015-11-30,,,2015-11-30T14:23:13
Rear delt fly,6,13,125.0,2015-11-30,,,2015-11-30T14:23:13
Seated Cable Row (close Grip),3,10,175.0,2015-11-30,,,2015-11-30T14:23:13
Seated Row,3,10,175.0,2015-11-30,,,2015-11-30T14:23:13
Incline Bench Press,3,8,235.0,2015-12-02,,,2015-12-02T17:13:03
Incline Bench Press (Barbell),3,8,235.0,2015-12-02,,,2015-12-02T17:13:03
Lateral Raise,2,10,50.0,2015-12-02,,,2015-12-02T17:13:03
Lateral Raise (Dumbbells),2,10,50.0,2015-12-02,,,2015-12-02T17:13:03
Weighted dips,6,10,0.0,2015-12-02,,,2015-12-02T17:13:03
Squat,2,8,225.0,2015-12-02,,,2015-12-02T17:35:51
Squat (Barbell),2,8,225.0,2015-12-02,,,2015-12-02T17:35:51
Bent Over Row (Dumbbell),6,12,150.0,2015-12-04,,,2015-12-04T14:01:58
Bicep Curl (Barbell),3,12,80.0,2015-12-04,,,2015-12-04T14:01:58
Bicep Curl (barbell ),3,12,80.0,2015-12-04,,,2015-12-04T14:01:58
Chin Up,8,12,0.0,2015-12-04,,,2015-12-04T14:01:58
Lat Pulldown,2,9,145.0,2015-12-04,,,2015-12-04T14:01:58
Rear delt fly,6,14,115.0,2015-12-04,,,2015-12-04T14:01:58
Incline Bench Press,3,8,135.0,2015-12-06,,,2015-12-06T10:53:19
Incline Bench Press (Barbell),3,8,135.0,2015-12-06,,,2015-12-06T10:53:19
Seated Military Press,2,10,155.0,2015-12-06,,,2015-12-06T10:53:19
Seated Shoulder  Press (Barbell),2,10,155.0,2015-12-06,,,2015-12-06T10:53:19
Weighted dips,2,10,25.0,2015-12-06,,,2015-12-06T10:53:19
Good Morning,3,10,95.0,2015-12-07,,,2015-12-07T19:37:54
Good Morning (Barbell),3,10,95.0,2015-12-07,,,2015-12-07T19:37:54
Leg press,3,10,500.01,2015-12-07,,,2015-12-07T19:37:54
Leg press (hinge ),3,10,500.01,2015-12-07,,,2015-12-07T19:37:54
Squat,4,6,315.0,2015-12-07,,,2015-12-07T19:37:54
Squat (Barbell),4,6,315.0,2015-12-07,,,2015-12-07T19:37:54
Bicep Curl (Barbell),2,12,80.0,2015-12-09,,,2015-12-09T12:44:47
Bicep Curl (barbell ),2,12,80.0,2015-12-09,,,2015-12-09T12:44:47
Chin Up,6,8,50.0,2015-12-09,,,2015-12-09T12:44:47
Lat Pulldown,6,10,150.0,2015-12-09,,,2015-12-09T12:44:47
Rear delt fly,6,12,125.0,2015-12-09,,,2015-12-09T12:44:47
Seated Cable Row (close Grip),2,10,175.0,2015-12-09,,,2015-12-09T12:44:47
Seated Row,2,10,175.0,2015-12-09,,,2015-12-09T12:44:47
Incline Bench Press,3,8,237.5,2015-12-11,,,2015-12-11T16:21:05
Incline Bench Press (Barbell),3,8,237.5,2015-12-11,,,2015-12-11T16:21:05
Seated Military Press (Dumbbell),2,9,120.0,2015-12-11,,,2015-12-11T16:21:05
Seated Shoulder Press (Dumbbell),2,9,120.0,2015-12-11,,,2015-12-11T16:21:05
Tricep Extension,4,10,80.0,2015-12-11,,,2015-12-11T16:21:05
Leg curl,4,12,115.0,2015-12-12,,,2015-12-12T15:29:38
Squat,3,6,315.0,2015-12-12,,,2015-12-12T15:29:38
Squat (Barbell),3,6,315.0,2015-12-12,,,2015-12-12T15:29:38
Bicep Curl (Barbell),3,12,90.0,2015-12-15,,,2015-12-15T18:28:20
Bicep Curl (barbell ),3,12,90.0,2015-12-15,,,2015-12-15T18:28:20
Chin Up,4,8,52.5,2015-12-15,,,2015-12-15T18:28:20
Rear delt fly,6,15,125.0,2015-12-15,,,2015-12-15T18:28:20
Seated Cable Row (close Grip),3,10,190.0,2015-12-15,,,2015-12-15T18:28:20
Seated Row,3,10,190.0,2015-12-15,,,2015-12-15T18:28:20
Lateral Raise,2,12,50.0,2015-12-16,,,2015-12-16T18:08:00
Lateral Raise (Dumbbells),2,12,50.0,2015-12-16,,,2015-12-16T18:08:00
Seated Military Press (Dumbbell),3,12,180.0,2015-12-16,,,2015-12-16T18:08:00
Seated Shoulder Press (Dumbbell),3,12,180.0,2015-12-16,,,2015-12-16T18:08:00
Weighted dips,6,12,95.0,2015-12-16,,,2015-12-16T18:08:00
Leg curl,6,12,130.0,2015-12-18,,,2015-12-18T17:40:08
Squat,3,8,275.0,2015-12-18,,,2015-12-18T17:40:08
Squat (Barbell),3,8,275.0,2015-12-18,,,2015-12-18T17:40:08
Incline Bench Press,3,8,237.5,2015-12-20,,,2015-12-20T13:46:49
Incline Bench Press (Barbell),3,8,237.5,2015-12-20,,,2015-12-20T13:46:49
Incline Press (Dumbbell),2,10,150.0,2015-12-20,,,2015-12-20T13:46:49
Lateral Raise,2,12,30.0,2015-12-20,,,2015-12-20T13:46:49
Lateral Raise (Dumbbells),2,12,30.0,2015-12-20,,,2015-12-20T13:46:49
Tricep pushdown,6,10,80.0,2015-12-20,,,2015-12-20T13:46:49
Weighted dips,6,10,45.0,2015-12-20,,,2015-12-20T13:46:49
Bent Over Row (Dumbbell),6,10,180.0,2015-12-22,,,2015-12-22T17:22:42
Bicep Curl (Barbell),2,10,95.0,2015-12-22,,,2015-12-22T17:22:42
Bicep Curl (barbell ),2,10,95.0,2015-12-22,,,2015-12-22T17:22:42
Chin Up,6,8,52.5,2015-12-22,,,2015-12-22T17:22:42
Rear delt fly,4,12,130.0,2015-12-22,,,2015-12-22T17:22:42
Seated Cable Row (close Grip),2,12,130.0,2015-12-22,,,2015-12-22T17:22:42
Seated Row,2,12,130.0,2015-12-22,,,2015-12-22T17:22:42
Leg curl,4,10,130.0,2015-12-23,,,2015-12-23T17:53:46
Leg press,2,12,450.0,2015-12-23,,,2015-12-23T17:53:46
Leg press (hinge ),2,12,450.0,2015-12-23,,,2015-12-23T17:53:46
Squat,3,6,315.0,2015-12-23,,,2015-12-23T17:53:46
Squat (Barbell),3,6,315.0,2015-12-23,,,2015-12-23T17:53:46
Incline Bench Press,3,8,235.0,2015-12-24,,,2015-12-24T11:40:14
Incline Bench Press (Barbell),3,8,235.0,2015-12-24,,,2015-12-24T11:40:14
Lateral Raise,2,12,40.0,2015-12-24,,,2015-12-24T11:40:14
Lateral Raise (Dumbbells),2,12,40.0,2015-12-24,,,2015-12-24T11:40:14
Military Press (Standing),1,10,80.0,2015-12-24,,,2015-12-24T11:40:14
Shoulder Press (Standing),1,10,80.0,2015-12-24,,,2015-12-24T11:40:14
Weighted dips,4,12,45.0,2015-12-24,,,2015-12-24T11:40:14
Chin Up,6,8,35.0,2015-12-26,,,2015-12-26T14:34:33
Hammer Curl,1,8,80.0,2015-12-26,,,2015-12-26T14:34:33
Hammer Curl (Dumbbell ),1,8,80.0,2015-12-26,,,2015-12-26T14:34:33
Lat Pulldown,6,12,150.0,2015-12-26,,,2015-12-26T14:34:33
Rear delt fly,6,12,130.0,2015-12-26,,,2015-12-26T14:34:33
Seated Cable Row (close Grip),3,10,160.0,2015-12-26,,,2015-12-26T14:34:33
Seated Row,3,10,160.0,2015-12-26,,,2015-12-26T14:34:33
Deadlift,2,5,275.0,2015-12-27,,,2015-12-27T15:07:20
Deadlift (Barbell),2,5,275.0,2015-12-27,,,2015-12-27T15:07:20
Squat,2,6,275.0,2015-12-27,,,2015-12-27T15:07:20
Squat (Barbell),2,6,275.0,2015-12-27,,,2015-12-27T15:07:20
Lateral Raise,1,12,20.0,2015-12-28,,,2015-12-28T19:05:32
Lateral Raise (Dumbbells),1,12,20.0,2015-12-28,,,2015-12-28T19:05:32
Military Press (Standing),3,10,100.0,2015-12-28,,,2015-12-28T19:05:32
Seated Military Press (Dumbbell),3,12,180.0,2015-12-28,,,2015-12-28T19:05:32
Seated Shoulder Press (Dumbbell),3,12,180.0,2015-12-28,,,2015-12-28T19:05:32
Shoulder Press (Standing),3,10,100.0,2015-12-28,,,2015-12-28T19:05:32
Weighted dips,6,10,100.0,2015-12-28,,,2015-12-28T19:05:32
Bicep Curl (Barbell),3,10,90.0,2015-12-31,,,2015-12-31T17:38:40
Bicep Curl (barbell ),3,10,90.0,2015-12-31,,,2015-12-31T17:38:40
Chin Up,8,10,0.0,2015-12-31,,,2015-12-31T17:38:40
Hammer Curl,2,10,60.0,2015-12-31,,,2015-12-31T17:38:40
Hammer Curl (Dumbbell ),2,10,60.0,2015-12-31,,,2015-12-31T17:38:40
Lat Pulldown,6,12,150.0,2015-12-31,,,2015-12-31T17:38:40
Rear delt fly,6,12,130.0,2015-12-31,,,2015-12-31T17:38:40
Seated Cable Row (close Grip),3,10,175.0,2015-12-31,,,2015-12-31T17:38:40
Seated Row,3,10,175.0,2015-12-31,,,2015-12-31T17:38:40
Squat,4,9,225.0,2016-01-01,,,2016-01-01T08:59:41
Squat (Barbell),4,9,225.0,2016-01-01,,,2016-01-01T08:59:41
Incline Bench Press,3,8,240.0,2016-01-02,,,2016-01-02T13:58:40
Incline Bench Press (Barbell),3,8,240.0,2016-01-02,,,2016-01-02T13:58:40
Lateral Raise,2,12,50.0,2016-01-02,,,2016-01-02T13:58:40
Lateral Raise (Dumbbells),2,12,50.0,2016-01-02,,,2016-01-02T13:58:40
Weighted dips,4,8,90.0,2016-01-02,,,2016-01-02T13:58:40
Incline Bench Press,3,8,245.0,2016-01-06,,,2016-01-06T18:08:52
Incline Bench Press (Barbell),3,8,245.0,2016-01-06,,,2016-01-06T18:08:52
Weighted dips,4,8,115.0,2016-01-06,,,2016-01-06T18:08:52
Chin Up,6,12,0.0,2016-01-06,,,2016-01-06T18:32:40
Hammer Curl,2,12,65.0,2016-01-06,,,2016-01-06T18:32:40
Hammer Curl (Dumbbell ),2,12,65.0,2016-01-06,,,2016-01-06T18:32:40
Hammer back row wide 45 angle,8,10,180.0,2016-01-06,,,2016-01-06T18:32:40
Lat Pulldown,4,8,145.0,2016-01-06,,,2016-01-06T18:32:40
Squat,2,6,185.0,2016-01-08,,,2016-01-08T17:50:44
Squat (Barbell),2,6,185.0,2016-01-08,,,2016-01-08T17:50:44
Lateral Raise,2,10,60.0,2016-01-10,,,2016-01-10T08:03:39
Lateral Raise (Dumbbells),2,10,60.0,2016-01-10,,,2016-01-10T08:03:39
Seated Military Press,2,8,215.0,2016-01-10,,,2016-01-10T08:03:39
Seated Shoulder  Press (Barbell),2,8,215.0,2016-01-10,,,2016-01-10T08:03:39
Weighted dips,6,8,90.0,2016-01-10,,,2016-01-10T08:03:39
Chin Up,8,10,35.0,2016-01-12,,,2016-01-12T19:52:07
Hammer back row wide 45 angle,6,8,210.0,2016-01-12,,,2016-01-12T19:52:07
Squat,3,8,315.0,2016-01-13,,,2016-01-13T21:01:52
Squat (Barbell),3,8,315.0,2016-01-13,,,2016-01-13T21:01:52
Incline Bench Press,2,8,240.0,2016-01-15,,,2016-01-15T20:06:48
Incline Bench Press (Barbell),2,8,240.0,2016-01-15,,,2016-01-15T20:06:48
Seated Military Press,3,10,165.0,2016-01-15,,,2016-01-15T20:06:48
Seated Shoulder  Press (Barbell),3,10,165.0,2016-01-15,,,2016-01-15T20:06:48
Weighted dips,6,11,0.0,2016-01-15,,,2016-01-15T20:06:48
Chin Up,6,8,0.0,2016-01-23,,,2016-01-23T14:20:50
Incline Bench Press,3,8,235.0,2016-01-23,,,2016-01-23T14:20:50
Incline Bench Press (Barbell),3,8,235.0,2016-01-23,,,2016-01-23T14:20:50
Lateral Raise,3,10,50.0,2016-01-23,,,2016-01-23T14:20:50
Lateral Raise (Dumbbells),3,10,50.0,2016-01-23,,,2016-01-23T14:20:50
Weighted dips,8,8,0.0,2016-01-23,,,2016-01-23T14:20:50
Bicep Curl (Barbell),1,12,90.0,2016-01-24,,,2016-01-24T12:18:25
Bicep Curl (barbell ),1,12,90.0,2016-01-24,,,2016-01-24T12:18:25
Chin Up,6,10,50.0,2016-01-24,,,2016-01-24T12:18:25
Rear delt fly,6,15,115.0,2016-01-24,,,2016-01-24T12:18:25
Seated Cable Row (close Grip),3,10,190.0,2016-01-24,,,2016-01-24T12:18:25
Seated Row,3,10,190.0,2016-01-24,,,2016-01-24T12:18:25
Leg curl,2,10,125.0,2016-01-25,,,2016-01-25T20:01:01
Squat,2,6,335.0,2016-01-25,,,2016-01-25T20:01:01
Squat (Barbell),2,6,335.0,2016-01-25,,,2016-01-25T20:01:01
Seated Military Press (Dumbbell),3,11,180.0,2016-01-28,,,2016-01-28T20:17:28
Seated Shoulder Press (Dumbbell),3,11,180.0,2016-01-28,,,2016-01-28T20:17:28
Weighted dips,6,10,100.0,2016-01-28,,,2016-01-28T20:17:28
Chin Up,6,9,52.5,2016-01-30,,,2016-01-30T15:01:17
Hammer lat pulldown,6,10,180.0,2016-01-30,,,2016-01-30T15:01:17
Rear delt fly,4,15,125.0,2016-01-30,,,2016-01-30T15:01:17
Seated Cable Row (close Grip),2,8,190.0,2016-01-30,,,2016-01-30T15:01:17
Seated Row,2,8,190.0,2016-01-30,,,2016-01-30T15:01:17
Deadlift,3,5,345.0,2016-01-31,,,2016-01-31T15:20:03
Deadlift (Barbell),3,5,345.0,2016-01-31,,,2016-01-31T15:20:03
Squat,3,6,185.0,2016-01-31,,,2016-01-31T15:20:03
Squat (Barbell),3,6,185.0,2016-01-31,,,2016-01-31T15:20:03
Incline Bench Press,3,8,240.0,2016-02-01,,,2016-02-01T18:09:30
Incline Bench Press (Barbell),3,8,240.0,2016-02-01,,,2016-02-01T18:09:30
Lateral Raise,1,8,50.0,2016-02-01,,,2016-02-01T18:09:30
Lateral Raise (Dumbbells),1,8,50.0,2016-02-01,,,2016-02-01T18:09:30
Weighted dips,2,8,115.0,2016-02-01,,,2016-02-01T18:09:30
Chin Up,6,12,45.0,2016-02-04,,,2016-02-04T18:37:10
T-bar Row,6,12,115.0,2016-02-04,,,2016-02-04T18:37:10
Incline Bench Press,4,8,240.0,2016-02-05,,,2016-02-05T20:09:54
Incline Bench Press (Barbell),4,8,240.0,2016-02-05,,,2016-02-05T20:09:54
Weighted dips,6,8,0.0,2016-02-05,,,2016-02-05T20:09:54
Bicep Curl (Barbell),2,10,70.0,2016-02-11,,,2016-02-11T13:33:03
Bicep Curl (barbell ),2,10,70.0,2016-02-11,,,2016-02-11T13:33:03
Chin Up,12,10,0.0,2016-02-11,,,2016-02-11T13:33:03
Hammer back row wide 45 angle,4,10,180.0,2016-02-11,,,2016-02-11T13:33:03
Lat Pulldown,6,10,145.0,2016-02-11,,,2016-02-11T13:33:03
Rear delt fly,4,10,115.0,2016-02-11,,,2016-02-11T13:33:03
Incline Bench Press,3,8,225.0,2016-02-11,,,2016-02-11T17:29:56
Incline Bench Press (Barbell),3,8,225.0,2016-02-11,,,2016-02-11T17:29:56
Seated Military Press,2,8,185.0,2016-02-11,,,2016-02-11T17:29:56
Seated Shoulder  Press (Barbell),2,8,185.0,2016-02-11,,,2016-02-11T17:29:56
Bicep Curl (Barbell),3,10,95.0,2016-02-15,,,2016-02-15T15:25:09
Bicep Curl (barbell ),3,10,95.0,2016-02-15,,,2016-02-15T15:25:09
Chin Up,8,11,45.0,2016-02-15,,,2016-02-15T15:25:09
Rear delt fly,6,15,115.0,2016-02-15,,,2016-02-15T15:25:09
Seated Cable Row (close Grip),3,10,190.0,2016-02-15,,,2016-02-15T15:25:09
Seated Row,3,10,190.0,2016-02-15,,,2016-02-15T15:25:09
Squat,4,8,275.0,2016-02-15,,,2016-02-15T18:39:10
Squat (Barbell),4,8,275.0,2016-02-15,,,2016-02-15T18:39:10
Incline Bench Press,3,8,235.0,2016-02-16,,,2016-02-16T18:39:10
Incline Bench Press (Barbell),3,8,235.0,2016-02-16,,,2016-02-16T18:39:10
Weighted dips,6,8,115.0,2016-02-16,,,2016-02-16T18:39:10
Lateral Raise,2,12,50.0,2016-02-23,,,2016-02-23T13:32:12
Lateral Raise (Dumbbells),2,12,50.0,2016-02-23,,,2016-02-23T13:32:12
Seated Military Press,2,8,195.0,2016-02-23,,,2016-02-23T13:32:12
Seated Shoulder  Press (Barbell),2,8,195.0,2016-02-23,,,2016-02-23T13:32:12
Weighted dips,6,10,45.0,2016-02-23,,,2016-02-23T13:32:12
Squat,3,8,315.0,2016-02-23,,,2016-02-23T21:04:09
Squat (Barbell),3,8,315.0,2016-02-23,,,2016-02-23T21:04:09
Incline Bench Press,3,8,235.0,2016-02-28,,,2016-02-28T14:04:22
Incline Bench Press (Barbell),3,8,235.0,2016-02-28,,,2016-02-28T14:04:22
Lateral Raise,3,10,50.0,2016-02-28,,,2016-02-28T14:04:22
Lateral Raise (Dumbbells),3,10,50.0,2016-02-28,,,2016-02-28T14:04:22
Seated Military Press,3,10,175.0,2016-02-28,,,2016-02-28T14:04:22
Seated Shoulder  Press (Barbell),3,10,175.0,2016-02-28,,,2016-02-28T14:04:22
Bicep Curl (Barbell),3,10,95.0,2016-02-28,,,2016-02-28T19:32:44
Bicep Curl (barbell ),3,10,95.0,2016-02-28,,,2016-02-28T19:32:44
Chin Up,4,10,52.5,2016-02-28,,,2016-02-28T19:32:44
Rear delt fly,6,12,130.0,2016-02-28,,,2016-02-28T19:32:44
Seated Cable Row (close Grip),4,12,150.0,2016-02-28,,,2016-02-28T19:32:44
Seated Row,4,12,150.0,2016-02-28,,,2016-02-28T19:32:44
Leg outward fly,6,12,110.0,2016-02-29,,,2016-02-29T19:08:37
Squat,3,8,315.0,2016-02-29,,,2016-02-29T19:08:37
Squat (Barbell),3,8,315.0,2016-02-29,,,2016-02-29T19:08:37
Seated Military Press,2,8,210.0,2016-03-03,,,2016-03-03T12:52:05
Seated Shoulder  Press (Barbell),2,8,210.0,2016-03-03,,,2016-03-03T12:52:05
Weighted dips,4,10,90.0,2016-03-03,,,2016-03-03T12:52:05
Squat,2,6,320.0,2016-03-03,,,2016-03-03T17:39:01
Squat (Barbell),2,6,320.0,2016-03-03,,,2016-03-03T17:39:01
Bicep Curl (Barbell),2,12,95.0,2016-03-05,,,2016-03-05T11:37:57
Bicep Curl (barbell ),2,12,95.0,2016-03-05,,,2016-03-05T11:37:57
Chin Up,6,10,52.5,2016-03-05,,,2016-03-05T11:37:57
Rear delt fly,4,11,115.0,2016-03-05,,,2016-03-05T11:37:57
Seated Cable Row (close Grip),2,11,145.0,2016-03-05,,,2016-03-05T11:37:57
Seated Row,2,11,145.0,2016-03-05,,,2016-03-05T11:37:57
Incline Bench Press,2,6,245.0,2016-03-06,,,2016-03-06T12:25:22
Incline Bench Press (Barbell),2,6,245.0,2016-03-06,,,2016-03-06T12:25:22
Rotator cuff work.,6,12,10.0,2016-03-06,,,2016-03-06T12:25:22
Seated Military Press (Dumbbell),3,10,140.0,2016-03-06,,,2016-03-06T12:25:22
Seated Shoulder Press (Dumbbell),3,10,140.0,2016-03-06,,,2016-03-06T12:25:22
Tricep Extension,4,10,90.0,2016-03-06,,,2016-03-06T12:25:22
Weighted dips,2,8,0.0,2016-03-06,,,2016-03-06T12:25:22
Leg curl,4,12,135.0,2016-03-08,,,2016-03-08T18:32:16
Leg press,3,12,360.0,2016-03-08,,,2016-03-08T18:32:16
Leg press (hinge ),3,12,360.0,2016-03-08,,,2016-03-08T18:32:16
Squat,2,6,185.0,2016-03-08,,,2016-03-08T18:32:16
Squat (Barbell),2,6,185.0,2016-03-08,,,2016-03-08T18:32:16
Chin Up,6,12,55.0,2016-03-10,,,2016-03-10T16:35:14
Rear delt fly,2,12,130.0,2016-03-10,,,2016-03-10T16:35:14
T-bar Row,8,10,115.0,2016-03-10,,,2016-03-10T16:35:14
Lateral Raise,1,12,70.0,2016-03-11,,,2016-03-11T18:08:23
Lateral Raise (Dumbbells),1,12,70.0,2016-03-11,,,2016-03-11T18:08:23
Seated Military Press,2,8,210.0,2016-03-11,,,2016-03-11T18:08:23
Seated Shoulder  Press (Barbell),2,8,210.0,2016-03-11,,,2016-03-11T18:08:23
Weighted dips,8,10,90.0,2016-03-11,,,2016-03-11T18:08:23
Bent Over Row (Dumbbell),6,12,85.0,2016-03-14,,,2016-03-14T17:35:39
Bicep Curl (Barbell),2,8,90.0,2016-03-14,,,2016-03-14T17:35:39
Bicep Curl (barbell ),2,8,90.0,2016-03-14,,,2016-03-14T17:35:39
Chin Up,8,12,0.0,2016-03-14,,,2016-03-14T17:35:39
Hammer back row wide 45 angle,6,8,140.0,2016-03-14,,,2016-03-14T17:35:39
Rear delt fly,4,12,115.0,2016-03-14,,,2016-03-14T17:35:39
Incline Bench Press,2,8,240.0,2016-03-15,,,2016-03-15T19:03:46
Incline Bench Press (Barbell),2,8,240.0,2016-03-15,,,2016-03-15T19:03:46
Seated Military Press,3,8,185.0,2016-03-15,,,2016-03-15T19:03:46
Seated Shoulder  Press (Barbell),3,8,185.0,2016-03-15,,,2016-03-15T19:03:46
Weighted dips,4,15,0.0,2016-03-15,,,2016-03-15T19:03:46
Squat,2,7,275.0,2016-03-17,,,2016-03-17T19:45:00
Squat (Barbell),2,7,275.0,2016-03-17,,,2016-03-17T19:45:00
Leg curl,6,12,95.0,2016-03-18,,,2016-03-18T19:45:00
Bicep Curl (Barbell),2,10,95.0,2016-03-19,,,2016-03-19T15:58:41
Bicep Curl (barbell ),2,10,95.0,2016-03-19,,,2016-03-19T15:58:41
Chin Up,4,8,55.0,2016-03-19,,,2016-03-19T15:58:41
Hammer Curl,2,10,60.0,2016-03-19,,,2016-03-19T15:58:41
Hammer Curl (Dumbbell ),2,10,60.0,2016-03-19,,,2016-03-19T15:58:41
Rear delt fly,4,12,130.0,2016-03-19,,,2016-03-19T15:58:41
Seated Cable Row (close Grip),2,12,130.0,2016-03-19,,,2016-03-19T15:58:41
Seated Row,2,12,130.0,2016-03-19,,,2016-03-19T15:58:41
Shrugs (dumbbell),6,20,60.0,2016-03-19,,,2016-03-19T15:58:41
T-bar Row,4,10,117.5,2016-03-19,,,2016-03-19T15:58:41
Military Press (Standing),2,10,45.0,2016-03-20,,,2016-03-20T10:09:05
Seated Military Press,3,8,215.0,2016-03-20,,,2016-03-20T10:09:05
Seated Shoulder  Press (Barbell),3,8,215.0,2016-03-20,,,2016-03-20T10:09:05
Shoulder Press (Standing),2,10,45.0,2016-03-20,,,2016-03-20T10:09:05
Weighted dips,4,8,115.0,2016-03-20,,,2016-03-20T10:09:05
Good Morning,2,12,85.0,2016-03-21,,,2016-03-21T11:33:11
Good Morning (Barbell),2,12,85.0,2016-03-21,,,2016-03-21T11:33:11
Leg press,3,12,360.0,2016-03-21,,,2016-03-21T11:33:11
Leg press (hinge ),3,12,360.0,2016-03-21,,,2016-03-21T11:33:11
Squat,2,6,320.0,2016-03-21,,,2016-03-21T11:33:11
Squat (Barbell),2,6,320.0,2016-03-21,,,2016-03-21T11:33:11
Chin Up,10,12,0.0,2016-03-23,,,2016-03-23T18:35:22
Incline Bench Press,3,6,240.0,2016-03-25,,,2016-03-25T16:22:01
Incline Bench Press (Barbell),3,6,240.0,2016-03-25,,,2016-03-25T16:22:01
Squat,2,8,305.0,2016-03-28,,,2016-03-28T15:20:15
Squat (Barbell),2,8,305.0,2016-03-28,,,2016-03-28T15:20:15
Chin Up,10,12,0.0,2016-03-30,,,2016-03-30T20:18:42
T-bar Row,6,8,90.0,2016-03-30,,,2016-03-30T20:18:42
Military Press (Standing),2,9,85.0,2016-04-03,,,2016-04-03T13:08:05
Seated Military Press,2,8,220.0,2016-04-03,,,2016-04-03T13:08:05
Seated Shoulder  Press (Barbell),2,8,220.0,2016-04-03,,,2016-04-03T13:08:05
Shoulder Press (Standing),2,9,85.0,2016-04-03,,,2016-04-03T13:08:05
Weighted dips,6,8,90.0,2016-04-03,,,2016-04-03T13:08:05
Bicep Curl (Barbell),3,10,95.0,2016-04-03,,,2016-04-03T17:02:40
Bicep Curl (barbell ),3,10,95.0,2016-04-03,,,2016-04-03T17:02:40
Chin Up,6,8,52.5,2016-04-03,,,2016-04-03T17:02:40
Rear delt fly,6,15,120.0,2016-04-03,,,2016-04-03T17:02:40
Seated Cable Row (close Grip),1,12,145.0,2016-04-03,,,2016-04-03T17:02:40
Seated Row,1,12,145.0,2016-04-03,,,2016-04-03T17:02:40
T-bar Row,4,10,125.0,2016-04-03,,,2016-04-03T17:02:40
Good Morning,2,11,105.0,2016-04-05,,,2016-04-05T18:38:00
Good Morning (Barbell),2,11,105.0,2016-04-05,,,2016-04-05T18:38:00
Leg outward fly,6,12,110.0,2016-04-05,,,2016-04-05T18:38:00
Squat,2,6,315.0,2016-04-05,,,2016-04-05T18:38:00
Squat (Barbell),2,6,315.0,2016-04-05,,,2016-04-05T18:38:00
Incline Bench Press,3,7,240.0,2016-04-07,,,2016-04-07T19:04:52
Incline Bench Press (Barbell),3,7,240.0,2016-04-07,,,2016-04-07T19:04:52
Lateral Raise,2,14,60.0,2016-04-07,,,2016-04-07T19:04:52
Lateral Raise (Dumbbells),2,14,60.0,2016-04-07,,,2016-04-07T19:04:52
Seated Military Press,3,10,165.0,2016-04-07,,,2016-04-07T19:04:52
Seated Shoulder  Press (Barbell),3,10,165.0,2016-04-07,,,2016-04-07T19:04:52
Tricep Extension,2,8,80.0,2016-04-07,,,2016-04-07T19:04:52
Weighted dips,4,10,45.0,2016-04-07,,,2016-04-07T19:04:52
Bicep Curl (Barbell),2,8,100.0,2016-04-08,,,2016-04-08T20:11:24
Bicep Curl (barbell ),2,8,100.0,2016-04-08,,,2016-04-08T20:11:24
Chin Up,6,10,55.0,2016-04-08,,,2016-04-08T20:11:24
Rear delt fly,6,12,125.0,2016-04-08,,,2016-04-08T20:11:24
Seated Cable Row (close Grip),4,12,145.0,2016-04-08,,,2016-04-08T20:11:24
Seated Row,4,12,145.0,2016-04-08,,,2016-04-08T20:11:24
Squat,2,6,315.0,2016-04-10,,,2016-04-10T14:11:29
Squat (Barbell),2,6,315.0,2016-04-10,,,2016-04-10T14:11:29
Lateral Raise,1,10,40.0,2016-04-12,,,2016-04-12T17:30:32
Lateral Raise (Dumbbells),1,10,40.0,2016-04-12,,,2016-04-12T17:30:32
Seated Military Press,3,8,220.0,2016-04-12,,,2016-04-12T17:30:32
Seated Shoulder  Press (Barbell),3,8,220.0,2016-04-12,,,2016-04-12T17:30:32
Weighted dips,6,9,100.0,2016-04-12,,,2016-04-12T17:30:32
Bicep Curl (Barbell),2,9,100.0,2016-04-14,,,2016-04-14T17:47:15
Bicep Curl (barbell ),2,9,100.0,2016-04-14,,,2016-04-14T17:47:15
Chin Up,6,10,55.0,2016-04-14,,,2016-04-14T17:47:15
Hammer seated row,2,10,140.0,2016-04-14,,,2016-04-14T17:47:15
Hammer seated row (CLOSE GRIP),2,10,140.0,2016-04-14,,,2016-04-14T17:47:15
Rear delt fly,6,15,125.0,2016-04-14,,,2016-04-14T17:47:15
Chin Up,6,10,55.0,2016-04-21,,,2016-04-21T18:48:19
Hammer seated row,4,12,150.0,2016-04-21,,,2016-04-21T18:48:19
Hammer seated row (CLOSE GRIP),4,12,150.0,2016-04-21,,,2016-04-21T18:48:19
Seated Military Press,4,6,205.0,2016-04-22,,,2016-04-22T19:39:02
Seated Shoulder  Press (Barbell),4,6,205.0,2016-04-22,,,2016-04-22T19:39:02
Weighted dips,6,12,90.0,2016-04-22,,,2016-04-22T19:39:02
Good Morning,3,10,115.0,2016-04-23,,,2016-04-23T19:51:23
Good Morning (Barbell),3,10,115.0,2016-04-23,,,2016-04-23T19:51:23
Squat,3,8,225.0,2016-04-23,,,2016-04-23T19:51:23
Squat (Barbell),3,8,225.0,2016-04-23,,,2016-04-23T19:51:23
Bicep Curl (Barbell),4,12,85.0,2016-04-26,,,2016-04-26T22:29:37
Bicep Curl (barbell ),4,12,85.0,2016-04-26,,,2016-04-26T22:29:37
Chin Up,8,15,0.0,2016-04-26,,,2016-04-26T22:29:37
Hammer seated row,4,12,160.0,2016-04-26,,,2016-04-26T22:29:37
Hammer seated row (CLOSE GRIP),4,12,160.0,2016-04-26,,,2016-04-26T22:29:37
Rear delt fly,6,12,130.0,2016-04-26,,,2016-04-26T22:29:37
Incline Bench Press,3,8,235.0,2016-04-27,,,2016-04-27T18:13:30
Incline Bench Press (Barbell),3,8,235.0,2016-04-27,,,2016-04-27T18:13:30
Seated Military Press,2,10,175.0,2016-04-27,,,2016-04-27T18:13:30
Seated Shoulder  Press (Barbell),2,10,175.0,2016-04-27,,,2016-04-27T18:13:30
Tricep pushdown,6,15,130.0,2016-04-27,,,2016-04-27T18:13:30
Weighted dips,6,10,0.0,2016-04-27,,,2016-04-27T18:13:30
Good Morning,2,10,120.0,2016-04-29,,,2016-04-29T19:33:54
Good Morning (Barbell),2,10,120.0,2016-04-29,,,2016-04-29T19:33:54
Leg press,2,10,410.0,2016-04-29,,,2016-04-29T19:33:54
Leg press (hinge ),2,10,410.0,2016-04-29,,,2016-04-29T19:33:54
Squat,2,8,245.0,2016-04-29,,,2016-04-29T19:33:54
Squat (Barbell),2,8,245.0,2016-04-29,,,2016-04-29T19:33:54
Bicep Curl (Barbell),3,10,95.0,2016-04-30,,,2016-04-30T18:42:16
Bicep Curl (barbell ),3,10,95.0,2016-04-30,,,2016-04-30T18:42:16
Chin Up,6,8,57.5,2016-04-30,,,2016-04-30T18:42:16
Hammer seated row,2,10,165.0,2016-04-30,,,2016-04-30T18:42:16
Hammer seated row (CLOSE GRIP),2,10,165.0,2016-04-30,,,2016-04-30T18:42:16
Rear delt fly,4,12,130.0,2016-04-30,,,2016-04-30T18:42:16
Incline Bench Press,3,8,225.0,2016-05-01,,,2016-05-01T15:43:54
Incline Bench Press (Barbell),3,8,225.0,2016-05-01,,,2016-05-01T15:43:54
Seated Military Press,2,8,185.0,2016-05-01,,,2016-05-01T15:43:54
Seated Shoulder  Press (Barbell),2,8,185.0,2016-05-01,,,2016-05-01T15:43:54
Chin Up,6,12,0.0,2016-05-05,,,2016-05-05T18:43:48
Hammer Curl,2,14,70.0,2016-05-05,,,2016-05-05T18:43:48
Hammer Curl (Dumbbell ),2,14,70.0,2016-05-05,,,2016-05-05T18:43:48
Pull Up,4,10,0.0,2016-05-05,,,2016-05-05T18:43:48
Rear delt fly,4,15,130.0,2016-05-05,,,2016-05-05T18:43:48
Seated Cable Row (close Grip),3,15,130.0,2016-05-05,,,2016-05-05T18:43:48
Seated Row,3,15,130.0,2016-05-05,,,2016-05-05T18:43:48
Good Morning,2,8,120.0,2016-05-06,,,2016-05-06T18:56:50
Good Morning (Barbell),2,8,120.0,2016-05-06,,,2016-05-06T18:56:50
Squat,2,8,250.0,2016-05-06,,,2016-05-06T18:56:50
Squat (Barbell),2,8,250.0,2016-05-06,,,2016-05-06T18:56:50
Incline Bench Press,3,10,185.0,2016-05-10,,,2016-05-10T20:54:16
Incline Bench Press (Barbell),3,10,185.0,2016-05-10,,,2016-05-10T20:54:16
Seated Military Press,2,10,155.0,2016-05-10,,,2016-05-10T20:54:16
Seated Shoulder  Press (Barbell),2,10,155.0,2016-05-10,,,2016-05-10T20:54:16
Weighted dips,2,8,45.0,2016-05-10,,,2016-05-10T20:54:16
Chin Up,10,12,0.0,2016-05-11,,,2016-05-11T17:15:39
Hammer seated row,4,12,145.0,2016-05-11,,,2016-05-11T17:15:39
Hammer seated row (CLOSE GRIP),4,12,145.0,2016-05-11,,,2016-05-11T17:15:39
Seated Military Press,3,6,135.0,2016-05-15,,,2016-05-15T16:48:18
Seated Shoulder  Press (Barbell),3,6,135.0,2016-05-15,,,2016-05-15T16:48:18
Weighted dips,8,12,45.0,2016-05-15,,,2016-05-15T16:48:18
Glute extension.,2,12,130.0,2016-05-18,,,2016-05-18T18:06:17
Leg outward fly,2,10,130.0,2016-05-18,,,2016-05-18T18:06:17
Squat,2,8,265.0,2016-05-18,,,2016-05-18T18:06:17
Squat (Barbell),2,8,265.0,2016-05-18,,,2016-05-18T18:06:17
Incline Bench Press,3,5,245.0,2016-05-20,,,2016-05-20T18:42:16
Incline Bench Press (Barbell),3,5,245.0,2016-05-20,,,2016-05-20T18:42:16
Seated Military Press,2,8,165.0,2016-05-20,,,2016-05-20T18:42:16
Seated Shoulder  Press (Barbell),2,8,165.0,2016-05-20,,,2016-05-20T18:42:16
Weighted dips,4,10,0.0,2016-05-20,,,2016-05-20T18:42:16
Bicep Curl (Barbell),3,12,95.0,2016-05-21,,,2016-05-21T14:44:18
Bicep Curl (barbell ),3,12,95.0,2016-05-21,,,2016-05-21T14:44:18
Chin Up,6,10,55.0,2016-05-21,,,2016-05-21T14:44:18
Hammer seated row,2,12,130.0,2016-05-21,,,2016-05-21T14:44:18
Hammer seated row (CLOSE GRIP),2,12,130.0,2016-05-21,,,2016-05-21T14:44:18
Lat Pulldown,4,12,150.0,2016-05-21,,,2016-05-21T14:44:18
Seated Military Press,3,8,185.0,2016-06-02,,,2016-06-02T19:23:06
Seated Shoulder  Press (Barbell),3,8,185.0,2016-06-02,,,2016-06-02T19:23:06
Weighted dips,2,8,70.0,2016-06-02,,,2016-06-02T19:23:06
Incline Bench Press,3,8,225.0,2016-06-06,,,2016-06-06T20:41:36
Incline Bench Press (Barbell),3,8,225.0,2016-06-06,,,2016-06-06T20:41:36
Seated Military Press,2,8,155.0,2016-06-06,,,2016-06-06T20:41:36
Seated Shoulder  Press (Barbell),2,8,155.0,2016-06-06,,,2016-06-06T20:41:36
Weighted dips,4,10,0.0,2016-06-06,,,2016-06-06T20:41:36
Bicep Curl (Barbell),2,10,95.0,2016-06-07,,,2016-06-07T14:02:59
Bicep Curl (barbell ),2,10,95.0,2016-06-07,,,2016-06-07T14:02:59
Chin Up,8,8,45.0,2016-06-07,,,2016-06-07T14:02:59
Hammer seated row,3,10,145.0,2016-06-07,,,2016-06-07T14:02:59
Hammer seated row (CLOSE GRIP),3,10,145.0,2016-06-07,,,2016-06-07T14:02:59
Rear delt fly,6,12,130.0,2016-06-07,,,2016-06-07T14:02:59
Chin Up,4,8,35.0,2016-06-11,,,2016-06-11T18:49:41
Seated Cable Row (close Grip),4,9,175.0,2016-06-11,,,2016-06-11T18:49:41
Seated Row,4,9,175.0,2016-06-11,,,2016-06-11T18:49:41
Leg press,4,12,360.0,2016-06-12,,,2016-06-12T13:30:36
Leg press (hinge ),4,12,360.0,2016-06-12,,,2016-06-12T13:30:36
Squat,2,8,235.0,2016-06-12,,,2016-06-12T13:30:36
Squat (Barbell),2,8,235.0,2016-06-12,,,2016-06-12T13:30:36
Seated Military Press,2,8,185.0,2016-06-15,,,2016-06-15T06:04:11
Seated Shoulder  Press (Barbell),2,8,185.0,2016-06-15,,,2016-06-15T06:04:11
Weighted dips,4,8,90.0,2016-06-15,,,2016-06-15T06:04:11
Chin Up,8,8,35.0,2016-06-18,,,2016-06-18T12:39:27
Rear delt fly,8,15,135.0,2016-06-18,,,2016-06-18T12:39:27
Seated Cable Row (close Grip),4,10,150.0,2016-06-18,,,2016-06-18T12:39:27
Seated Row,4,10,150.0,2016-06-18,,,2016-06-18T12:39:27
Squat,2,8,225.0,2016-06-19,,,2016-06-19T12:39:27
Squat (Barbell),2,8,225.0,2016-06-19,,,2016-06-19T12:39:27
Seated Military Press,2,8,195.0,2016-06-20,,,2016-06-20T17:06:00
Seated Shoulder  Press (Barbell),2,8,195.0,2016-06-20,,,2016-06-20T17:06:00
Weighted dips,4,12,45.0,2016-06-20,,,2016-06-20T17:06:00
Chin Up,8,8,45.0,2016-06-24,,,2016-06-24T18:24:09
Hammer Curl,3,15,70.0,2016-06-24,,,2016-06-24T18:24:09
Hammer Curl (Dumbbell ),3,15,70.0,2016-06-24,,,2016-06-24T18:24:09
Rear delt fly,6,8,135.0,2016-06-24,,,2016-06-24T18:24:09
Seated Cable Row (close Grip),3,12,160.0,2016-06-24,,,2016-06-24T18:24:09
Seated Row,3,12,160.0,2016-06-24,,,2016-06-24T18:24:09
Hammer shoulder press,6,10,140.0,2016-06-25,,,2016-06-25T16:55:10
Incline Bench Press,3,8,225.0,2016-06-25,,,2016-06-25T16:55:10
Incline Bench Press (Barbell),3,8,225.0,2016-06-25,,,2016-06-25T16:55:10
Tricep pushdown,4,15,120.0,2016-06-25,,,2016-06-25T16:55:10
Squat,2,8,265.0,2016-06-26,,,2016-06-26T14:01:34
Squat (Barbell),2,8,265.0,2016-06-26,,,2016-06-26T14:01:34
Incline Bench Press,3,8,225.0,2016-06-30,,,2016-06-30T22:07:32
Incline Bench Press (Barbell),3,8,225.0,2016-06-30,,,2016-06-30T22:07:32
Seated Military Press,2,8,165.0,2016-06-30,,,2016-06-30T22:07:32
Seated Shoulder  Press (Barbell),2,8,165.0,2016-06-30,,,2016-06-30T22:07:32
Weighted dips,6,10,45.0,2016-06-30,,,2016-06-30T22:07:32
Bicep Curl (Barbell),2,10,95.0,2016-07-17,,,2016-07-17T17:21:08
Chin Up,5,8,35.0,2016-07-17,,,2016-07-17T17:21:08
Hammer Curl (Dumbbell ),1,10,80.0,2016-07-17,,,2016-07-17T17:21:08
Lat Pulldown,2,10,165.0,2016-07-17,,,2016-07-17T17:21:08
Rear delt fly,3,15,135.0,2016-07-17,,,2016-07-17T17:21:08
T-bar Row,2,10,120.0,2016-07-17,,,2016-07-17T17:21:08
Incline Bench Press (Barbell),3,8,225.0,2016-07-30,,,2016-07-30T14:46:46
Overhead Press (Dumbbell),3,10,120.0,2016-07-30,,,2016-07-30T14:46:46
Weighted dips,1,12,0.0,2016-07-30,,,2016-07-30T14:46:46
Squat (Barbell),3,8,225.0,2016-07-31,,,2016-07-31T17:39:34
Bicep Curl (Barbell),3,10,95.0,2016-08-04,,,2016-08-04T19:23:57
Chin Up,6,10,37.5,2016-08-04,,,2016-08-04T19:23:57
Hammer Curl (Dumbbell ),2,12,60.0,2016-08-04,,,2016-08-04T19:23:57
Rear delt fly,3,12,140.0,2016-08-04,,,2016-08-04T19:23:57
Seated Cable Row (close Grip),3,10,160.0,2016-08-04,,,2016-08-04T19:23:57
Deadlift (Barbell),2,6,275.0,2016-08-05,,,2016-08-05T21:52:25
Squat (Barbell),2,8,255.0,2016-08-05,,,2016-08-05T21:52:25
Incline Bench Press (Barbell),3,8,225.0,2016-08-07,,,2016-08-07T14:21:23
Overhead Press (Barbell),2,10,155.0,2016-08-07,,,2016-08-07T14:21:23
Shoulder Press (Standing),1,8,95.0,2016-08-07,,,2016-08-07T14:21:23
Chin Up,4,10,35.0,2016-08-09,,,2016-08-09T18:10:05
Seated Cable Row (close Grip),3,10,160.0,2016-08-09,,,2016-08-09T18:10:05
Seated Shoulder  Press (Barbell),2,8,205.0,2016-08-13,,,2016-08-13T16:01:20
Shoulder Press (Standing),2,8,80.0,2016-08-13,,,2016-08-13T16:01:20
Weighted dips,3,8,90.0,2016-08-13,,,2016-08-13T16:01:20
Deadlift (Barbell),3,5,275.0,2016-08-13,,,2016-08-13T19:27:54
Squat (Barbell),3,5,280.0,2016-08-13,,,2016-08-13T19:27:54
Chin Up,5,8,45.0,2016-08-15,,,2016-08-15T19:30:15
Rear delt fly,3,10,145.0,2016-08-15,,,2016-08-15T19:30:15
Seated Cable Row (close Grip),3,8,175.0,2016-08-15,,,2016-08-15T19:30:15
Deadlift (Barbell),2,6,285.0,2016-08-19,,,2016-08-19T17:32:28
Leg press (hinge ),3,10,450.0,2016-08-19,,,2016-08-19T17:32:28
Squat (Barbell),3,8,285.0,2016-08-19,,,2016-08-19T17:32:28
Bicep Curl (Barbell),2,11,95.0,2016-08-20,,,2016-08-20T19:18:20
Chin Up,4,8,50.0,2016-08-20,,,2016-08-20T19:18:20
Pull Up,2,8,25.0,2016-08-20,,,2016-08-20T19:18:20
Rear delt fly,1,12,145.0,2016-08-20,,,2016-08-20T19:18:20
T-bar Row,3,8,125.0,2016-08-20,,,2016-08-20T19:18:20
Seated Shoulder  Press (Barbell),2,10,185.0,2016-08-22,,,2016-08-22T12:49:10
Weighted dips,3,8,90.0,2016-08-22,,,2016-08-22T12:49:10
Deadlift (Barbell),3,6,300.0,2016-08-24,,,2016-08-24T21:08:23
Leg press (hinge ),3,10,450.0,2016-08-24,,,2016-08-24T21:08:23
Squat (Barbell),3,5,315.0,2016-08-24,,,2016-08-24T21:08:23
Bicep Curl (Barbell),3,12,75.0,2016-08-25,,,2016-08-25T22:09:45
Chin Up,3,9,50.0,2016-08-25,,,2016-08-25T22:09:45
Hammer Curl (Dumbbell ),1,12,70.0,2016-08-25,,,2016-08-25T22:09:45
Pull Up,2,8,50.0,2016-08-25,,,2016-08-25T22:09:45
Seated Cable Row (close Grip),1,12,155.0,2016-08-25,,,2016-08-25T22:09:45
T-bar Row,3,10,127.5,2016-08-25,,,2016-08-25T22:09:45
Bench Press (Barbell),2,5,185.0,2016-08-26,,,2016-08-26T17:05:57
Hammer Decline Chest Press,2,10,190.0,2016-08-26,,,2016-08-26T17:05:57
Hammer shoulder press,2,10,140.0,2016-08-26,,,2016-08-26T17:05:57
Incline Bench Press (Barbell),3,5,135.0,2016-08-26,,,2016-08-26T17:05:57
Overhead Press (Barbell),3,8,185.0,2016-08-26,,,2016-08-26T17:05:57
Tricep pushdown,4,12,65.0,2016-08-26,,,2016-08-26T17:05:57
Deadlift (Barbell),2,6,315.0,2016-08-28,,,2016-08-28T17:39:36
Leg press (hinge ),3,10,450.0,2016-08-28,,,2016-08-28T17:39:36
Squat (Barbell),3,6,315.0,2016-08-28,,,2016-08-28T17:39:36
Incline Press (Dumbbell),3,10,120.0,2016-08-30,,,2016-08-30T20:43:40
Seated Shoulder  Press (Barbell),3,8,215.0,2016-08-30,,,2016-08-30T20:43:40
Weighted dips,3,9,90.0,2016-08-30,,,2016-08-30T20:43:40
Bicep Curl (Barbell),1,9,100.0,2016-08-31,,,2016-08-31T14:10:02
Chin Up,3,9,52.5,2016-08-31,,,2016-08-31T14:10:02
Hammer seated row (CLOSE GRIP),3,10,130.0,2016-08-31,,,2016-08-31T14:10:02
Pull Up,3,10,27.5,2016-08-31,,,2016-08-31T14:10:02
Rear delt fly,2,12,135.0,2016-08-31,,,2016-08-31T14:10:02
T-bar Row,3,9,135.0,2016-08-31,,,2016-08-31T14:10:02
Front Squat (Barbell),1,5,175.0,2016-09-02,,,2016-09-02T04:51:09
Leg curl,3,10,135.0,2016-09-02,,,2016-09-02T04:51:09
Leg press (hinge ),4,12,450.0,2016-09-02,,,2016-09-02T04:51:09
Squat (Barbell),3,6,320.0,2016-09-02,,,2016-09-02T04:51:09
Incline Bench Press (Barbell),2,7,135.0,2016-09-03,,,2016-09-03T10:36:20
Lateral Raise (Dumbbell),3,15,40.0,2016-09-03,,,2016-09-03T10:36:20
Overhead Press (Dumbbell),3,12,40.0,2016-09-03,,,2016-09-03T10:36:20
Tricep pushdown,3,15,60.0,2016-09-03,,,2016-09-03T10:36:20
Weighted dips,3,8,100.0,2016-09-03,,,2016-09-03T10:36:20
Bent Over Row (Dumbbell),3,10,190.0,2016-09-04,,,2016-09-04T16:24:32
Chin Up,4,9,55.0,2016-09-04,,,2016-09-04T16:24:32
Hammer Curl (Dumbbell ),4,7,50.0,2016-09-04,,,2016-09-04T16:24:32
Lat Pulldown,2,10,135.0,2016-09-04,,,2016-09-04T16:24:32
Pull Up,2,10,30.0,2016-09-04,,,2016-09-04T16:24:32
T-bar Row,2,12,100.0,2016-09-04,,,2016-09-04T16:24:32
Deadlift (Barbell),3,5,325.0,2016-09-06,,,2016-09-06T19:56:20
Leg Extension (Machine),2,15,135.0,2016-09-06,,,2016-09-06T19:56:20
Leg curl,3,10,125.0,2016-09-06,,,2016-09-06T19:56:20
Leg press (hinge ),2,15,470.0,2016-09-06,,,2016-09-06T19:56:20
Squat (Barbell),2,6,330.0,2016-09-06,,,2016-09-06T19:56:20
Seated Shoulder  Press (Barbell),2,8,205.0,2016-09-07,,,2016-09-07T15:59:06
Seated Shoulder Press (Dumbbell),2,12,60.0,2016-09-07,,,2016-09-07T15:59:06
Weighted dips,2,9,90.0,2016-09-07,,,2016-09-07T15:59:06
Bicep Curl (Barbell),2,12,75.0,2016-09-09,,,2016-09-09T14:22:08
Chin Up,3,10,55.0,2016-09-09,,,2016-09-09T14:22:08
Lat Pulldown,2,10,135.0,2016-09-09,,,2016-09-09T14:22:08
Pull Up,2,10,35.0,2016-09-09,,,2016-09-09T14:22:08
Rear delt fly,3,15,130.0,2016-09-09,,,2016-09-09T14:22:08
Seated Cable Row (close Grip),2,8,175.0,2016-09-09,,,2016-09-09T14:22:08
T-bar Row,2,10,137.5,2016-09-09,,,2016-09-09T14:22:08
Leg outward fly,3,12,110.0,2016-09-10,,,2016-09-10T14:22:28
Leg press (hinge ),3,12,475.0,2016-09-10,,,2016-09-10T14:22:28
Squat (Barbell),2,8,320.0,2016-09-10,,,2016-09-10T14:22:28
Incline Press (Dumbbell),2,12,140.0,2016-09-11,,,2016-09-11T11:50:14
Lateral Raise (Dumbbells),2,10,50.0,2016-09-11,,,2016-09-11T11:50:14
Overhead Press (Dumbbell),1,10,60.0,2016-09-11,,,2016-09-11T11:50:14
Seated Shoulder  Press (Barbell),1,8,225.0,2016-09-11,,,2016-09-11T11:50:14
Weighted dips,3,9,105.0,2016-09-11,,,2016-09-11T11:50:14
Bicep Curl (Barbell),3,10,95.0,2016-09-13,,,2016-09-13T06:51:12
Chin Up,4,10,50.0,2016-09-13,,,2016-09-13T06:51:12
Hammer seated row (CLOSE GRIP),2,10,165.0,2016-09-13,,,2016-09-13T06:51:12
Lat Pulldown,1,10,140.0,2016-09-13,,,2016-09-13T06:51:12
Pull Up,1,11,25.0,2016-09-13,,,2016-09-13T06:51:12
Rear delt fly,3,15,130.0,2016-09-13,,,2016-09-13T06:51:12
T-bar Row,2,10,137.5,2016-09-13,,,2016-09-13T06:51:12
Deadlift (Barbell),1,5,350.0,2016-09-14,,,2016-09-14T15:21:27
Good Morning (Barbell),2,10,100.0,2016-09-14,,,2016-09-14T15:21:27
Leg outward fly,2,12,120.0,2016-09-14,,,2016-09-14T15:21:27
Squat (Barbell),2,5,225.0,2016-09-14,,,2016-09-14T15:21:27
Incline Bench Press (Barbell),2,8,225.0,2016-09-15,,,2016-09-15T18:46:12
Incline Press (Dumbbell),2,9,180.0,2016-09-15,,,2016-09-15T18:46:12
Landmine Press,3,8,105.0,2016-09-15,,,2016-09-15T18:46:12
Lateral Raise (Dumbbells),1,15,50.0,2016-09-15,,,2016-09-15T18:46:12
Tricep Extension,1,12,75.0,2016-09-15,,,2016-09-15T18:46:12
Bicep Curl (Barbell),3,10,97.5,2016-09-18,,,2016-09-18T13:42:54
Bicep Curl (Dumbbell),2,14,40.0,2016-09-18,,,2016-09-18T13:42:54
Chin Up,5,8,57.5,2016-09-18,,,2016-09-18T13:42:54
Hammer seated row (CLOSE GRIP),3,12,125.0,2016-09-18,,,2016-09-18T13:42:54
Pull Up,1,7,0.0,2016-09-18,,,2016-09-18T13:42:54
Rear delt fly,3,15,130.0,2016-09-18,,,2016-09-18T13:42:54
T-bar Row,4,8,125.0,2016-09-18,,,2016-09-18T13:42:54
Good Morning (Barbell),3,10,100.0,2016-09-19,,,2016-09-19T17:41:11
Leg curl,2,12,140.0,2016-09-19,,,2016-09-19T17:41:11
Leg press (hinge ),3,11,500.0,2016-09-19,,,2016-09-19T17:41:11
Squat (Barbell),4,5,265.0,2016-09-19,,,2016-09-19T17:41:11
Lateral Raise (Dumbbells),2,15,40.0,2016-09-20,,,2016-09-20T14:53:34
Seated Shoulder  Press (Barbell),2,6,135.0,2016-09-20,,,2016-09-20T14:53:34
Weighted dips,3,8,107.5,2016-09-20,,,2016-09-20T14:53:34
Chin Up,3,9,60.0,2016-09-22,,,2016-09-22T16:51:04
Hammer Curl (Dumbbell ),3,12,50.0,2016-09-22,,,2016-09-22T16:51:04
Lat Pulldown,2,12,155.0,2016-09-22,,,2016-09-22T16:51:04
Pull Up,1,9,35.0,2016-09-22,,,2016-09-22T16:51:04
Rear delt fly,3,12,135.0,2016-09-22,,,2016-09-22T16:51:04
Good Morning (Barbell),2,11,95.0,2016-09-23,,,2016-09-23T22:01:35
Leg curl,3,12,140.0,2016-09-23,,,2016-09-23T22:01:35
Leg outward fly,4,13,120.0,2016-09-23,,,2016-09-23T22:01:35
Leg press (hinge ),2,12,505.0,2016-09-23,,,2016-09-23T22:01:35
Squat (Barbell),4,6,320.0,2016-09-23,,,2016-09-23T22:01:35
Incline Bench Press (Barbell),2,8,227.5,2016-09-24,,,2016-09-24T17:16:20
Incline Press (Dumbbell),2,10,170.0,2016-09-24,,,2016-09-24T17:16:20
Landmine Press,2,10,115.0,2016-09-24,,,2016-09-24T17:16:20
Lateral Raise (Dumbbells),2,18,24.0,2016-09-24,,,2016-09-24T17:16:20
Overhead Press (Dumbbell),1,12,120.0,2016-09-24,,,2016-09-24T17:16:20
Tricep Extension,2,12,85.0,2016-09-24,,,2016-09-24T17:16:20
Bicep Curl (Barbell),2,10,100.0,2016-09-26,,,2016-09-26T17:12:59
Bicep Curl (Dumbbell),2,12,50.0,2016-09-26,,,2016-09-26T17:12:59
Chin Up,2,8,62.5,2016-09-26,,,2016-09-26T17:12:59
Hammer Curl (Dumbbell ),1,10,50.0,2016-09-26,,,2016-09-26T17:12:59
Hammer seated row (CLOSE GRIP),3,12,160.0,2016-09-26,,,2016-09-26T17:12:59
Pull Up,1,10,0.0,2016-09-26,,,2016-09-26T17:12:59
Rear delt fly,2,13,135.0,2016-09-26,,,2016-09-26T17:12:59
T-bar Row,3,10,135.0,2016-09-26,,,2016-09-26T17:12:59
Lateral Raise (Dumbbells),2,14,30.0,2016-09-28,,,2016-09-28T15:33:16
Seated Shoulder  Press (Barbell),4,5,135.0,2016-09-28,,,2016-09-28T15:33:16
Seated Shoulder Press (Dumbbell),3,10,100.0,2016-09-28,,,2016-09-28T15:33:16
Weighted dips,4,10,110.0,2016-09-28,,,2016-09-28T15:33:16
Leg press (hinge ),2,12,510.0,2016-09-29,,,2016-09-29T21:58:16
Squat (Barbell),4,6,325.0,2016-09-29,,,2016-09-29T21:58:16
Bent Over Row (Dumbbell),3,10,160.0,2016-09-30,,,2016-09-30T21:54:37
Bicep Curl (Barbell),3,10,100.0,2016-09-30,,,2016-09-30T21:54:37
Bicep Curl (Dumbbell),1,16,40.0,2016-09-30,,,2016-09-30T21:54:37
Chin Up,3,8,65.0,2016-09-30,,,2016-09-30T21:54:37
Hammer seated row (CLOSE GRIP),3,12,160.0,2016-09-30,,,2016-09-30T21:54:37
Incline Bench Press (Barbell),3,8,230.0,2016-10-02,,,2016-10-02T19:03:54
Incline Press (Dumbbell),3,11,180.0,2016-10-02,,,2016-10-02T19:03:54
Weighted dips,2,11,0.0,2016-10-02,,,2016-10-02T19:03:54
Leg curl,2,10,140.0,2016-10-04,,,2016-10-04T11:11:42
Leg press (hinge ),2,12,520.0,2016-10-04,,,2016-10-04T11:11:42
Squat (Barbell),3,5,185.0,2016-10-04,,,2016-10-04T11:11:42
Bicep Curl (Barbell),3,10,100.0,2016-10-06,,,2016-10-06T17:41:20
Chin Up,3,8,70.0,2016-10-06,,,2016-10-06T17:41:20
Hammer Curl (Dumbbell ),2,12,50.0,2016-10-06,,,2016-10-06T17:41:20
Hammer seated row (CLOSE GRIP),1,12,145.0,2016-10-06,,,2016-10-06T17:41:20
Rear delt fly,3,12,145.0,2016-10-06,,,2016-10-06T17:41:20
Seated Cable Row (close Grip),2,10,190.0,2016-10-06,,,2016-10-06T17:41:20
Seated Shoulder  Press (Barbell),3,8,225.0,2016-10-07,,,2016-10-07T14:32:11
Shoulder Press (Standing),2,8,105.0,2016-10-07,,,2016-10-07T14:32:11
Weighted dips,3,8,125.0,2016-10-07,,,2016-10-07T14:32:11
Leg curl,3,12,145.0,2016-10-09,,,2016-10-09T17:05:27
Leg outward fly,3,12,120.0,2016-10-09,,,2016-10-09T17:05:27
Leg press (hinge ),3,11,550.0,2016-10-09,,,2016-10-09T17:05:27
Squat (Barbell),2,6,225.0,2016-10-09,,,2016-10-09T17:05:27
Bicep Curl (Barbell),2,12,75.0,2016-10-11,,,2016-10-11T17:17:44
Chin Up,4,8,70.0,2016-10-11,,,2016-10-11T17:17:44
Rear delt fly,3,15,145.0,2016-10-11,,,2016-10-11T17:17:44
Seated Cable Row (close Grip),4,10,190.0,2016-10-11,,,2016-10-11T17:17:44
Incline Bench Press (Barbell),3,5,135.0,2016-10-12,,,2016-10-12T17:38:23
Incline Press (Dumbbell),2,10,190.0,2016-10-12,,,2016-10-12T17:38:23
Overhead Press (Barbell),2,12,40.0,2016-10-12,,,2016-10-12T17:38:23
Leg curl,2,12,150.0,2016-10-13,,,2016-10-13T16:31:51
Leg outward fly,3,14,120.0,2016-10-13,,,2016-10-13T16:31:51
Leg press (hinge ),3,10,560.0,2016-10-13,,,2016-10-13T16:31:51
Romanian Deadlift (Barbell),3,10,135.0,2016-10-13,,,2016-10-13T16:31:51
Squat (Barbell),1,5,365.0,2016-10-13,,,2016-10-13T16:31:51
Bicep Curl (Barbell),1,10,100.0,2016-10-15,,,2016-10-15T18:08:55
Bicep Curl (Dumbbell),3,12,50.0,2016-10-15,,,2016-10-15T18:08:55
Chin Up,3,9,70.0,2016-10-15,,,2016-10-15T18:08:55
Hammer seated row (CLOSE GRIP),3,10,150.0,2016-10-15,,,2016-10-15T18:08:55
Rear delt fly,2,12,135.0,2016-10-15,,,2016-10-15T18:08:55
Seated Shoulder  Press (Barbell),6,8,225.0,2016-10-16,,,2016-10-16T16:15:25
Seated Shoulder Press (Dumbbell),6,12,80.0,2016-10-16,,,2016-10-16T16:15:25
Weighted dips,4,10,125.0,2016-10-16,,,2016-10-16T16:15:25
Leg Extension (Machine),2,12,125.0,2016-10-17,,,2016-10-17T16:43:20
Romanian Deadlift (Barbell),3,10,145.0,2016-10-17,,,2016-10-17T16:43:20
Squat (Barbell),2,5,370.0,2016-10-17,,,2016-10-17T16:43:20
Chin Up,3,8,72.5,2016-10-19,,,2016-10-19T18:17:58
Lat Pulldown,3,12,155.0,2016-10-19,,,2016-10-19T18:17:58
Rear delt fly,3,12,140.0,2016-10-19,,,2016-10-19T18:17:58
Incline Bench Press (Barbell),2,5,145.0,2016-10-20,,,2016-10-20T22:11:16
Incline Press (Dumbbell),2,12,180.0,2016-10-20,,,2016-10-20T22:11:16
Leg outward fly,3,12,120.0,2016-10-21,,,2016-10-21T19:25:08
Leg press (hinge ),3,12,540.0,2016-10-21,,,2016-10-21T19:25:08
Romanian Deadlift (Barbell),3,10,185.0,2016-10-21,,,2016-10-21T19:25:08
Squat (Barbell),2,5,225.0,2016-10-21,,,2016-10-21T19:25:08
Bicep Curl (Barbell),2,12,85.0,2016-10-23,,,2016-10-23T13:14:37
Chin Up,5,6,75.0,2016-10-23,,,2016-10-23T13:14:37
Hammer seated row (CLOSE GRIP),4,11,160.0,2016-10-23,,,2016-10-23T13:14:37
Lat Pulldown,1,9,185.0,2016-10-23,,,2016-10-23T13:14:37
Rear delt fly,3,12,140.0,2016-10-23,,,2016-10-23T13:14:37
Incline Bench Press (Barbell),3,8,237.5,2016-10-24,,,2016-10-24T14:07:25
Incline Press (Dumbbell),2,10,190.0,2016-10-24,,,2016-10-24T14:07:25
Overhead Press (Barbell),2,10,130.0,2016-10-24,,,2016-10-24T14:07:25
Leg press (hinge ),3,10,610.0,2016-10-26,,,2016-10-26T18:05:53
Romanian Deadlift (Barbell),2,6,215.0,2016-10-26,,,2016-10-26T18:05:53
Squat (Barbell),2,4,315.0,2016-10-26,,,2016-10-26T18:05:53
Bicep Curl (Barbell),2,8,105.0,2016-10-27,,,2016-10-27T20:33:09
Chin Up,4,6,80.0,2016-10-27,,,2016-10-27T20:33:09
Lat Pulldown,2,9,170.0,2016-10-27,,,2016-10-27T20:33:09
Seated Cable Row (close Grip),4,10,205.0,2016-10-27,,,2016-10-27T20:33:09
Seated Shoulder  Press (Barbell),4,6,230.0,2016-10-28,,,2016-10-28T20:25:53
Shoulder Press (Standing),1,10,65.0,2016-10-28,,,2016-10-28T20:25:53
Weighted dips,3,11,90.0,2016-10-28,,,2016-10-28T20:25:53
Leg Extension (Machine),2,10,155.0,2016-10-30,,,2016-10-30T17:36:16
Leg outward fly,2,10,130.0,2016-10-30,,,2016-10-30T17:36:16
Leg press (hinge ),2,10,630.0,2016-10-30,,,2016-10-30T17:36:16
Romanian Deadlift (Barbell),1,7,240.0,2016-10-30,,,2016-10-30T17:36:16
Squat (Barbell),3,5,365.0,2016-10-30,,,2016-10-30T17:36:16
Bicep Curl (Dumbbell),2,10,50.0,2016-10-31,,,2016-10-31T18:42:22
Chin Up,3,6,82.5,2016-10-31,,,2016-10-31T18:42:22
Hammer seated row (CLOSE GRIP),2,10,170.0,2016-10-31,,,2016-10-31T18:42:22
Lat Pulldown,3,10,180.0,2016-10-31,,,2016-10-31T18:42:22
Rear delt fly,3,12,140.0,2016-10-31,,,2016-10-31T18:42:22
Incline Bench Press (Barbell),2,6,250.0,2016-11-01,,,2016-11-01T18:21:54
Incline Press (Dumbbell),2,10,180.0,2016-11-01,,,2016-11-01T18:21:54
Shoulder Press (Standing),2,8,95.0,2016-11-01,,,2016-11-01T18:21:54
Squat (Barbell),1,3,390.0,2016-11-04,,,2016-11-04T18:41:56
Seated Shoulder  Press (Barbell),3,6,235.0,2016-11-05,,,2016-11-05T15:04:23
Shoulder Press (Standing),2,10,80.0,2016-11-05,,,2016-11-05T15:04:23
Weighted dips,2,8,127.5,2016-11-05,,,2016-11-05T15:04:23
Chin Up,3,60,10.0,2016-11-06,,,2016-11-06T14:07:16
Rear delt fly,3,10,145.0,2016-11-06,,,2016-11-06T14:07:16
Seated Cable Row (close Grip),2,10,205.0,2016-11-06,,,2016-11-06T14:07:16
Leg Extension (Machine),2,10,155.0,2016-11-07,,,2016-11-07T17:28:02
Leg press (hinge ),3,10,630.0,2016-11-07,,,2016-11-07T17:28:02
Romanian Deadlift (Barbell),2,6,245.0,2016-11-07,,,2016-11-07T17:28:02
Squat (Barbell),2,5,365.0,2016-11-07,,,2016-11-07T17:28:02
Incline Bench Press (Barbell),2,5,252.5,2016-11-09,,,2016-11-09T16:51:30
Incline Press (Dumbbell),3,8,190.0,2016-11-09,,,2016-11-09T16:51:30
Bicep Curl (Barbell),4,10,85.0,2016-11-11,,,2016-11-11T18:50:03
Chin Up,3,9,70.0,2016-11-11,,,2016-11-11T18:50:03
Lat Pulldown,1,10,195.0,2016-11-11,,,2016-11-11T18:50:03
Rear delt fly,3,15,140.0,2016-11-11,,,2016-11-11T18:50:03
Seated Cable Row (close Grip),4,10,205.0,2016-11-11,,,2016-11-11T18:50:03
Leg press (hinge ),2,15,360.0,2016-11-12,,,2016-11-12T12:29:26
Romanian Deadlift (Barbell),2,6,255.0,2016-11-12,,,2016-11-12T12:29:26
Squat (Barbell),2,6,335.0,2016-11-12,,,2016-11-12T12:29:26
Lateral Raise (Dumbbells),2,10,40.0,2016-11-13,,,2016-11-13T16:30:45
Seated Shoulder  Press (Barbell),4,6,235.0,2016-11-13,,,2016-11-13T16:30:45
Shoulder Press (Standing),1,6,105.0,2016-11-13,,,2016-11-13T16:30:45
Tricep pushdown,3,10,70.0,2016-11-13,,,2016-11-13T16:30:45
Weighted dips,3,8,127.5,2016-11-13,,,2016-11-13T16:30:45
Bicep Curl (Barbell),3,11,95.0,2016-11-15,,,2016-11-15T17:17:46
Chin Up,1,9,72.5,2016-11-15,,,2016-11-15T17:17:46
Pull Up,2,9,35.0,2016-11-15,,,2016-11-15T17:17:46
Rear delt fly,3,15,145.0,2016-11-15,,,2016-11-15T17:17:46
Seated Cable Row (close Grip),2,10,165.0,2016-11-15,,,2016-11-15T17:17:46
Front Squat (Barbell),2,4,225.0,2016-11-16,,,2016-11-16T15:43:06
Leg curl,1,10,140.0,2016-11-16,,,2016-11-16T15:43:06
Squat (Barbell),2,6,345.0,2016-11-16,,,2016-11-16T15:43:06
Incline Bench Press (Barbell),2,5,255.0,2016-11-18,,,2016-11-18T15:18:43
Incline Press (Dumbbell),3,10,190.0,2016-11-18,,,2016-11-18T15:18:43
Shoulder Press (Standing),1,6,65.0,2016-11-18,,,2016-11-18T15:18:43
Bent Over Row (Dumbbell),3,10,100.0,2016-11-19,,,2016-11-19T11:55:36
Bicep Curl (Barbell),3,10,97.5,2016-11-19,,,2016-11-19T11:55:36
Chin Up,4,10,55.0,2016-11-19,,,2016-11-19T11:55:36
Lat Pulldown,1,10,150.0,2016-11-19,,,2016-11-19T11:55:36
Rear delt fly,3,15,135.0,2016-11-19,,,2016-11-19T11:55:36
Deadlift (Barbell),1,5,255.0,2016-11-21,,,2016-11-21T19:04:22
Front Squat (Barbell),1,5,155.0,2016-11-21,,,2016-11-21T19:04:22
Leg press (hinge ),1,10,270.0,2016-11-21,,,2016-11-21T19:04:22
Romanian Deadlift (Barbell),3,5,255.0,2016-11-21,,,2016-11-21T19:04:22
Squat (Barbell),1,5,375.0,2016-11-21,,,2016-11-21T19:04:22
Lateral Raise (Dumbbells),2,15,30.0,2016-11-22,,,2016-11-22T20:18:19
Seated Shoulder  Press (Barbell),3,6,235.0,2016-11-22,,,2016-11-22T20:18:19
Seated Shoulder Press (Dumbbell),1,10,80.0,2016-11-22,,,2016-11-22T20:18:19
Weighted dips,2,8,125.0,2016-11-22,,,2016-11-22T20:18:19
Bent Over Row (Dumbbell),4,10,100.0,2016-11-23,,,2016-11-23T17:08:52
Bicep Curl (Barbell),3,10,100.0,2016-11-23,,,2016-11-23T17:08:52
Chin Up,4,10,25.0,2016-11-23,,,2016-11-23T17:08:52
Pull Up,2,10,25.0,2016-11-23,,,2016-11-23T17:08:52
Rear delt fly,3,12,135.0,2016-11-23,,,2016-11-23T17:08:52
Leg press (hinge ),2,10,360.0,2016-11-25,,,2016-11-25T21:50:31
Squat (Barbell),1,5,275.0,2016-11-25,,,2016-11-25T21:50:31
Incline Bench Press (Barbell),3,5,257.5,2016-11-26,,,2016-11-26T15:07:27
Overhead Press (Barbell),2,8,165.0,2016-11-26,,,2016-11-26T15:07:27
Weighted dips,2,8,45.0,2016-11-26,,,2016-11-26T15:07:27
Bicep Curl (Barbell),3,9,101.25,2016-11-27,,,2016-11-27T16:59:48
Chin Up,2,5,90.0,2016-11-27,,,2016-11-27T16:59:48
Pull Up,3,10,30.0,2016-11-27,,,2016-11-27T16:59:48
Rear delt fly,3,15,145.0,2016-11-27,,,2016-11-27T16:59:48
Seated Cable Row (close Grip),2,10,205.0,2016-11-27,,,2016-11-27T16:59:48
Squat (Barbell),2,5,345.0,2016-11-28,,,2016-11-28T21:49:56
Seated Shoulder  Press (Barbell),2,4,135.0,2016-11-30,,,2016-11-30T19:27:51
Seated Shoulder Press (Dumbbell),3,8,170.0,2016-11-30,,,2016-11-30T19:27:51
Weighted dips,5,8,90.0,2016-11-30,,,2016-11-30T19:27:51
Bicep Curl (Barbell),3,10,100.0,2016-12-01,,,2016-12-01T20:28:46
Chin Up,2,10,60.0,2016-12-01,,,2016-12-01T20:28:46
Rear delt fly,3,15,145.0,2016-12-01,,,2016-12-01T20:28:46
Seated Cable Row (close Grip),2,10,190.0,2016-12-01,,,2016-12-01T20:28:46
Leg press (hinge ),2,8,520.0,2016-12-03,,,2016-12-03T17:22:02
Squat (Barbell),2,5,325.0,2016-12-03,,,2016-12-03T17:22:02
Incline Bench Press (Barbell),3,5,255.0,2016-12-04,,,2016-12-04T19:22:39
Overhead Press (Barbell),1,10,185.0,2016-12-04,,,2016-12-04T19:22:39
Weighted dips,2,10,0.0,2016-12-04,,,2016-12-04T19:22:39
Bent Over Row (Dumbbell),4,10,100.0,2016-12-06,,,2016-12-06T19:09:08
Bicep Curl (Barbell),3,10,100.0,2016-12-06,,,2016-12-06T19:09:08
Chin Up,5,10,60.0,2016-12-06,,,2016-12-06T19:09:08
Seated Shoulder  Press (Barbell),2,5,135.0,2016-12-08,,,2016-12-08T18:55:10
Weighted dips,2,10,115.0,2016-12-08,,,2016-12-08T18:55:10
Leg press (hinge ),2,10,540.0,2016-12-10,,,2016-12-10T16:51:16
Romanian Deadlift (Barbell),2,6,255.0,2016-12-10,,,2016-12-10T16:51:16
Squat (Barbell),3,5,325.0,2016-12-10,,,2016-12-10T16:51:16
Incline Bench Press (Barbell),2,5,255.0,2016-12-11,,,2016-12-11T21:04:38
Incline Press (Dumbbell),3,10,180.0,2016-12-11,,,2016-12-11T21:04:38
Weighted dips,2,8,60.0,2016-12-11,,,2016-12-11T21:04:38
Bicep Curl (Barbell),6,8,102.5,2016-12-13,,,2016-12-13T18:16:12
Chin Up,6,8,62.5,2016-12-13,,,2016-12-13T18:16:12
Rear delt fly,6,12,140.0,2016-12-13,,,2016-12-13T18:16:12
Seated Cable Row (close Grip),6,10,190.0,2016-12-13,,,2016-12-13T18:16:12
Incline Bench Press (Barbell),2,5,260.0,2016-12-16,,,2016-12-16T18:08:19
Weighted dips,3,8,105.0,2016-12-16,,,2016-12-16T18:08:19
Bent Over Row (Dumbbell),3,10,100.0,2016-12-18,,,2016-12-18T18:34:52
Chin Up,3,8,62.5,2016-12-18,,,2016-12-18T18:34:52
Hammer seated row (CLOSE GRIP),1,10,155.0,2016-12-18,,,2016-12-18T18:34:52
Seated Shoulder  Press (Barbell),3,8,225.0,2016-12-26,,,2016-12-26T16:01:02
Weighted dips,3,10,90.0,2016-12-26,,,2016-12-26T16:01:02
Bicep Curl (Barbell),3,10,85.0,2016-12-27,,,2016-12-27T20:08:18
Chin Up,3,7,60.0,2016-12-27,,,2016-12-27T20:08:18
Hammer seated row (CLOSE GRIP),2,10,140.0,2016-12-27,,,2016-12-27T20:08:18
Rear delt fly,3,12,145.0,2016-12-27,,,2016-12-27T20:08:18
Chin Up,4,12,0.0,2016-12-31,,,2016-12-31T17:16:15
Seated Cable Row (close Grip),4,10,180.0,2016-12-31,,,2016-12-31T17:16:15
Leg press (hinge ),4,10,360.0,2017-01-01,,,2017-01-01T16:16:32
Squat (Barbell),2,5,315.0,2017-01-01,,,2017-01-01T16:16:32
Lateral Raise (Dumbbells),3,10,50.0,2017-01-03,,,2017-01-03T18:34:44
Seated Shoulder  Press (Barbell),3,8,225.0,2017-01-03,,,2017-01-03T18:34:44
Weighted dips,3,10,90.0,2017-01-03,,,2017-01-03T18:34:44
Bent Over Row (Dumbbell),2,11,90.0,2017-01-05,,,2017-01-05T19:10:20
Bicep Curl (Barbell),3,10,100.0,2017-01-05,,,2017-01-05T19:10:20
Chin Up,4,10,50.0,2017-01-05,,,2017-01-05T19:10:20
Rear delt fly,3,12,130.0,2017-01-05,,,2017-01-05T19:10:20
Incline Bench Press (Barbell),3,6,245.0,2017-01-08,,,2017-01-08T06:09:37
Incline Press (Dumbbell),2,11,150.0,2017-01-08,,,2017-01-08T06:09:37
Bicep Curl (Barbell),4,10,90.0,2017-01-09,,,2017-01-09T06:09:51
Chin Up,4,10,35.0,2017-01-09,,,2017-01-09T06:09:51
Lat Pulldown,1,12,185.0,2017-01-09,,,2017-01-09T06:09:51
Pull Up,2,12,10.0,2017-01-09,,,2017-01-09T06:09:51
Rear delt fly,2,12,145.0,2017-01-09,,,2017-01-09T06:09:51
Seated Cable Row (close Grip),2,10,190.0,2017-01-09,,,2017-01-09T06:09:51
Leg press (hinge ),6,10,500.0,2017-01-11,,,2017-01-11T20:33:08
Romanian Deadlift (Barbell),4,6,205.0,2017-01-11,,,2017-01-11T20:33:08
Squat (Barbell),6,5,315.0,2017-01-11,,,2017-01-11T20:33:08
Seated Shoulder  Press (Barbell),2,6,230.0,2017-01-12,,,2017-01-12T20:38:44
Weighted dips,2,8,100.0,2017-01-12,,,2017-01-12T20:38:44
Chin Up,5,10,45.0,2017-01-14,,,2017-01-14T18:59:31
Incline Bench Press (Barbell),2,8,235.0,2017-01-17,,,2017-01-17T20:48:00
Leg press (hinge ),2,10,430.0,2017-01-18,,,2017-01-18T19:40:32
Romanian Deadlift (Barbell),2,6,265.0,2017-01-18,,,2017-01-18T19:40:32
Squat (Barbell),2,6,315.0,2017-01-18,,,2017-01-18T19:40:32
Chin Up,3,10,50.0,2017-01-20,,,2017-01-20T15:57:19
Seated Cable Row (close Grip),2,10,180.0,2017-01-20,,,2017-01-20T15:57:19
Seated Shoulder  Press (Barbell),2,6,230.0,2017-01-22,,,2017-01-22T18:53:10
Weighted dips,2,10,115.0,2017-01-22,,,2017-01-22T18:53:10
Leg press (hinge ),3,10,400.0,2017-01-24,,,2017-01-24T21:08:28
Romanian Deadlift (Barbell),2,8,225.0,2017-01-24,,,2017-01-24T21:08:28
Squat (Barbell),2,6,345.0,2017-01-24,,,2017-01-24T21:08:28
Chin Up,4,9,52.5,2017-01-25,,,2017-01-25T21:10:44
Incline Bench Press (Barbell),2,8,225.0,2017-01-28,,,2017-01-28T14:51:22
Leg press (hinge ),4,10,450.0,2017-01-29,,,2017-01-29T19:23:58
Squat (Barbell),2,8,245.0,2017-01-29,,,2017-01-29T19:23:58
Seated Shoulder  Press (Barbell),3,8,225.0,2017-02-02,,,2017-02-02T21:06:41
Weighted dips,2,9,115.0,2017-02-02,,,2017-02-02T21:06:41
Leg press (hinge ),3,10,450.0,2017-02-04,,,2017-02-04T19:03:35
Squat (Barbell),3,6,275.0,2017-02-04,,,2017-02-04T19:03:35
Bicep Curl (Barbell),3,10,90.0,2017-02-07,,,2017-02-07T08:52:17
Chin Up,3,10,60.0,2017-02-07,,,2017-02-07T08:52:17
Hammer seated row (CLOSE GRIP),3,10,205.0,2017-02-07,,,2017-02-07T08:52:17
Rear delt fly,2,12,115.0,2017-02-07,,,2017-02-07T08:52:17
Squat (Barbell),2,6,295.0,2017-02-08,,,2017-02-08T07:17:51
Bench Press (Barbell),2,6,275.0,2017-02-10,,,2017-02-10T15:18:03
Lateral Raise (Dumbbells),2,10,60.0,2017-02-10,,,2017-02-10T15:18:03
Seated Shoulder  Press (Barbell),3,6,230.0,2017-02-10,,,2017-02-10T15:18:03
Weighted dips,2,10,0.0,2017-02-10,,,2017-02-10T15:18:03
Bicep Curl (Barbell),2,12,100.0,2017-02-11,,,2017-02-11T14:33:10
Chin Up,1,6,77.5,2017-02-11,,,2017-02-11T14:33:10
Deadlift (Barbell),1,6,295.0,2017-02-11,,,2017-02-11T14:33:10
Hammer seated row (CLOSE GRIP),3,10,210.0,2017-02-11,,,2017-02-11T14:33:10
Neutral Chin,2,10,35.0,2017-02-11,,,2017-02-11T14:33:10
Incline Bench Press (Barbell),3,8,230.0,2017-02-14,,,2017-02-14T20:59:03
Squat (Barbell),3,6,275.0,2017-02-15,,,2017-02-15T22:11:14
Chin Up,1,6,80.0,2017-02-16,,,2017-02-16T12:06:00
Deadlift (Barbell),1,5,205.0,2017-02-16,,,2017-02-16T12:06:00
Hammer seated row (CLOSE GRIP),3,10,210.0,2017-02-16,,,2017-02-16T12:06:00
Neutral Chin,2,12,37.5,2017-02-16,,,2017-02-16T12:06:00
Bench Press (Barbell),1,5,280.0,2017-02-18,,,2017-02-18T12:17:42
Incline Bench Press (Barbell),2,8,235.0,2017-02-18,,,2017-02-18T12:17:42
Leg press (hinge ),8,10,360.0,2017-02-19,,,2017-02-19T10:59:10
Squat (Barbell),6,6,315.0,2017-02-19,,,2017-02-19T10:59:10
Chin Up,3,10,60.0,2017-02-21,,,2017-02-21T21:05:28
Hammer Curl (Dumbbell ),3,12,70.0,2017-02-21,,,2017-02-21T21:05:28
Hammer seated row (CLOSE GRIP),3,12,210.0,2017-02-21,,,2017-02-21T21:05:28
Neutral Chin,3,10,40.0,2017-02-21,,,2017-02-21T21:05:28
Rear delt fly,1,15,120.0,2017-02-21,,,2017-02-21T21:05:28
Seated Shoulder  Press (Barbell),2,6,225.0,2017-02-22,,,2017-02-22T16:51:05
Weighted dips,2,10,90.0,2017-02-22,,,2017-02-22T16:51:05
Leg press (hinge ),3,12,450.0,2017-02-25,,,2017-02-25T15:30:23
Squat (Barbell),2,6,205.0,2017-02-25,,,2017-02-25T15:30:23
Chin Up,2,6,80.0,2017-02-27,,,2017-02-27T07:26:38
Hammer seated row (CLOSE GRIP),4,12,190.0,2017-02-27,,,2017-02-27T07:26:38
Rear delt fly,2,12,135.0,2017-02-27,,,2017-02-27T07:26:38
T-bar Row,2,10,100.0,2017-02-27,,,2017-02-27T07:26:38
Incline Bench Press (Barbell),6,8,240.0,2017-03-02,,,2017-03-02T21:41:27
Overhead Press (Dumbbell),6,10,140.0,2017-03-02,,,2017-03-02T21:41:27
Weighted dips,4,10,90.0,2017-03-02,,,2017-03-02T21:41:27
Bench Press (Barbell),1,4,290.0,2017-03-07,,,2017-03-07T06:38:00
Seated Shoulder  Press (Barbell),3,7,225.0,2017-03-07,,,2017-03-07T06:38:00
Chin Up,2,10,60.0,2017-03-08,,,2017-03-08T06:23:04
Hammer seated row (CLOSE GRIP),5,10,215.0,2017-03-08,,,2017-03-08T06:23:04
Leg press (hinge ),4,10,500.0,2017-03-10,,,2017-03-10T15:23:27
Squat (Barbell),2,6,315.0,2017-03-10,,,2017-03-10T15:23:27
Incline Bench Press (Barbell),3,8,240.0,2017-03-11,,,2017-03-11T12:56:33
Weighted dips,2,10,115.0,2017-03-11,,,2017-03-11T12:56:33
Chin Up,4,7,70.0,2017-03-12,,,2017-03-12T12:42:34
Chin Up,6,10,0.0,2017-03-16,,,2017-03-16T09:04:48
Leg curl,3,12,140.0,2017-03-18,,,2017-03-18T09:05:26
Squat (Barbell),3,6,315.0,2017-03-18,,,2017-03-18T09:05:26
Bench Press (Barbell),1,5,285.0,2017-03-19,,,2017-03-19T06:19:29
Incline Bench Press (Barbell),3,8,235.0,2017-03-19,,,2017-03-19T06:19:29
Chin Up,3,10,62.5,2017-03-21,,,2017-03-21T20:19:48
Hammer Curl (Dumbbell ),3,15,60.0,2017-03-21,,,2017-03-21T20:19:48
Hammer seated row (CLOSE GRIP),3,10,220.0,2017-03-21,,,2017-03-21T20:19:48
Rear delt fly,2,12,145.0,2017-03-21,,,2017-03-21T20:19:48
Chin Up,2,10,60.0,2017-03-25,,,2017-03-25T14:52:18
Hammer seated row (CLOSE GRIP),3,8,235.0,2017-03-25,,,2017-03-25T14:52:18
Rear delt fly,2,10,145.0,2017-03-25,,,2017-03-25T14:52:18
Bench Press (Barbell),1,5,290.0,2017-03-27,,,2017-03-27T20:43:26
Incline Bench Press (Barbell),3,8,237.5,2017-03-27,,,2017-03-27T20:43:26
Lateral Raise (Dumbbells),2,13,60.0,2017-03-27,,,2017-03-27T20:43:26
Squat (Barbell),2,6,330.0,2017-04-02,,,2017-04-02T10:30:48
Incline Bench Press (Barbell),2,9,225.0,2017-04-05,,,2017-04-05T00:38:48
Overhead Press (Dumbbell),2,8,90.0,2017-04-05,,,2017-04-05T00:38:48
Incline Bench Press (Barbell),3,8,235.0,2017-04-07,,,2017-04-07T12:16:04
Bicep Curl (Barbell),2,10,95.0,2017-04-09,,,2017-04-09T19:16:18
Chin Up,4,10,50.0,2017-04-09,,,2017-04-09T19:16:18
Hammer seated row (CLOSE GRIP),2,12,230.0,2017-04-09,,,2017-04-09T19:16:18
Lat Pulldown,2,10,170.0,2017-04-09,,,2017-04-09T19:16:18
Rear delt fly,3,12,85.0,2017-04-09,,,2017-04-09T19:16:18
Bench Press (Barbell),1,7,280.0,2017-04-12,,,2017-04-12T22:01:51
Seated Shoulder  Press (Barbell),2,8,225.0,2017-04-12,,,2017-04-12T22:01:51
Chin Up,3,10,60.0,2017-04-13,,,2017-04-13T15:14:59
Hammer seated row (CLOSE GRIP),4,10,250.0,2017-04-13,,,2017-04-13T15:14:59
Incline Bench Press (Barbell),2,8,237.5,2017-04-16,,,2017-04-16T15:15:15
Weighted dips,2,10,105.0,2017-04-16,,,2017-04-16T15:15:15
Leg curl,2,12,145.0,2017-04-18,,,2017-04-18T08:30:12
Leg press (hinge ),2,10,360.0,2017-04-18,,,2017-04-18T08:30:12
Squat (Barbell),2,6,335.0,2017-04-18,,,2017-04-18T08:30:12
Seated Shoulder  Press (Barbell),3,8,225.0,2017-04-21,,,2017-04-21T11:51:57
Weighted dips,3,10,105.0,2017-04-21,,,2017-04-21T11:51:57
Leg curl,3,10,145.0,2017-04-23,,,2017-04-23T16:23:07
Squat (Barbell),2,8,295.0,2017-04-23,,,2017-04-23T16:23:07
Bench Press (Barbell),2,8,255.0,2017-04-27,,,2017-04-27T12:29:06
Incline Bench Press (Barbell),2,8,240.0,2017-04-27,,,2017-04-27T12:29:06
Seated Shoulder  Press (Barbell),3,10,205.0,2017-05-03,,,2017-05-03T20:07:57
Weighted dips,3,10,70.0,2017-05-03,,,2017-05-03T20:07:57
Chin Up,5,12,0.0,2017-05-04,,,2017-05-04T15:26:50
Seated Cable Row (close Grip),2,10,210.0,2017-05-04,,,2017-05-04T15:26:50
Leg outward fly,3,12,120.0,2017-05-06,,,2017-05-06T11:41:46
Romanian Deadlift (Barbell),2,8,185.0,2017-05-06,,,2017-05-06T11:41:46
Squat (Barbell),2,7,275.0,2017-05-06,,,2017-05-06T11:41:46
Incline Bench Press (Barbell),2,8,235.0,2017-05-07,,,2017-05-07T12:55:29
Incline Press (Dumbbell),2,11,180.0,2017-05-07,,,2017-05-07T12:55:29
Lateral Raise (Dumbbells),2,15,20.0,2017-05-07,,,2017-05-07T12:55:29
Skullcrusher (Barbell),2,10,85.0,2017-05-07,,,2017-05-07T12:55:29
Weighted dips,2,10,0.0,2017-05-07,,,2017-05-07T12:55:29
Good Morning (Barbell),2,8,205.0,2017-05-10,,,2017-05-10T21:21:37
Leg outward fly,3,12,120.0,2017-05-10,,,2017-05-10T21:21:37
Squat (Barbell),2,6,135.0,2017-05-10,,,2017-05-10T21:21:37
Lateral Raise (Dumbbells),3,12,50.0,2017-05-12,,,2017-05-12T10:54:08
Seated Shoulder  Press (Barbell),3,8,225.0,2017-05-12,,,2017-05-12T10:54:08
Weighted dips,4,10,105.0,2017-05-12,,,2017-05-12T10:54:08
Bent Over Row (Dumbbell),3,10,180.0,2017-05-14,,,2017-05-14T11:20:36
Bicep Curl (Barbell),1,10,65.0,2017-05-14,,,2017-05-14T11:20:36
Chin Up,3,10,35.0,2017-05-14,,,2017-05-14T11:20:36
Seated Cable Row (close Grip),3,12,180.0,2017-05-14,,,2017-05-14T11:20:36
Squat (Barbell),2,7,315.0,2017-05-15,,,2017-05-15T18:02:56
Bench Press (Barbell),1,7,280.0,2017-05-16,,,2017-05-16T22:54:45
Incline Bench Press (Barbell),3,8,235.0,2017-05-16,,,2017-05-16T22:54:45
Weighted dips,1,6,45.0,2017-05-16,,,2017-05-16T22:54:45
Lateral Raise (Dumbbells),4,10,40.0,2017-05-21,,,2017-05-21T12:14:15
Seated Shoulder  Press (Barbell),6,8,225.0,2017-05-21,,,2017-05-21T12:14:15
Shoulder Press (Standing),4,10,70.0,2017-05-21,,,2017-05-21T12:14:15
Weighted dips,4,8,115.0,2017-05-21,,,2017-05-21T12:14:15
Bent Over Row (Dumbbell),4,12,100.0,2017-05-23,,,2017-05-23T21:03:11
Chin Up,3,12,40.0,2017-05-23,,,2017-05-23T21:03:11
Hammer Curl (Dumbbell ),1,10,60.0,2017-05-23,,,2017-05-23T21:03:11
Pull Up,1,8,0.0,2017-05-23,,,2017-05-23T21:03:11
Leg outward fly,2,10,140.0,2017-05-30,,,2017-05-30T21:15:03
Romanian Deadlift (Barbell),3,6,225.0,2017-05-30,,,2017-05-30T21:15:03
Squat (Barbell),2,6,320.0,2017-05-30,,,2017-05-30T21:15:03
Seated Shoulder  Press (Barbell),3,8,225.0,2017-05-31,,,2017-05-31T19:40:23
Weighted dips,3,10,115.0,2017-05-31,,,2017-05-31T19:40:23
Deadlift (Barbell),2,6,235.0,2017-06-03,,,2017-06-03T13:21:47
Romanian Deadlift (Barbell),2,8,235.0,2017-06-03,,,2017-06-03T13:21:47
Squat (Barbell),2,8,245.0,2017-06-03,,,2017-06-03T13:21:47
Incline Bench Press (Barbell),2,8,230.0,2017-06-04,,,2017-06-04T00:50:32
Incline Press (Dumbbell),2,9,190.0,2017-06-04,,,2017-06-04T00:50:32
Shoulder Press (Standing),2,10,85.0,2017-06-04,,,2017-06-04T00:50:32
Bicep Curl (Barbell),2,10,80.0,2017-06-05,,,2017-06-05T19:50:48
Chin Up,3,10,60.0,2017-06-05,,,2017-06-05T19:50:48
Hammer seated row (CLOSE GRIP),2,8,210.0,2017-06-05,,,2017-06-05T19:50:48
Lat Pulldown (Cable),1,10,140.0,2017-06-05,,,2017-06-05T19:50:48
Bicep Curl (Barbell),1,10,95.0,2017-07-17,,,2017-07-17T13:29:23
Chin Up,3,10,50.0,2017-07-17,,,2017-07-17T13:29:23
Seated Cable Row (close Grip),3,10,170.0,2017-07-17,,,2017-07-17T13:29:23
Incline Bench Press (Barbell),2,5,185.0,2017-07-20,,,2017-07-20T21:58:46
Incline Press (Dumbbell),3,10,180.0,2017-07-20,,,2017-07-20T21:58:46
Rope Never Ending,1,0,450.0,2017-07-20,,,2017-07-20T21:58:46
Lateral Raise (Dumbbells),2,12,40.0,2017-07-24,,,2017-07-24T12:48:01
Rope Never Ending,1,5,1000.0,2017-07-24,,,2017-07-24T12:48:01
Seated Shoulder  Press (Barbell),3,8,230.0,2017-07-24,,,2017-07-24T12:48:01
Shoulder Press (Standing),1,10,75.0,2017-07-24,,,2017-07-24T12:48:01
Weighted dips,3,10,110.0,2017-07-24,,,2017-07-24T12:48:01
Incline Bench Press (Barbell),2,9,230.0,2017-07-28,,,2017-07-28T22:34:27
Lateral Raise (Dumbbells),2,15,40.0,2017-07-28,,,2017-07-28T22:34:27
Rope Never Ending,1,5,1100.0,2017-07-28,,,2017-07-28T22:34:27
Shoulder Press (Standing),2,10,90.0,2017-07-28,,,2017-07-28T22:34:27
Weighted dips,3,12,72.0,2017-07-28,,,2017-07-28T22:34:27
Bent Over Row (Dumbbell),3,10,90.0,2017-07-29,,,2017-07-29T20:19:26
Chin Up,3,9,50.0,2017-07-29,,,2017-07-29T20:19:26
Hammer Curl (Dumbbell ),2,10,70.0,2017-07-29,,,2017-07-29T20:19:26
Pull Up,2,10,0.0,2017-07-29,,,2017-07-29T20:19:26
Deadlift (Barbell),2,5,225.0,2017-07-30,,,2017-07-30T22:07:52
Leg curl,1,10,130.0,2017-07-30,,,2017-07-30T22:07:52
Leg outward fly,3,12,150.0,2017-07-30,,,2017-07-30T22:07:52
Squat (Barbell),1,6,345.0,2017-07-30,,,2017-07-30T22:07:52
Seated Shoulder  Press (Barbell),4,7,235.0,2017-08-01,,,2017-08-01T22:27:44
Shoulder Press (Standing),1,6,125.0,2017-08-01,,,2017-08-01T22:27:44
Weighted dips,4,8,123.2,2017-08-01,,,2017-08-01T22:27:44
Bicep Curl (Barbell),3,9,95.0,2017-08-02,,,2017-08-02T19:31:57
Chin Up,3,10,40.0,2017-08-02,,,2017-08-02T19:31:57
Face pull,1,10,90.0,2017-08-02,,,2017-08-02T19:31:57
Hammer seated row (CLOSE GRIP),2,12,200.0,2017-08-02,,,2017-08-02T19:31:57
Incline Bench Press (Barbell),2,5,255.0,2017-08-05,,,2017-08-05T14:59:00
Incline Press (Dumbbell),2,10,180.0,2017-08-05,,,2017-08-05T14:59:00
Leg press (hinge ),3,12,520.0,2017-08-06,,,2017-08-06T20:13:19
Squat (Barbell),2,5,345.0,2017-08-06,,,2017-08-06T20:13:19
Bicep Curl (Barbell),2,10,95.0,2017-08-07,,,2017-08-07T22:47:36
Chin Up,2,10,45.0,2017-08-07,,,2017-08-07T22:47:36
Neutral Chin,2,8,20.0,2017-08-07,,,2017-08-07T22:47:36
Rear delt fly,3,12,100.0,2017-08-07,,,2017-08-07T22:47:36
Seated Cable Row (close Grip),2,10,170.0,2017-08-07,,,2017-08-07T22:47:36
Seated Shoulder  Press (Barbell),2,8,240.0,2017-08-09,,,2017-08-09T21:16:36
Shoulder Press (Standing),2,6,135.0,2017-08-09,,,2017-08-09T21:16:36
Weighted dips,4,10,70.5,2017-08-09,,,2017-08-09T21:16:36
Deadlift (Barbell),1,5,345.0,2017-08-11,,,2017-08-11T23:16:08
Leg outward fly,3,12,150.0,2017-08-11,,,2017-08-11T23:16:08
Leg press (hinge ),2,12,360.0,2017-08-11,,,2017-08-11T23:16:08
Squat (Barbell),2,6,355.0,2017-08-11,,,2017-08-11T23:16:08
Bent Over Row (Dumbbell),1,10,90.0,2017-08-13,,,2017-08-13T14:23:34
Bicep Curl (Barbell),3,8,100.0,2017-08-13,,,2017-08-13T14:23:34
Chin Up,3,8,50.0,2017-08-13,,,2017-08-13T14:23:34
Face pull,3,10,100.0,2017-08-13,,,2017-08-13T14:23:34
Pull Up,1,8,10.0,2017-08-13,,,2017-08-13T14:23:34
Seated Cable Row (close Grip),2,10,180.0,2017-08-13,,,2017-08-13T14:23:34
Incline Bench Press (Barbell),4,5,257.5,2017-08-14,,,2017-08-14T11:07:27
Incline Press (Dumbbell),4,10,180.0,2017-08-14,,,2017-08-14T11:07:27
Weighted dips,4,12,0.0,2017-08-14,,,2017-08-14T11:07:27
Chin Up,4,8,50.0,2017-08-17,,,2017-08-17T23:57:04
Seated Cable Row (close Grip),3,8,190.0,2017-08-17,,,2017-08-17T23:57:04
Seated Shoulder  Press (Barbell),3,6,240.0,2017-08-18,,,2017-08-18T21:20:37
Weighted dips,2,10,107.0,2017-08-18,,,2017-08-18T21:20:37
Deadlift (Barbell),2,5,375.0,2017-08-19,,,2017-08-19T16:49:58
Squat (Barbell),3,6,280.0,2017-08-19,,,2017-08-19T16:49:58
Bent Over Row (Dumbbell),1,10,95.0,2017-08-21,,,2017-08-21T19:15:32
Chin Up,3,9,52.5,2017-08-21,,,2017-08-21T19:15:32
Pull Up,2,10,12.5,2017-08-21,,,2017-08-21T19:15:32
Seated Shoulder  Press (Barbell),2,8,235.0,2017-08-22,,,2017-08-22T20:19:36
Shoulder Press (Standing),2,8,95.0,2017-08-22,,,2017-08-22T20:19:36
Weighted dips,3,8,101.5,2017-08-22,,,2017-08-22T20:19:36
Leg press (hinge ),2,10,540.0,2017-08-25,,,2017-08-25T18:09:58
Squat (Barbell),2,6,315.0,2017-08-25,,,2017-08-25T18:09:58
Bent Over Row (Dumbbell),2,10,100.0,2017-08-26,,,2017-08-26T13:07:44
Bicep Curl (Barbell),3,8,100.0,2017-08-26,,,2017-08-26T13:07:44
Chin Up,4,9,55.0,2017-08-26,,,2017-08-26T13:07:44
Hammer seated row (CLOSE GRIP),2,10,210.0,2017-08-26,,,2017-08-26T13:07:44
Incline Bench Press (Barbell),2,8,225.0,2017-08-27,,,2017-08-27T18:48:13
Incline Press (Dumbbell),3,10,170.0,2017-08-27,,,2017-08-27T18:48:13
Weighted dips,1,10,0.0,2017-08-27,,,2017-08-27T18:48:13
Leg outward fly,3,12,160.0,2017-08-30,,,2017-08-30T19:34:41
Squat (Barbell),3,6,315.0,2017-08-30,,,2017-08-30T19:34:41
Chin Up,4,15,0.0,2017-08-31,,,2017-08-31T17:53:15
Hammer Curl (Dumbbell ),3,12,80.0,2017-08-31,,,2017-08-31T17:53:15
Hammer seated row (CLOSE GRIP),3,11,215.0,2017-08-31,,,2017-08-31T17:53:15
Seated Cable Row (close Grip),3,10,190.0,2017-08-31,,,2017-08-31T17:53:15
Bench Press (Barbell),2,8,225.0,2017-09-01,,,2017-09-01T18:24:39
Lateral Raise (Dumbbells),2,8,50.0,2017-09-01,,,2017-09-01T18:24:39
Seated Shoulder  Press (Barbell),2,6,235.0,2017-09-01,,,2017-09-01T18:24:39
Bent Over Row (Dumbbell),2,10,100.0,2017-09-03,,,2017-09-03T13:38:41
Chin Up,3,10,45.0,2017-09-03,,,2017-09-03T13:38:41
Hammer Curl (Dumbbell ),2,10,80.0,2017-09-03,,,2017-09-03T13:38:41
Lat Pulldown,1,8,190.0,2017-09-03,,,2017-09-03T13:38:41
Seated Cable Row (close Grip),2,10,160.0,2017-09-03,,,2017-09-03T13:38:41
Deadlift (Barbell),4,5,325.0,2017-09-04,,,2017-09-04T16:17:35
Good Morning (Barbell),6,12,100.0,2017-09-04,,,2017-09-04T16:17:35
Leg press (hinge ),4,9,510.0,2017-09-04,,,2017-09-04T16:17:35
Squat (Barbell),2,6,330.0,2017-09-04,,,2017-09-04T16:17:35
Front Raise (Dumbbell),2,12,25.0,2017-09-05,,,2017-09-05T20:52:32
Incline Bench Press (Barbell),3,8,230.0,2017-09-05,,,2017-09-05T20:52:32
Incline Press (Dumbbell),2,8,190.0,2017-09-05,,,2017-09-05T20:52:32
Tricep pushdown,2,10,160.0,2017-09-05,,,2017-09-05T20:52:32
Weighted dips,2,10,0.0,2017-09-05,,,2017-09-05T20:52:32
Bent Over Row (Dumbbell),2,10,100.0,2017-09-08,,,2017-09-08T18:09:53
Bicep Curl (Barbell),2,10,100.0,2017-09-08,,,2017-09-08T18:09:53
Chin Up,3,10,52.5,2017-09-08,,,2017-09-08T18:09:53
Hammer seated row (CLOSE GRIP),2,13,220.0,2017-09-08,,,2017-09-08T18:09:53
Deadlift - Trap Bar,2,6,325.0,2017-09-09,,,2017-09-09T11:57:53
Leg outward fly,2,12,160.0,2017-09-09,,,2017-09-09T11:57:53
Squat (Barbell),3,5,325.0,2017-09-09,,,2017-09-09T11:57:53
Bench Press (Barbell),2,6,250.0,2017-09-10,,,2017-09-10T17:59:56
Overhead Press (Dumbbell),1,12,130.0,2017-09-10,,,2017-09-10T17:59:56
Seated Shoulder  Press (Barbell),3,8,230.0,2017-09-10,,,2017-09-10T17:59:56
Shoulder Press (Standing),2,12,65.0,2017-09-10,,,2017-09-10T17:59:56
Bicep Curl (Barbell),3,12,90.0,2017-09-12,,,2017-09-12T20:17:20
Chin Up,2,9,55.0,2017-09-12,,,2017-09-12T20:17:20
Hammer Curl (Dumbbell ),1,12,60.0,2017-09-12,,,2017-09-12T20:17:20
Hammer seated row (CLOSE GRIP),3,12,230.0,2017-09-12,,,2017-09-12T20:17:20
Lat Pulldown,2,10,170.0,2017-09-12,,,2017-09-12T20:17:20
Deadlift (Barbell),1,5,315.0,2017-09-13,,,2017-09-13T20:38:36
Glute extension.,2,12,115.0,2017-09-13,,,2017-09-13T20:38:36
Good Morning (Barbell),2,12,100.0,2017-09-13,,,2017-09-13T20:38:36
Leg outward fly,2,12,140.0,2017-09-13,,,2017-09-13T20:38:36
Leg press (hinge ),2,12,520.0,2017-09-13,,,2017-09-13T20:38:36
Squat (Barbell),2,6,335.0,2017-09-13,,,2017-09-13T20:38:36
Bench Press (Barbell),2,8,185.0,2017-09-15,,,2017-09-15T00:13:35
Incline Bench Press (Barbell),3,8,235.0,2017-09-15,,,2017-09-15T00:13:35
Bicep Curl (Barbell),2,8,100.0,2017-09-16,,,2017-09-16T12:52:48
Chin Up,5,12,0.0,2017-09-16,,,2017-09-16T12:52:48
Hammer seated row (CLOSE GRIP),3,12,230.0,2017-09-16,,,2017-09-16T12:52:48
Seated Cable Row (close Grip),2,12,175.0,2017-09-16,,,2017-09-16T12:52:48
Squat (Barbell),2,5,185.0,2017-09-17,,,2017-09-17T14:07:44
Bench Press (Barbell),1,7,260.0,2017-09-18,,,2017-09-18T21:39:00
Seated Shoulder  Press (Barbell),3,7,235.0,2017-09-18,,,2017-09-18T21:39:00
Chin Up,4,10,55.0,2017-09-20,,,2017-09-20T19:46:03
Hammer seated row (CLOSE GRIP),5,12,230.0,2017-09-20,,,2017-09-20T19:46:03
Good Morning (Barbell),2,12,115.0,2017-09-22,,,2017-09-22T18:32:43
Leg curl,4,10,140.0,2017-09-22,,,2017-09-22T18:32:43
Squat (Barbell),4,5,325.0,2017-09-22,,,2017-09-22T18:32:43
Incline Bench Press (Barbell),2,7,240.0,2017-09-23,,,2017-09-23T12:26:10
Overhead Press (Barbell),1,10,195.0,2017-09-23,,,2017-09-23T12:26:10
Weighted dips,4,10,0.0,2017-09-23,,,2017-09-23T12:26:10
Bicep Curl (Barbell),3,11,100.0,2017-09-24,,,2017-09-24T13:35:45
Chin Up,3,10,37.5,2017-09-24,,,2017-09-24T13:35:45
Hammer Curl (Dumbbell ),2,13,70.0,2017-09-24,,,2017-09-24T13:35:45
Seated Cable Row (close Grip),2,10,190.0,2017-09-24,,,2017-09-24T13:35:45
Incline Bench Press (Barbell),2,8,235.0,2017-10-03,,,2017-10-03T20:21:54
Seated Shoulder  Press (Barbell),1,10,190.0,2017-10-03,,,2017-10-03T20:21:54
Bicep Curl (Barbell),3,12,70.0,2017-10-04,,,2017-10-04T19:13:58
Chin Up,3,10,55.0,2017-10-04,,,2017-10-04T19:13:58
Hammer Curl (Dumbbell ),3,12,80.0,2017-10-04,,,2017-10-04T19:13:58
Seated Cable Row (close Grip),2,10,190.0,2017-10-04,,,2017-10-04T19:13:58
Good Morning (Barbell),2,11,115.0,2017-10-05,,,2017-10-05T19:09:24
Squat (Barbell),2,5,330.0,2017-10-05,,,2017-10-05T19:09:24
Bench Press (Barbell),1,5,260.0,2017-10-07,,,2017-10-07T12:57:09
Lateral Raise (Dumbbells),2,15,40.0,2017-10-07,,,2017-10-07T12:57:09
Seated Shoulder  Press (Barbell),2,8,230.0,2017-10-07,,,2017-10-07T12:57:09
Bent Over Row (Dumbbell),2,10,100.0,2017-10-08,,,2017-10-08T13:12:58
Bicep Curl (Barbell),1,12,80.0,2017-10-08,,,2017-10-08T13:12:58
Chin Up,4,9,35.0,2017-10-08,,,2017-10-08T13:12:58
Hammer seated row (CLOSE GRIP),3,15,230.0,2017-10-08,,,2017-10-08T13:12:58
Good Morning (Barbell),2,11,115.0,2017-10-10,,,2017-10-10T19:18:13
Leg curl,2,15,120.0,2017-10-10,,,2017-10-10T19:18:13
Leg outward fly,3,15,150.0,2017-10-10,,,2017-10-10T19:18:13
Squat (Barbell),2,6,335.0,2017-10-10,,,2017-10-10T19:18:13
Bench Press (Barbell),2,6,265.0,2017-10-11,,,2017-10-11T21:26:28
Lateral Raise (Dumbbells),1,15,40.0,2017-10-11,,,2017-10-11T21:26:28
Seated Shoulder  Press (Barbell),2,8,230.0,2017-10-11,,,2017-10-11T21:26:28
Tricep pushdown,2,20,140.0,2017-10-11,,,2017-10-11T21:26:28
Bicep Curl (Barbell),2,12,90.0,2017-10-12,,,2017-10-12T21:59:19
Chin Up,3,7,60.0,2017-10-12,,,2017-10-12T21:59:19
Hammer Curl (Dumbbell ),1,15,70.0,2017-10-12,,,2017-10-12T21:59:19
Hammer seated row (CLOSE GRIP),2,9,240.0,2017-10-12,,,2017-10-12T21:59:19
Rear delt fly,1,10,110.0,2017-10-12,,,2017-10-12T21:59:19
Leg curl,1,12,130.0,2017-10-14,,,2017-10-14T10:28:15
Squat (Barbell),3,8,235.0,2017-10-14,,,2017-10-14T10:28:15
Incline Bench Press (Barbell),2,8,240.0,2017-10-15,,,2017-10-15T14:06:19
Incline Press (Dumbbell),2,12,170.0,2017-10-15,,,2017-10-15T14:06:19
Shoulder Press (Standing),1,8,110.0,2017-10-15,,,2017-10-15T14:06:19
Bicep Curl (Barbell),2,10,95.0,2017-10-16,,,2017-10-16T21:50:06
Chin Up,3,8,62.5,2017-10-16,,,2017-10-16T21:50:06
Hammer Curl (Dumbbell ),2,12,50.0,2017-10-16,,,2017-10-16T21:50:06
Hammer seated row (CLOSE GRIP),2,10,240.0,2017-10-16,,,2017-10-16T21:50:06
Leg curl,3,12,130.0,2017-10-18,,,2017-10-18T22:29:34
Leg press (hinge ),3,12,540.0,2017-10-18,,,2017-10-18T22:29:34
Squat (Barbell),1,5,345.0,2017-10-18,,,2017-10-18T22:29:34
Bench Press (Barbell),2,5,280.0,2017-10-19,,,2017-10-19T18:47:04
Seated Shoulder  Press (Barbell),6,7,235.0,2017-10-19,,,2017-10-19T18:47:04
Tricep pushdown,2,10,140.0,2017-10-19,,,2017-10-19T18:47:04
Bicep Curl (Barbell),3,8,95.0,2017-10-20,,,2017-10-20T19:45:59
Chin Up,4,5,75.0,2017-10-20,,,2017-10-20T19:45:59
Hammer seated row (CLOSE GRIP),3,12,240.0,2017-10-20,,,2017-10-20T19:45:59
Good Morning (Barbell),1,10,125.0,2017-10-22,,,2017-10-22T13:55:17
Leg outward fly,3,12,140.0,2017-10-22,,,2017-10-22T13:55:17
Leg press (hinge ),2,12,570.0,2017-10-22,,,2017-10-22T13:55:17
Squat (Barbell),2,6,315.0,2017-10-22,,,2017-10-22T13:55:17
Incline Bench Press (Barbell),1,5,250.0,2017-10-23,,,2017-10-23T18:57:50
Incline Press (Dumbbell),1,10,200.0,2017-10-23,,,2017-10-23T18:57:50
Overhead Press (Dumbbell),2,12,120.0,2017-10-23,,,2017-10-23T18:57:50
Bicep Curl (Barbell),1,10,70.0,2017-10-24,,,2017-10-24T18:22:02
Chin Up,3,5,77.5,2017-10-24,,,2017-10-24T18:22:02
Hammer Curl (Dumbbell ),3,12,80.0,2017-10-24,,,2017-10-24T18:22:02
Hammer seated row (CLOSE GRIP),3,10,245.0,2017-10-24,,,2017-10-24T18:22:02
Good Morning (Barbell),2,10,115.0,2017-10-26,,,2017-10-26T19:47:20
Leg outward fly,3,12,140.0,2017-10-26,,,2017-10-26T19:47:20
Squat (Barbell),3,5,245.0,2017-10-26,,,2017-10-26T19:47:20
Bench Press (Barbell),1,5,285.0,2017-10-27,,,2017-10-27T17:40:15
Lateral Raise (Dumbbells),3,12,50.0,2017-10-27,,,2017-10-27T17:40:15
Seated Shoulder  Press (Barbell),3,8,235.0,2017-10-27,,,2017-10-27T17:40:15
Tricep pushdown,3,20,130.0,2017-10-27,,,2017-10-27T17:40:15
Weighted dips,2,10,0.0,2017-10-27,,,2017-10-27T17:40:15
Chin Up,4,9,55.0,2017-10-28,,,2017-10-28T14:02:47
Hammer seated row (CLOSE GRIP),3,12,180.0,2017-10-28,,,2017-10-28T14:02:47
Incline Bench Press (Barbell),2,7,250.0,2017-10-31,,,2017-10-31T21:33:00
Incline Press (Dumbbell),3,9,200.0,2017-10-31,,,2017-10-31T21:33:00
Tricep pushdown,1,10,140.0,2017-10-31,,,2017-10-31T21:33:00
Leg curl,1,10,135.0,2017-11-01,,,2017-11-01T20:32:27
Leg outward fly,1,10,130.0,2017-11-01,,,2017-11-01T20:32:27
Leg press (hinge ),3,13,550.0,2017-11-01,,,2017-11-01T20:32:27
Squat (Barbell),2,5,335.0,2017-11-01,,,2017-11-01T20:32:27
Chin Up,3,5,80.0,2017-11-02,,,2017-11-02T18:39:23
Deadlift (Barbell),2,5,225.0,2017-11-02,,,2017-11-02T18:39:23
Hammer seated row (CLOSE GRIP),4,12,220.0,2017-11-02,,,2017-11-02T18:39:23
Leg curl,2,9,140.0,2017-11-05,,,2017-11-05T13:05:49
Leg press (hinge ),4,11,610.0,2017-11-05,,,2017-11-05T13:05:49
Squat (Barbell),2,5,345.0,2017-11-05,,,2017-11-05T13:05:49
Chin Up,4,10,57.5,2017-11-06,,,2017-11-06T18:43:57
Deadlift (Barbell),1,1,405.0,2017-11-06,,,2017-11-06T18:43:57
Hammer Curl,2,12,60.0,2017-11-06,,,2017-11-06T18:43:57
Hammer seated row (CLOSE GRIP),3,10,245.0,2017-11-06,,,2017-11-06T18:43:57
Lat Pulldown,2,8,150.0,2017-11-06,,,2017-11-06T18:43:57
Incline Bench Press (Barbell),2,8,247.5,2017-11-08,,,2017-11-08T21:20:47
Incline Press (Dumbbell),2,10,200.0,2017-11-08,,,2017-11-08T21:20:47
Lateral Raise (Dumbbells),4,15,30.0,2017-11-08,,,2017-11-08T21:20:47
Good Morning (Barbell),2,8,105.0,2017-11-09,,,2017-11-09T18:38:19
Leg curl,1,9,110.0,2017-11-09,,,2017-11-09T18:38:19
Leg press (hinge ),4,10,630.0,2017-11-09,,,2017-11-09T18:38:19
Squat (Barbell),1,5,365.0,2017-11-09,,,2017-11-09T18:38:19
Bicep Curl (barbell ),2,9,100.0,2017-11-10,,,2017-11-10T20:18:54
Chin Up,3,10,60.0,2017-11-10,,,2017-11-10T20:18:54
Hammer seated row (CLOSE GRIP),2,10,250.0,2017-11-10,,,2017-11-10T20:18:54
Bench Press (Barbell),6,5,290.0,2017-11-12,,,2017-11-12T17:55:28
Lateral Raise (Dumbbells),6,12,40.0,2017-11-12,,,2017-11-12T17:55:28
Overhead Press (Dumbbell),2,10,150.0,2017-11-12,,,2017-11-12T17:55:28
Seated Shoulder  Press (Barbell),6,8,240.0,2017-11-12,,,2017-11-12T17:55:28
Leg curl,3,9,130.0,2017-11-13,,,2017-11-13T19:51:24
Romanian Deadlift (Barbell),2,6,215.0,2017-11-13,,,2017-11-13T19:51:24
Squat (Barbell),2,5,365.0,2017-11-13,,,2017-11-13T19:51:24
Chin Up,5,9,62.5,2017-11-14,,,2017-11-14T22:32:35
Hammer Curl,2,10,70.0,2017-11-14,,,2017-11-14T22:32:35
Hammer seated row (CLOSE GRIP),4,10,252.5,2017-11-14,,,2017-11-14T22:32:35
Incline Bench Press (Barbell),3,8,250.0,2017-11-16,,,2017-11-16T21:17:53
Incline Press (Dumbbell),3,8,210.0,2017-11-16,,,2017-11-16T21:17:53
Tricep pushdown,1,12,100.0,2017-11-16,,,2017-11-16T21:17:53
Leg curl,2,10,120.0,2017-11-18,,,2017-11-18T18:40:39
Leg outward fly,2,12,130.0,2017-11-18,,,2017-11-18T18:40:39
Leg press (hinge ),2,8,680.0,2017-11-18,,,2017-11-18T18:40:39
Squat (Barbell),1,5,380.0,2017-11-18,,,2017-11-18T18:40:39
Bicep Curl (barbell ),2,10,75.0,2017-11-19,,,2017-11-19T15:24:57
Chin Up,4,8,65.0,2017-11-19,,,2017-11-19T15:24:57
Hammer seated row (CLOSE GRIP),3,10,250.0,2017-11-19,,,2017-11-19T15:24:57
Bench Press (Barbell),2,5,295.0,2017-11-20,,,2017-11-20T20:13:37
Incline Press (Dumbbell),3,11,160.0,2017-11-20,,,2017-11-20T20:13:37
Seated Shoulder  Press (Barbell),2,6,240.0,2017-11-20,,,2017-11-20T20:13:37
Leg outward fly,2,12,130.0,2017-11-22,,,2017-11-22T14:59:09
Leg press (hinge ),3,9,720.0,2017-11-22,,,2017-11-22T14:59:09
Romanian Deadlift (Barbell),2,8,135.0,2017-11-22,,,2017-11-22T14:59:09
Squat (Barbell),3,5,365.0,2017-11-22,,,2017-11-22T14:59:09
Chin Up,6,8,65.0,2017-11-23,,,2017-11-23T13:16:47
Face pull,4,14,30.0,2017-11-23,,,2017-11-23T13:16:47
Hammer Curl,4,12,50.0,2017-11-23,,,2017-11-23T13:16:47
Hammer seated row (CLOSE GRIP),6,12,210.0,2017-11-23,,,2017-11-23T13:16:47
Incline Bench Press (Barbell),3,7,255.0,2017-11-24,,,2017-11-24T13:09:49
Incline Press (Dumbbell),3,10,200.0,2017-11-24,,,2017-11-24T13:09:49
Leg curl,2,10,120.0,2017-11-26,,,2017-11-26T17:35:57
Leg press (hinge ),3,10,630.0,2017-11-26,,,2017-11-26T17:35:57
Romanian Deadlift (Barbell),2,9,185.0,2017-11-26,,,2017-11-26T17:35:57
Squat (Barbell),2,4,365.0,2017-11-26,,,2017-11-26T17:35:57
Chin Up,3,8,65.0,2017-11-27,,,2017-11-27T21:50:25
Hammer seated row (CLOSE GRIP),3,11,180.0,2017-11-27,,,2017-11-27T21:50:25
Romanian Deadlift (Barbell),3,8,225.0,2017-11-30,,,2017-11-30T16:57:05
Squat (Barbell),2,5,365.0,2017-11-30,,,2017-11-30T16:57:05
Chin Up,5,13,0.0,2017-12-02,,,2017-12-02T00:14:13
Hammer lat pulldown,2,10,180.0,2017-12-02,,,2017-12-02T00:14:13
Hammer seated row (CLOSE GRIP),4,12,230.0,2017-12-02,,,2017-12-02T00:14:13
Incline Bench Press (Barbell),3,8,245.0,2017-12-03,,,2017-12-03T13:23:06
Overhead Press (Dumbbell),2,10,130.0,2017-12-03,,,2017-12-03T13:23:06
Weighted dips,2,9,108.0,2017-12-03,,,2017-12-03T13:23:06
Bicep Curl (Barbell),2,14,50.0,2017-12-05,,,2017-12-05T22:56:50
Chin Up,2,8,70.0,2017-12-05,,,2017-12-05T22:56:50
Hammer seated row (CLOSE GRIP),4,10,230.0,2017-12-05,,,2017-12-05T22:56:50
Front Squat (Barbell),3,4,225.0,2017-12-06,,,2017-12-06T21:13:03
Squat (Barbell),1,5,365.0,2017-12-06,,,2017-12-06T21:13:03
Bench Press (Barbell),3,6,285.0,2017-12-07,,,2017-12-07T20:30:37
Seated Shoulder  Press (Barbell),3,6,225.0,2017-12-07,,,2017-12-07T20:30:37
Weighted dips,2,10,93.0,2017-12-07,,,2017-12-07T20:30:37
Chin Up,5,7,70.0,2017-12-09,,,2017-12-09T15:27:51
Hammer Curl,2,12,60.0,2017-12-09,,,2017-12-09T15:27:51
Hammer lat pulldown,2,10,195.0,2017-12-09,,,2017-12-09T15:27:51
Hammer seated row (CLOSE GRIP),3,12,240.0,2017-12-09,,,2017-12-09T15:27:51
Glute extension.,2,12,130.0,2017-12-10,,,2017-12-10T12:46:23
Good Morning (Barbell),2,10,115.0,2017-12-10,,,2017-12-10T12:46:23
Leg curl,1,10,135.0,2017-12-10,,,2017-12-10T12:46:23
Leg outward fly,3,15,120.0,2017-12-10,,,2017-12-10T12:46:23
Leg press (hinge ),1,10,270.0,2017-12-10,,,2017-12-10T12:46:23
Romanian Deadlift (Barbell),1,8,225.0,2017-12-10,,,2017-12-10T12:46:23
Squat (Barbell),2,5,365.0,2017-12-10,,,2017-12-10T12:46:23
Incline Bench Press (Barbell),3,6,230.0,2017-12-11,,,2017-12-11T22:59:23
Weighted dips,2,10,35.0,2017-12-11,,,2017-12-11T22:59:23
Chin Up,4,6,75.0,2017-12-13,,,2017-12-13T19:12:53
Hammer Row Stand 1armed,2,10,270.0,2017-12-13,,,2017-12-13T19:12:53
Hammer seated row (CLOSE GRIP),3,10,190.0,2017-12-13,,,2017-12-13T19:12:53
Squat (Barbell),2,5,185.0,2017-12-14,,,2017-12-14T17:37:35
Incline Bench Press (Barbell),2,8,250.0,2017-12-15,,,2017-12-15T21:36:35
Incline Press (Dumbbell),3,11,170.0,2017-12-15,,,2017-12-15T21:36:35
Weighted dips,1,10,0.0,2017-12-15,,,2017-12-15T21:36:35
Squat (Barbell),2,5,315.0,2017-12-16,,,2017-12-16T10:03:23
Chin Up,4,6,75.0,2017-12-17,,,2017-12-17T11:07:59
Hammer Row Stand 1armed,1,10,270.0,2017-12-17,,,2017-12-17T11:07:59
Hammer lat pulldown,1,10,195.0,2017-12-17,,,2017-12-17T11:07:59
Hammer seated row (CLOSE GRIP),1,10,255.0,2017-12-17,,,2017-12-17T11:07:59
Bench Press (Barbell),1,5,290.0,2017-12-19,,,2017-12-19T13:34:07
Seated Shoulder  Press (Barbell),4,7,230.0,2017-12-19,,,2017-12-19T13:34:07
Sling Shot Bench,1,7,315.0,2017-12-19,,,2017-12-19T13:34:07
Leg press (hinge ),2,9,720.0,2017-12-20,,,2017-12-20T22:04:10
Squat (Barbell),3,5,335.0,2017-12-20,,,2017-12-20T22:04:10
Chin Up,4,10,55.0,2017-12-21,,,2017-12-21T00:10:03
Hammer lat pulldown,2,10,200.0,2017-12-21,,,2017-12-21T00:10:03
Hammer seated row (CLOSE GRIP),4,12,260.0,2017-12-21,,,2017-12-21T00:10:03
Incline Bench Press (Barbell),3,8,250.0,2017-12-23,,,2017-12-23T15:46:53
Incline Press (Dumbbell),1,12,160.0,2017-12-23,,,2017-12-23T15:46:53
Lateral Raise (Dumbbells),2,12,40.0,2017-12-23,,,2017-12-23T15:46:53
Overhead Press (Dumbbell),1,11,130.0,2017-12-23,,,2017-12-23T15:46:53
Sling Shot Incline,2,6,270.0,2017-12-23,,,2017-12-23T15:46:53
Good Morning (Barbell),1,10,115.0,2017-12-24,,,2017-12-24T14:49:04
Hack Squat,1,10,170.0,2017-12-24,,,2017-12-24T14:49:04
Squat (Barbell),2,5,355.0,2017-12-24,,,2017-12-24T14:49:04
Chin Up,3,8,62.5,2017-12-25,,,2017-12-25T15:32:32
Hammer seated row (CLOSE GRIP),3,10,270.0,2017-12-25,,,2017-12-25T15:32:32
Bench Press (Barbell),2,5,290.0,2017-12-27,,,2017-12-27T13:37:00
Seated Shoulder  Press (Barbell),2,6,240.0,2017-12-27,,,2017-12-27T13:37:00
Shoulder Press (Standing),2,8,105.0,2017-12-27,,,2017-12-27T13:37:00
Sling Shot Bench,2,6,320.0,2017-12-27,,,2017-12-27T13:37:00
Deadlift (Barbell),1,2,450.0,2017-12-28,,,2017-12-28T18:23:58
Hack Squat,1,8,270.0,2017-12-28,,,2017-12-28T18:23:58
Squat (Barbell),2,4,375.0,2017-12-28,,,2017-12-28T18:23:58
Chin Up,2,10,45.0,2017-12-29,,,2017-12-29T13:43:12
Hammer Row - Wide Grip,3,10,240.0,2017-12-29,,,2017-12-29T13:43:12
Hammer seated row (CLOSE GRIP),2,10,280.0,2017-12-29,,,2017-12-29T13:43:12
Lat Pulldown,1,8,140.0,2017-12-29,,,2017-12-29T13:43:12
Rear delt fly,2,12,80.0,2017-12-29,,,2017-12-29T13:43:12
Incline Bench Press (Barbell),2,8,250.0,2017-12-31,,,2017-12-31T11:39:05
Seated Shoulder  Press (Barbell),2,10,85.0,2017-12-31,,,2017-12-31T11:39:05
Shoulder Press (Standing),1,7,95.0,2017-12-31,,,2017-12-31T11:39:05
Sling Shot Incline,3,5,275.0,2017-12-31,,,2017-12-31T11:39:05
Tricep pushdown,2,15,60.0,2017-12-31,,,2017-12-31T11:39:05
Hack Squat,2,8,275.0,2018-01-01,,,2018-01-01T11:23:23
Romanian Deadlift (Barbell),3,7,195.0,2018-01-01,,,2018-01-01T11:23:23
Squat (Barbell),3,5,315.0,2018-01-01,,,2018-01-01T11:23:23
Chin Up,3,10,47.5,2018-01-02,,,2018-01-02T21:03:19
Hammer Row - Wide Grip,3,11,240.0,2018-01-02,,,2018-01-02T21:03:19
Hammer seated row (CLOSE GRIP),3,10,270.0,2018-01-02,,,2018-01-02T21:03:19
Lat Pulldown,2,10,100.0,2018-01-02,,,2018-01-02T21:03:19
Bench Press (Barbell),2,5,285.0,2018-01-04,,,2018-01-04T19:43:55
Seated Shoulder  Press (Barbell),2,6,240.0,2018-01-04,,,2018-01-04T19:43:55
Hack Squat,2,8,280.0,2018-01-05,,,2018-01-05T20:05:01
Romanian Deadlift (Barbell),1,8,195.0,2018-01-05,,,2018-01-05T20:05:01
Squat (Barbell),2,4,385.0,2018-01-05,,,2018-01-05T20:05:01
Chin Up,4,6,67.5,2018-01-06,,,2018-01-06T12:02:36
Hammer Row - Wide Grip,3,9,245.0,2018-01-06,,,2018-01-06T12:02:36
Hammer seated row (CLOSE GRIP),3,10,275.0,2018-01-06,,,2018-01-06T12:02:36
Lat Pulldown,2,10,100.0,2018-01-06,,,2018-01-06T12:02:36
Rear delt fly,3,15,90.0,2018-01-06,,,2018-01-06T12:02:36
Shrugs,4,5,315.0,2018-01-06,,,2018-01-06T12:02:36
Face pull,4,13,110.0,2018-01-08,,,2018-01-08T20:51:23
Incline Bench Press (Barbell),5,5,255.0,2018-01-08,,,2018-01-08T20:51:23
Incline Press (Dumbbell),3,12,140.0,2018-01-08,,,2018-01-08T20:51:23
Weighted dips,4,6,110.0,2018-01-08,,,2018-01-08T20:51:23
Hack Squat,4,6,290.0,2018-01-09,,,2018-01-09T19:44:07
Rack Pull - 1 Pin,3,5,365.0,2018-01-09,,,2018-01-09T19:44:07
Squat (Barbell),5,5,325.0,2018-01-09,,,2018-01-09T19:44:07
Chin Up,5,5,75.0,2018-01-10,,,2018-01-10T19:40:42
Face pull,3,12,60.0,2018-01-10,,,2018-01-10T19:40:42
Hammer Curl (Dumbbell ),2,14,50.0,2018-01-10,,,2018-01-10T19:40:42
Hammer High Row - 1 Arm,2,10,70.0,2018-01-10,,,2018-01-10T19:40:42
Hammer Row - Wide Grip,2,10,240.0,2018-01-10,,,2018-01-10T19:40:42
Hammer lat pulldown,2,12,100.0,2018-01-10,,,2018-01-10T19:40:42
Hammer seated row (CLOSE GRIP),2,9,280.0,2018-01-10,,,2018-01-10T19:40:42
Bench Press (Barbell),2,5,295.0,2018-01-12,,,2018-01-12T18:34:57
Incline Press (Dumbbell),2,11,120.0,2018-01-12,,,2018-01-12T18:34:57
Seated Shoulder  Press (Barbell),2,8,175.0,2018-01-12,,,2018-01-12T18:34:57
Sling Shot Bench,1,5,330.0,2018-01-12,,,2018-01-12T18:34:57
Deadlift (Barbell),1,3,325.0,2018-01-13,,,2018-01-13T11:03:55
Hack Squat,1,8,300.0,2018-01-13,,,2018-01-13T11:03:55
Romanian Deadlift (Barbell),4,7,195.0,2018-01-13,,,2018-01-13T11:03:55
Squat (Barbell),2,4,390.0,2018-01-13,,,2018-01-13T11:03:55
Bent Over Row (Dumbbell),1,10,160.0,2018-01-14,,,2018-01-14T14:21:26
Bicep Curl (Barbell),2,10,50.0,2018-01-14,,,2018-01-14T14:21:26
Chin Up,4,9,50.0,2018-01-14,,,2018-01-14T14:21:26
Hammer Row - Wide Grip,2,11,250.0,2018-01-14,,,2018-01-14T14:21:26
Hammer seated row (CLOSE GRIP),2,10,250.0,2018-01-14,,,2018-01-14T14:21:26
Neutral Chin,2,8,25.0,2018-01-14,,,2018-01-14T14:21:26
Rack Pull 2 Pin,1,5,385.0,2018-01-14,,,2018-01-14T14:21:26
Face pull,3,13,40.0,2018-01-16,,,2018-01-16T18:57:35
Incline Bench Press (Barbell),5,5,257.5,2018-01-16,,,2018-01-16T18:57:35
Incline Press (Dumbbell),3,12,140.0,2018-01-16,,,2018-01-16T18:57:35
Lateral Raise (Dumbbells),4,14,30.0,2018-01-16,,,2018-01-16T18:57:35
Weighted dips,2,10,62.0,2018-01-16,,,2018-01-16T18:57:35
Hack Squat,2,8,300.0,2018-01-18,,,2018-01-18T20:35:10
Romanian Deadlift (Barbell),3,6,205.0,2018-01-18,,,2018-01-18T20:35:10
Squat (Barbell),3,5,330.0,2018-01-18,,,2018-01-18T20:35:10
Chin Up,5,6,70.0,2018-01-19,,,2018-01-19T18:15:31
Face pull,2,13,40.0,2018-01-19,,,2018-01-19T18:15:31
Hammer High Row - 1 Arm,2,12,150.0,2018-01-19,,,2018-01-19T18:15:31
Hammer Row - Wide Grip,2,10,250.0,2018-01-19,,,2018-01-19T18:15:31
Hammer seated row (CLOSE GRIP),3,12,250.0,2018-01-19,,,2018-01-19T18:15:31
Bench Press (Barbell),2,6,300.0,2018-01-20,,,2018-01-20T14:33:57
Incline Press (Dumbbell),1,12,130.0,2018-01-20,,,2018-01-20T14:33:57
Lateral Raise (Dumbbells),3,13,30.0,2018-01-20,,,2018-01-20T14:33:57
Seated Shoulder  Press (Barbell),3,5,235.0,2018-01-20,,,2018-01-20T14:33:57
Sling Shot Bench,3,4,325.0,2018-01-20,,,2018-01-20T14:33:57
Leg curl,1,12,120.0,2018-01-21,,,2018-01-21T20:53:34
Leg press (hinge ),2,10,540.0,2018-01-21,,,2018-01-21T20:53:34
Rack Pull 2 Pin,2,5,445.0,2018-01-21,,,2018-01-21T20:53:34
Squat (Barbell),2,3,185.0,2018-01-21,,,2018-01-21T20:53:34
Chin Up,4,8,50.0,2018-01-22,,,2018-01-22T20:49:44
Seated Cable Row (close Grip),6,10,120.0,2018-01-22,,,2018-01-22T20:49:44
Incline Bench Press (Barbell),5,5,260.0,2018-01-24,,,2018-01-24T08:26:21
Incline Press (Dumbbell),2,12,140.0,2018-01-24,,,2018-01-24T08:26:21
Lateral Raise (Dumbbells),2,12,20.0,2018-01-24,,,2018-01-24T08:26:21
Overhead Press (Dumbbell),1,10,100.0,2018-01-24,,,2018-01-24T08:26:21
Sling Shot Incline,1,7,265.0,2018-01-24,,,2018-01-24T08:26:21
Hack Squat,3,9,290.0,2018-01-25,,,2018-01-25T19:48:11
Leg outward fly,3,13,120.0,2018-01-25,,,2018-01-25T19:48:11
Romanian Deadlift (Barbell),3,8,155.0,2018-01-25,,,2018-01-25T19:48:11
Squat (Barbell),3,5,335.0,2018-01-25,,,2018-01-25T19:48:11
kettlebell Swings,2,15,53.0,2018-01-25,,,2018-01-25T19:48:11
Chin Up,3,7,50.0,2018-01-26,,,2018-01-26T19:31:59
Hammer Row - Wide Grip,1,10,180.0,2018-01-26,,,2018-01-26T19:31:59
Hammer seated row (CLOSE GRIP),2,10,250.0,2018-01-26,,,2018-01-26T19:31:59
Neutral Chin,1,6,27.0,2018-01-26,,,2018-01-26T19:31:59
Rack Pull - 1 Pin,2,5,325.0,2018-01-26,,,2018-01-26T19:31:59
Shrugs,1,5,275.0,2018-01-26,,,2018-01-26T19:31:59
T-bar Row,2,8,115.0,2018-01-26,,,2018-01-26T19:31:59
Bench Press (Barbell),2,5,300.0,2018-01-28,,,2018-01-28T14:38:08
Lateral Raise (Dumbbells),3,13,30.0,2018-01-28,,,2018-01-28T14:38:08
Seated Shoulder  Press (Barbell),2,5,240.0,2018-01-28,,,2018-01-28T14:38:08
Tricep pushdown,2,12,60.0,2018-01-28,,,2018-01-28T14:38:08
close grip Bench,3,5,225.0,2018-01-28,,,2018-01-28T14:38:08
Deadlift (Barbell),1,3,430.0,2018-01-29,,,2018-01-29T19:04:45
Front Squat (Barbell),1,6,135.0,2018-01-29,,,2018-01-29T19:04:45
Leg press (hinge ),2,12,600.0,2018-01-29,,,2018-01-29T19:04:45
Romanian Deadlift (Barbell),2,8,95.0,2018-01-29,,,2018-01-29T19:04:45
Squat (Barbell),2,4,365.0,2018-01-29,,,2018-01-29T19:04:45
Chin Up,4,10,35.0,2018-01-30,,,2018-01-30T16:50:10
Face pull,2,12,80.0,2018-01-30,,,2018-01-30T16:50:10
Hammer Curl (Dumbbell ),2,14,50.0,2018-01-30,,,2018-01-30T16:50:10
Hammer Row - Wide Grip,3,11,200.0,2018-01-30,,,2018-01-30T16:50:10
Hammer seated row (CLOSE GRIP),2,11,250.0,2018-01-30,,,2018-01-30T16:50:10
Neutral Chin,1,8,0.0,2018-01-30,,,2018-01-30T16:50:10
T-bar Row,2,8,90.0,2018-01-30,,,2018-01-30T16:50:10
Incline Bench Press (Barbell),5,5,262.5,2018-02-01,,,2018-02-01T08:27:39
Incline Press (Dumbbell),1,10,180.0,2018-02-01,,,2018-02-01T08:27:39
Low Incline Dumbbell Bench,1,10,180.0,2018-02-01,,,2018-02-01T08:27:39
Leg press (hinge ),3,10,540.0,2018-02-02,,,2018-02-02T19:42:56
Romanian Deadlift (Barbell),2,8,135.0,2018-02-02,,,2018-02-02T19:42:56
Squat (Barbell),5,5,345.0,2018-02-02,,,2018-02-02T19:42:56
kettlebell Swings,2,12,52.0,2018-02-02,,,2018-02-02T19:42:56
Bent Over Row (Dumbbell),3,8,160.0,2018-02-03,,,2018-02-03T13:56:43
Chin Up,3,8,52.5,2018-02-03,,,2018-02-03T13:56:43
Face pull,2,12,70.0,2018-02-03,,,2018-02-03T13:56:43
Hammer High Row - 1 Arm,2,10,110.0,2018-02-03,,,2018-02-03T13:56:43
Hammer Row - Wide Grip,1,10,250.0,2018-02-03,,,2018-02-03T13:56:43
Hammer seated row (CLOSE GRIP),1,10,250.0,2018-02-03,,,2018-02-03T13:56:43
Bench Press (Barbell),3,5,275.0,2018-02-05,,,2018-02-05T18:02:30
Lateral Raise (Dumbbells),1,15,30.0,2018-02-05,,,2018-02-05T18:02:30
Seated Shoulder  Press (Barbell),1,8,235.0,2018-02-05,,,2018-02-05T18:02:30
Shoulder Press (Standing),2,5,95.0,2018-02-05,,,2018-02-05T18:02:30
Tricep pushdown,2,12,80.0,2018-02-05,,,2018-02-05T18:02:30
close grip Bench,1,8,225.0,2018-02-05,,,2018-02-05T18:02:30
Deadlift (Barbell),2,4,345.0,2018-02-06,,,2018-02-06T21:16:23
Leg press,2,12,550.0,2018-02-06,,,2018-02-06T21:16:23
Romanian Deadlift (Barbell),1,8,145.0,2018-02-06,,,2018-02-06T21:16:23
Squat (Barbell),2,3,365.0,2018-02-06,,,2018-02-06T21:16:23
sumo deadlift,1,3,325.0,2018-02-06,,,2018-02-06T21:16:23
Bent Over Row (Dumbbell),1,10,170.0,2018-02-07,,,2018-02-07T19:45:25
Chin Up,3,10,37.5,2018-02-07,,,2018-02-07T19:45:25
Face pull,3,15,50.0,2018-02-07,,,2018-02-07T19:45:25
Hammer Row - Wide Grip,1,9,270.0,2018-02-07,,,2018-02-07T19:45:25
Hammer seated row (CLOSE GRIP),2,10,230.0,2018-02-07,,,2018-02-07T19:45:25
Seated Cable Row (close Grip),2,11,140.0,2018-02-07,,,2018-02-07T19:45:25
Shrugs,2,10,225.0,2018-02-07,,,2018-02-07T19:45:25
Face pull,2,12,60.0,2018-02-09,,,2018-02-09T10:26:42
Incline Bench Press (Barbell),3,5,265.0,2018-02-09,,,2018-02-09T10:26:42
Incline Press (Dumbbell),2,12,180.0,2018-02-09,,,2018-02-09T10:26:42
Lateral Raise (Dumbbells),3,15,30.0,2018-02-09,,,2018-02-09T10:26:42
Low Incline Dumbbell Bench,1,12,180.0,2018-02-09,,,2018-02-09T10:26:42
lying Skullcrusher,2,10,80.0,2018-02-09,,,2018-02-09T10:26:42
Deadlift - Trap Bar,2,6,225.0,2018-02-10,,,2018-02-10T16:41:38
Leg press (hinge ),2,8,590.0,2018-02-10,,,2018-02-10T16:41:38
Squat (Barbell),3,5,350.0,2018-02-10,,,2018-02-10T16:41:38
high bar squat,2,7,155.0,2018-02-10,,,2018-02-10T16:41:38
Bent Over Row (Dumbbell),3,10,180.0,2018-02-11,,,2018-02-11T13:23:29
Chin Up,2,8,55.0,2018-02-11,,,2018-02-11T13:23:29
Face pull,3,12,60.0,2018-02-11,,,2018-02-11T13:23:29
Hammer Row - Wide Grip,1,13,150.0,2018-02-11,,,2018-02-11T13:23:29
Hammer seated row (CLOSE GRIP),1,10,150.0,2018-02-11,,,2018-02-11T13:23:29
Lat Pulldown,2,10,150.0,2018-02-11,,,2018-02-11T13:23:29
Neutral Chin,1,8,0.0,2018-02-11,,,2018-02-11T13:23:29
Pull Up,2,9,12.5,2018-02-11,,,2018-02-11T13:23:29
curl ez bar,2,15,70.0,2018-02-11,,,2018-02-11T13:23:29
Bench Press (Barbell),1,5,295.0,2018-02-13,,,2018-02-13T08:34:58
Seated Shoulder  Press (Barbell),3,8,230.0,2018-02-13,,,2018-02-13T08:34:58
Seated Shoulder Press (Dumbbell),2,10,55.0,2018-02-13,,,2018-02-13T08:34:58
close grip Bench,2,7,240.0,2018-02-13,,,2018-02-13T08:34:58
Leg press (hinge ),3,10,610.0,2018-02-14,,,2018-02-14T16:09:57
Romanian Deadlift (Barbell),3,8,145.0,2018-02-14,,,2018-02-14T16:09:57
Squat (Barbell),2,3,405.0,2018-02-14,,,2018-02-14T16:09:57
high bar squat,1,12,195.0,2018-02-14,,,2018-02-14T16:09:57
Bent Over Row (Dumbbell),2,8,210.0,2018-02-16,,,2018-02-16T18:45:34
Chin Up,2,12,20.0,2018-02-16,,,2018-02-16T18:45:34
Deadlift (Barbell),2,2,225.0,2018-02-16,,,2018-02-16T18:45:34
Face pull,2,18,60.0,2018-02-16,,,2018-02-16T18:45:34
Hammer Row - Wide Grip,2,12,230.0,2018-02-16,,,2018-02-16T18:45:34
Hammer lat pulldown,3,12,180.0,2018-02-16,,,2018-02-16T18:45:34
curl ez bar,2,13,70.0,2018-02-16,,,2018-02-16T18:45:34
Incline Bench Press (Barbell),3,5,270.0,2018-02-17,,,2018-02-17T15:51:37
Incline Press (Dumbbell),2,10,190.0,2018-02-17,,,2018-02-17T15:51:37
Lateral Raise (Dumbbells),3,15,30.0,2018-02-17,,,2018-02-17T15:51:37
Low Incline Dumbbell Bench,1,11,190.0,2018-02-17,,,2018-02-17T15:51:37
close grip Bench,2,10,195.0,2018-02-17,,,2018-02-17T15:51:37
Leg press (hinge ),2,10,610.0,2018-02-18,,,2018-02-18T16:47:10
Romanian Deadlift (Barbell),2,8,150.0,2018-02-18,,,2018-02-18T16:47:10
Squat (Barbell),3,5,365.0,2018-02-18,,,2018-02-18T16:47:10
high bar squat,2,10,205.0,2018-02-18,,,2018-02-18T16:47:10
kettlebell Swings,1,10,63.0,2018-02-18,,,2018-02-18T16:47:10
Bent Over Row (Dumbbell),3,10,220.0,2018-02-20,,,2018-02-20T18:28:50
Chin Up,3,3,80.0,2018-02-20,,,2018-02-20T18:28:50
Curl Dumbbell,3,12,40.0,2018-02-20,,,2018-02-20T18:28:50
Deadlift (Barbell),3,3,235.0,2018-02-20,,,2018-02-20T18:28:50
Hammer Row - Wide Grip,2,14,200.0,2018-02-20,,,2018-02-20T18:28:50
Hammer seated row (CLOSE GRIP),2,12,200.0,2018-02-20,,,2018-02-20T18:28:50
Lat Pulldown,1,8,170.0,2018-02-20,,,2018-02-20T18:28:50
Bench Press (Barbell),3,6,280.0,2018-02-21,,,2018-02-21T19:57:21
Seated Shoulder  Press (Barbell),2,8,230.0,2018-02-21,,,2018-02-21T19:57:21
Leg outward fly,2,15,120.0,2018-02-22,,,2018-02-22T21:00:54
Leg press (hinge ),2,10,610.0,2018-02-22,,,2018-02-22T21:00:54
Romanian Deadlift (Barbell),2,8,155.0,2018-02-22,,,2018-02-22T21:00:54
Squat (Barbell),2,3,415.0,2018-02-22,,,2018-02-22T21:00:54
high bar squat,1,8,230.0,2018-02-22,,,2018-02-22T21:00:54
Bent Over Row (Dumbbell),3,11,180.0,2018-02-24,,,2018-02-24T20:32:01
Chin Up,2,12,22.5,2018-02-24,,,2018-02-24T20:32:01
Curl Dumbbell,2,12,40.0,2018-02-24,,,2018-02-24T20:32:01
Deadlift (Barbell),1,3,430.0,2018-02-24,,,2018-02-24T20:32:01
Face pull,2,12,60.0,2018-02-24,,,2018-02-24T20:32:01
Hammer Row - Wide Grip,1,13,210.0,2018-02-24,,,2018-02-24T20:32:01
Lat Pulldown Closegrip,1,8,170.0,2018-02-24,,,2018-02-24T20:32:01
kettlebell Swings,1,8,72.0,2018-02-24,,,2018-02-24T20:32:01
Incline Bench Press (Barbell),3,5,275.0,2018-02-25,,,2018-02-25T14:09:05
Weighted dips,3,10,70.0,2018-02-25,,,2018-02-25T14:09:05
Bent Over Row (Dumbbell),2,10,170.0,2018-02-28,,,2018-02-28T17:46:53
Chin Up,3,9,50.0,2018-02-28,,,2018-02-28T17:46:53
Lat Pulldown,1,10,150.0,2018-02-28,,,2018-02-28T17:46:53
T-bar Row,4,10,125.0,2018-02-28,,,2018-02-28T17:46:53
Bench Press (Barbell),3,5,275.0,2018-03-01,,,2018-03-01T18:57:21
Bent Over Row (Dumbbell),2,12,150.0,2018-03-06,,,2018-03-06T18:33:21
Chin Up,4,11,20.0,2018-03-06,,,2018-03-06T18:33:21
Deadlift (Barbell),2,3,415.0,2018-03-06,,,2018-03-06T18:33:21
Neutral Chin,2,9,0.0,2018-03-06,,,2018-03-06T18:33:21
Seated Cable Row (close Grip),3,12,140.0,2018-03-06,,,2018-03-06T18:33:21
Incline Bench Press (Barbell),4,6,225.0,2018-03-07,,,2018-03-07T20:09:46
Seated Shoulder  Press (Barbell),3,10,165.0,2018-03-07,,,2018-03-07T20:09:46
Weighted dips,3,12,0.0,2018-03-07,,,2018-03-07T20:09:46
Chin Up,2,9,30.0,2018-03-11,,,2018-03-11T16:15:08
Hammer Row - Wide Grip,1,8,230.0,2018-03-11,,,2018-03-11T16:15:08
Hammer seated row (CLOSE GRIP),3,10,200.0,2018-03-11,,,2018-03-11T16:15:08
Neutral Chin,3,10,0.0,2018-03-11,,,2018-03-11T16:15:08
Bench Press (Barbell),3,5,265.0,2018-03-12,,,2018-03-12T20:08:29
Seated Shoulder  Press (Barbell),4,8,225.0,2018-03-12,,,2018-03-12T20:08:29
Leg press (hinge ),4,10,360.0,2018-03-13,,,2018-03-13T18:44:13
Romanian Deadlift (Barbell),2,8,145.0,2018-03-13,,,2018-03-13T18:44:13
Squat (Barbell),3,5,325.0,2018-03-13,,,2018-03-13T18:44:13
Chin Up,3,8,50.0,2018-03-15,,,2018-03-15T21:24:06
Incline Bench Press (Barbell),2,8,240.0,2018-03-16,,,2018-03-16T21:26:27
Incline Press (Dumbbell),1,11,170.0,2018-03-16,,,2018-03-16T21:26:27
Low Incline Dumbbell Bench,1,11,180.0,2018-03-16,,,2018-03-16T21:26:27
Weighted dips,2,12,0.0,2018-03-16,,,2018-03-16T21:26:27
Leg press (hinge ),1,11,550.0,2018-03-17,,,2018-03-17T21:28:32
Squat (Barbell),2,6,295.0,2018-03-17,,,2018-03-17T21:28:32
Bent Over Row (Dumbbell),3,10,110.0,2018-03-19,,,2018-03-19T19:27:35
Chin Up,3,10,22.5,2018-03-19,,,2018-03-19T19:27:35
Deadlift (Barbell),2,3,405.0,2018-03-19,,,2018-03-19T19:27:35
Hammer Row - Wide Grip,1,12,220.0,2018-03-19,,,2018-03-19T19:27:35
Hammer seated row (CLOSE GRIP),2,10,220.0,2018-03-19,,,2018-03-19T19:27:35
Lat Pulldown,2,10,130.0,2018-03-19,,,2018-03-19T19:27:35
Bench Press (Barbell),2,7,275.0,2018-03-20,,,2018-03-20T07:27:13
Seated Shoulder  Press (Barbell),4,7,230.0,2018-03-20,,,2018-03-20T07:27:13
Tricep pushdown,2,12,60.0,2018-03-20,,,2018-03-20T07:27:13
Hack Squat,1,10,200.0,2018-03-21,,,2018-03-21T20:53:59
Squat (Barbell),3,8,185.0,2018-03-21,,,2018-03-21T20:53:59
kettlebell Swings,3,12,52.0,2018-03-21,,,2018-03-21T20:53:59
Bent Over Row (Dumbbell),2,11,230.0,2018-03-23,,,2018-03-23T19:00:33
Bicep Curl (Barbell),3,15,40.0,2018-03-23,,,2018-03-23T19:00:33
Chin Up,2,8,55.0,2018-03-23,,,2018-03-23T19:00:33
Seated Cable Row (close Grip),2,12,150.0,2018-03-23,,,2018-03-23T19:00:33
T-bar Row,2,10,122.5,2018-03-23,,,2018-03-23T19:00:33
Incline Bench Press (Barbell),3,8,245.0,2018-03-24,,,2018-03-24T15:52:46
Incline Press (Dumbbell),2,12,150.0,2018-03-24,,,2018-03-24T15:52:46
Lateral Raise (Dumbbells),2,15,30.0,2018-03-24,,,2018-03-24T15:52:46
Tricep pushdown,1,12,90.0,2018-03-24,,,2018-03-24T15:52:46
Leg outward fly,1,12,120.0,2018-03-25,,,2018-03-25T19:07:14
Leg press (hinge ),2,10,570.0,2018-03-25,,,2018-03-25T19:07:14
Romanian Deadlift (Barbell),2,8,150.0,2018-03-25,,,2018-03-25T19:07:14
Squat (Barbell),3,5,320.0,2018-03-25,,,2018-03-25T19:07:14
high bar squat,2,9,195.0,2018-03-25,,,2018-03-25T19:07:14
Bent Over Row (Dumbbell),3,12,170.0,2018-03-27,,,2018-03-27T20:18:33
Bicep Curl (Barbell),3,13,60.0,2018-03-27,,,2018-03-27T20:18:33
Chin Up,3,10,25.0,2018-03-27,,,2018-03-27T20:18:33
Deadlift (Barbell),2,4,315.0,2018-03-27,,,2018-03-27T20:18:33
Face pull,1,13,70.0,2018-03-27,,,2018-03-27T20:18:33
Hammer Row - Wide Grip,1,12,220.0,2018-03-27,,,2018-03-27T20:18:33
Hammer lat pulldown,1,12,160.0,2018-03-27,,,2018-03-27T20:18:33
Hammer seated row (CLOSE GRIP),1,12,235.0,2018-03-27,,,2018-03-27T20:18:33
Bench Press (Barbell),2,5,285.0,2018-03-28,,,2018-03-28T19:20:22
Cable Fly,2,12,46.0,2018-03-28,,,2018-03-28T19:20:22
Lateral Raise (Dumbbells),3,15,40.0,2018-03-28,,,2018-03-28T19:20:22
Seated Shoulder  Press (Barbell),2,6,235.0,2018-03-28,,,2018-03-28T19:20:22
Tricep pushdown,2,15,90.0,2018-03-28,,,2018-03-28T19:20:22
Hack Squat,2,10,200.0,2018-03-30,,,2018-03-30T09:32:45
Leg outward fly,2,14,120.0,2018-03-30,,,2018-03-30T09:32:45
Romanian Deadlift (Barbell),1,12,135.0,2018-03-30,,,2018-03-30T09:32:45
Squat (Barbell),2,4,355.0,2018-03-30,,,2018-03-30T09:32:45
high bar squat,2,8,200.0,2018-03-30,,,2018-03-30T09:32:45
Bent Over Row (Dumbbell),3,11,100.0,2018-03-31,,,2018-03-31T09:33:05
Chin Up,2,10,20.0,2018-03-31,,,2018-03-31T09:33:05
Curl Dumbbell,1,12,50.0,2018-03-31,,,2018-03-31T09:33:05
Face pull,2,12,60.0,2018-03-31,,,2018-03-31T09:33:05
Hammer Curl (Dumbbell ),1,12,50.0,2018-03-31,,,2018-03-31T09:33:05
Neutral Chin,2,10,25.0,2018-03-31,,,2018-03-31T09:33:05
Incline Bench Press (Barbell),2,8,245.0,2018-04-02,,,2018-04-02T19:57:43
Weighted dips,2,12,0.0,2018-04-02,,,2018-04-02T19:57:43
close grip Bench,3,8,235.0,2018-04-02,,,2018-04-02T19:57:43
Leg press (hinge ),2,10,540.0,2018-04-04,,,2018-04-04T19:55:42
Squat (Barbell),1,3,365.0,2018-04-04,,,2018-04-04T19:55:42
high bar squat,2,6,225.0,2018-04-04,,,2018-04-04T19:55:42
kettlebell Swings,2,10,61.0,2018-04-04,,,2018-04-04T19:55:42
Chin Up,3,6,75.0,2018-04-05,,,2018-04-05T18:23:43
Curl Dumbbell,3,12,50.0,2018-04-05,,,2018-04-05T18:23:43
Hammer seated row (CLOSE GRIP),3,10,230.0,2018-04-05,,,2018-04-05T18:23:43
T-bar Row,2,10,125.0,2018-04-05,,,2018-04-05T18:23:43
Bench Press (Barbell),3,6,285.0,2018-04-07,,,2018-04-07T15:25:55
Cable Fly,3,12,60.0,2018-04-07,,,2018-04-07T15:25:55
Lateral Raise (Dumbbells),3,12,50.0,2018-04-07,,,2018-04-07T15:25:55
Seated Shoulder  Press (Barbell),3,8,235.0,2018-04-07,,,2018-04-07T15:25:55
Good Morning (Barbell),2,9,100.0,2018-04-08,,,2018-04-08T21:09:07
Leg outward fly,4,13,130.0,2018-04-08,,,2018-04-08T21:09:07
Leg press (hinge ),2,10,580.0,2018-04-08,,,2018-04-08T21:09:07
Squat (Barbell),1,5,350.0,2018-04-08,,,2018-04-08T21:09:07
high bar squat,2,8,230.0,2018-04-08,,,2018-04-08T21:09:07
Bent Over Row (Dumbbell),6,10,105.0,2018-04-09,,,2018-04-09T19:45:00
Bicep Curl (Barbell),6,15,70.0,2018-04-09,,,2018-04-09T19:45:00
Chin Up,8,10,30.0,2018-04-09,,,2018-04-09T19:45:00
Face pull,5,18,80.0,2018-04-09,,,2018-04-09T19:45:00
Hammer High Row - 1 Arm,2,12,70.0,2018-04-09,,,2018-04-09T19:45:00
Hammer seated row (CLOSE GRIP),2,10,240.0,2018-04-09,,,2018-04-09T19:45:00
Incline Bench Press (Barbell),3,8,250.0,2018-04-11,,,2018-04-11T19:13:54
Incline Press (Dumbbell),1,12,180.0,2018-04-11,,,2018-04-11T19:13:54
Low Incline Dumbbell Bench,2,10,180.0,2018-04-11,,,2018-04-11T19:13:54
Leg curl,1,10,125.0,2018-04-12,,,2018-04-12T22:42:10
Leg outward fly,3,14,140.0,2018-04-12,,,2018-04-12T22:42:10
Leg press (hinge ),3,11,580.0,2018-04-12,,,2018-04-12T22:42:10
Squat (Barbell),3,5,370.0,2018-04-12,,,2018-04-12T22:42:10
high bar squat,3,8,235.0,2018-04-12,,,2018-04-12T22:42:10
Bent Over Row (Dumbbell),3,10,220.0,2018-04-13,,,2018-04-13T18:13:39
Chin Up,4,4,80.0,2018-04-13,,,2018-04-13T18:13:39
T-bar Row,2,8,125.0,2018-04-13,,,2018-04-13T18:13:39
Bench Press (Barbell),3,5,290.0,2018-04-15,,,2018-04-15T17:37:42
Lateral Raise (Dumbbells),2,12,50.0,2018-04-15,,,2018-04-15T17:37:42
Seated Shoulder  Press (Barbell),4,6,240.0,2018-04-15,,,2018-04-15T17:37:42
Tricep pushdown,3,12,80.0,2018-04-15,,,2018-04-15T17:37:42
Leg outward fly,3,15,140.0,2018-04-17,,,2018-04-17T20:11:36
Leg press (hinge ),3,10,600.0,2018-04-17,,,2018-04-17T20:11:36
Squat (Barbell),4,5,365.0,2018-04-17,,,2018-04-17T20:11:36
high bar squat,2,8,240.0,2018-04-17,,,2018-04-17T20:11:36
Incline Bench Press (Barbell),4,5,260.0,2018-04-18,,,2018-04-18T19:46:01
Lateral Raise (Dumbbells),3,12,40.0,2018-04-18,,,2018-04-18T19:46:01
Low Incline Dumbbell Bench,2,11,180.0,2018-04-18,,,2018-04-18T19:46:01
Seated Shoulder Press (Dumbbell),1,10,120.0,2018-04-18,,,2018-04-18T19:46:01
Bent Over Row (Dumbbell),3,10,220.0,2018-04-19,,,2018-04-19T19:18:40
Chin Up,4,10,32.5,2018-04-19,,,2018-04-19T19:18:40
Face pull,2,15,90.0,2018-04-19,,,2018-04-19T19:18:40
Hammer High Row - 1 Arm,3,13,75.0,2018-04-19,,,2018-04-19T19:18:40
T-bar Row,3,12,95.0,2018-04-19,,,2018-04-19T19:18:40
Leg outward fly,3,15,140.0,2018-04-21,,,2018-04-21T18:34:47
Leg press (hinge ),3,10,610.0,2018-04-21,,,2018-04-21T18:34:47
Squat (Barbell),1,3,405.0,2018-04-21,,,2018-04-21T18:34:47
high bar squat,4,6,245.0,2018-04-21,,,2018-04-21T18:34:47
Bench Press (Barbell),3,5,295.0,2018-04-22,,,2018-04-22T14:53:47
Lateral Raise (Dumbbells),3,15,40.0,2018-04-22,,,2018-04-22T14:53:47
Seated Shoulder  Press (Barbell),4,6,240.0,2018-04-22,,,2018-04-22T14:53:47
Tricep pushdown,2,15,80.0,2018-04-22,,,2018-04-22T14:53:47
Bent Over Row (Dumbbell),2,11,200.0,2018-04-23,,,2018-04-23T19:27:26
Chin Up,4,6,80.0,2018-04-23,,,2018-04-23T19:27:26
Hammer High Row - 1 Arm,2,13,80.0,2018-04-23,,,2018-04-23T19:27:26
Rear delt fly,2,12,90.0,2018-04-23,,,2018-04-23T19:27:26
T-bar Row,4,12,100.0,2018-04-23,,,2018-04-23T19:27:26
Leg press (hinge ),3,15,270.0,2018-04-25,,,2018-04-25T20:05:29
Squat (Barbell),3,5,365.0,2018-04-25,,,2018-04-25T20:05:29
Incline Bench Press (Barbell),3,5,265.0,2018-04-26,,,2018-04-26T19:49:59
Incline Press (Dumbbell),2,10,190.0,2018-04-26,,,2018-04-26T19:49:59
Lateral Raise (Dumbbells),2,12,50.0,2018-04-26,,,2018-04-26T19:49:59
Low Incline Dumbbell Bench,1,10,190.0,2018-04-26,,,2018-04-26T19:49:59
Tricep pushdown,1,15,80.0,2018-04-26,,,2018-04-26T19:49:59
Chin Up,4,10,35.0,2018-04-27,,,2018-04-27T18:58:27
T-bar Row,3,12,115.0,2018-04-27,,,2018-04-27T18:58:27
Bench Press (Barbell),2,5,300.0,2018-04-30,,,2018-04-30T20:03:47
Lateral Raise (Dumbbells),2,14,50.0,2018-04-30,,,2018-04-30T20:03:47
Seated Shoulder  Press (Barbell),3,6,240.0,2018-04-30,,,2018-04-30T20:03:47
Tricep pushdown,3,15,80.0,2018-04-30,,,2018-04-30T20:03:47
Weighted dips,1,12,0.0,2018-04-30,,,2018-04-30T20:03:47
Bent Over Row (Dumbbell),3,10,210.0,2018-05-01,,,2018-05-01T19:35:12
Chin Up,3,4,85.0,2018-05-01,,,2018-05-01T19:35:12
T-bar Row,2,10,100.0,2018-05-01,,,2018-05-01T19:35:12
Squat (Barbell),3,5,335.0,2018-05-03,,,2018-05-03T19:55:13
high bar squat,3,8,235.0,2018-05-03,,,2018-05-03T19:55:13
Incline Bench Press (Barbell),3,5,270.0,2018-05-04,,,2018-05-04T18:53:04
Incline Press (Dumbbell),1,12,150.0,2018-05-04,,,2018-05-04T18:53:04
Low Incline Dumbbell Bench,2,10,200.0,2018-05-04,,,2018-05-04T18:53:04
Tricep pushdown,3,12,90.0,2018-05-04,,,2018-05-04T18:53:04
Chin Up,4,10,35.0,2018-05-05,,,2018-05-05T18:08:15
Face pull,2,15,90.0,2018-05-05,,,2018-05-05T18:08:15
Hammer High Row - 1 Arm,2,12,90.0,2018-05-05,,,2018-05-05T18:08:15
Neutral Chin,1,8,10.0,2018-05-05,,,2018-05-05T18:08:15
Seated Cable Row (close Grip),4,12,170.0,2018-05-05,,,2018-05-05T18:08:15
Leg curl,3,10,130.0,2018-05-07,,,2018-05-07T20:09:19
Leg press (hinge ),3,10,540.0,2018-05-07,,,2018-05-07T20:09:19
Squat (Barbell),2,5,315.0,2018-05-07,,,2018-05-07T20:09:19
Bench Press (Barbell),3,5,305.0,2018-05-08,,,2018-05-08T19:33:35
Lateral Raise (Dumbbells),3,15,40.0,2018-05-08,,,2018-05-08T19:33:35
Seated Shoulder  Press (Barbell),3,5,245.0,2018-05-08,,,2018-05-08T19:33:35
Tricep pushdown,2,12,130.0,2018-05-08,,,2018-05-08T19:33:35
Chin Up,4,3,90.0,2018-05-09,,,2018-05-09T19:48:56
Face pull,3,15,90.0,2018-05-09,,,2018-05-09T19:48:56
Hammer seated row (CLOSE GRIP),1,12,110.0,2018-05-09,,,2018-05-09T19:48:56
T-bar Row,3,10,115.0,2018-05-09,,,2018-05-09T19:48:56
Leg curl,3,9,135.0,2018-05-11,,,2018-05-11T18:09:00
Leg outward fly,2,14,120.0,2018-05-11,,,2018-05-11T18:09:00
Leg press (hinge ),2,10,550.0,2018-05-11,,,2018-05-11T18:09:00
Squat (Barbell),1,3,405.0,2018-05-11,,,2018-05-11T18:09:00
high bar squat,2,7,235.0,2018-05-11,,,2018-05-11T18:09:00
Incline Bench Press (Barbell),3,5,275.0,2018-05-12,,,2018-05-12T14:13:47
Incline Press (Dumbbell),1,10,140.0,2018-05-12,,,2018-05-12T14:13:47
Lateral Raise (Dumbbells),3,12,50.0,2018-05-12,,,2018-05-12T14:13:47
Low Incline Dumbbell Bench,2,10,200.0,2018-05-12,,,2018-05-12T14:13:47
Tricep pushdown,1,15,110.0,2018-05-12,,,2018-05-12T14:13:47
Bent Over Row (Dumbbell),3,10,190.0,2018-05-13,,,2018-05-13T14:34:31
Chin Up,2,10,37.5,2018-05-13,,,2018-05-13T14:34:31
Face pull,3,15,70.0,2018-05-13,,,2018-05-13T14:34:31
Neutral Chin,2,10,25.0,2018-05-13,,,2018-05-13T14:34:31
Rack Pull 2 Pin,1,5,345.0,2018-05-13,,,2018-05-13T14:34:31
Seated Cable Row (close Grip),2,12,135.0,2018-05-13,,,2018-05-13T14:34:31
Leg curl,3,10,140.0,2018-05-15,,,2018-05-15T19:54:18
Leg press (hinge ),2,10,590.0,2018-05-15,,,2018-05-15T19:54:18
Squat (Barbell),4,5,340.0,2018-05-15,,,2018-05-15T19:54:18
Bench Press (Barbell),3,5,275.0,2018-05-16,,,2018-05-16T08:49:31
Seated Shoulder  Press (Barbell),3,5,245.0,2018-05-16,,,2018-05-16T08:49:31
Tricep pushdown,2,12,130.0,2018-05-16,,,2018-05-16T08:49:31
Chin Up,3,4,90.0,2018-05-17,,,2018-05-17T14:49:43
Hammer High Row - 1 Arm,1,10,200.0,2018-05-17,,,2018-05-17T14:49:43
Hammer Row - Wide Grip,3,10,230.0,2018-05-17,,,2018-05-17T14:49:43
Hammer seated row (CLOSE GRIP),1,10,230.0,2018-05-17,,,2018-05-17T14:49:43
Neutral Chin,2,10,0.0,2018-05-17,,,2018-05-17T14:49:43
Leg curl,2,10,140.0,2018-05-19,,,2018-05-19T14:50:13
Leg outward fly,4,15,130.0,2018-05-19,,,2018-05-19T14:50:13
Leg press (hinge ),3,10,600.0,2018-05-19,,,2018-05-19T14:50:13
Squat (Barbell),2,6,315.0,2018-05-19,,,2018-05-19T14:50:13
Incline Bench Press (Barbell),4,5,275.0,2018-05-20,,,2018-05-20T10:03:19
Incline Press (Dumbbell),2,10,170.0,2018-05-20,,,2018-05-20T10:03:19
Lateral Raise (Dumbbells),3,12,50.0,2018-05-20,,,2018-05-20T10:03:19
Tricep pushdown,1,10,130.0,2018-05-20,,,2018-05-20T10:03:19
Bent Over Row (Dumbbell),3,10,220.0,2018-05-21,,,2018-05-21T18:57:18
Chin Up,4,10,40.0,2018-05-21,,,2018-05-21T18:57:18
Face pull,5,12,70.0,2018-05-21,,,2018-05-21T18:57:18
Lat Pulldown,2,12,110.0,2018-05-21,,,2018-05-21T18:57:18
T-bar Row,2,11,117.5,2018-05-21,,,2018-05-21T18:57:18
Squat (Barbell),3,5,345.0,2018-05-23,,,2018-05-23T19:57:24
Bench Press (Barbell),3,6,285.0,2018-05-24,,,2018-05-24T18:00:30
Seated Shoulder  Press (Barbell),2,8,230.0,2018-05-24,,,2018-05-24T18:00:30
Weighted dips,2,10,0.0,2018-05-24,,,2018-05-24T18:00:30
Chin Up,4,8,60.0,2018-05-26,,,2018-05-26T17:40:31
Face pull,2,15,90.0,2018-05-26,,,2018-05-26T17:40:31
Lat Pulldown,1,8,175.0,2018-05-26,,,2018-05-26T17:40:31
T-bar Row,3,9,120.0,2018-05-26,,,2018-05-26T17:40:31
Deadlift - Trap Bar,2,6,275.0,2018-05-27,,,2018-05-27T14:22:21
Romanian Deadlift (Barbell),1,8,155.0,2018-05-27,,,2018-05-27T14:22:21
Squat (Barbell),3,5,350.0,2018-05-27,,,2018-05-27T14:22:21
Incline Bench Press (Barbell),3,5,275.0,2018-05-28,,,2018-05-28T12:04:29
Incline Press (Dumbbell),2,10,180.0,2018-05-28,,,2018-05-28T12:04:29
Lateral Raise (Dumbbells),3,12,50.0,2018-05-28,,,2018-05-28T12:04:29
Bent Over Row (Dumbbell),2,8,220.0,2018-05-30,,,2018-05-30T20:20:21
Chin Up,6,12,0.0,2018-05-30,,,2018-05-30T20:20:21
Face pull,2,12,80.0,2018-05-30,,,2018-05-30T20:20:21
Hammer seated row (CLOSE GRIP),3,12,190.0,2018-05-30,,,2018-05-30T20:20:21
Romanian Deadlift (Barbell),2,6,165.0,2018-05-31,,,2018-05-31T19:56:01
Squat (Barbell),3,5,355.0,2018-05-31,,,2018-05-31T19:56:01
Bench Press (Barbell),3,6,290.0,2018-06-01,,,2018-06-01T15:35:08
Lateral Raise (Dumbbells),1,16,50.0,2018-06-01,,,2018-06-01T15:35:08
Seated Shoulder  Press (Barbell),3,5,245.0,2018-06-01,,,2018-06-01T15:35:08
Chin Up,5,8,62.5,2018-06-03,,,2018-06-03T11:48:55
Face pull,4,14,80.0,2018-06-03,,,2018-06-03T11:48:55
T-bar Row,3,8,125.0,2018-06-03,,,2018-06-03T11:48:55
Leg press (hinge ),2,9,630.0,2018-06-05,,,2018-06-05T20:43:01
Romanian Deadlift (Barbell),2,6,185.0,2018-06-05,,,2018-06-05T20:43:01
Squat (Barbell),3,5,365.0,2018-06-05,,,2018-06-05T20:43:01
Incline Bench Press (Barbell),2,4,280.0,2018-06-06,,,2018-06-06T19:03:23
Incline Press (Dumbbell),2,8,200.0,2018-06-06,,,2018-06-06T19:03:23
Lateral Raise (Dumbbells),3,12,50.0,2018-06-06,,,2018-06-06T19:03:23
Bent Over Row (Dumbbell),3,10,200.0,2018-06-07,,,2018-06-07T19:33:02
Chin Up,3,10,25.0,2018-06-07,,,2018-06-07T19:33:02
Hammer High Row - 1 Arm,1,10,185.0,2018-06-07,,,2018-06-07T19:33:02
Hammer seated row (CLOSE GRIP),2,10,200.0,2018-06-07,,,2018-06-07T19:33:02
Hack Squat,2,9,230.0,2018-06-09,,,2018-06-09T12:35:35
Romanian Deadlift (Barbell),2,6,135.0,2018-06-09,,,2018-06-09T12:35:35
Squat (Barbell),2,3,385.0,2018-06-09,,,2018-06-09T12:35:35
Bench Press (Barbell),2,6,295.0,2018-06-10,,,2018-06-10T13:03:34
Lateral Raise (Dumbbells),2,14,50.0,2018-06-10,,,2018-06-10T13:03:34
Seated Shoulder  Press (Barbell),3,8,235.0,2018-06-10,,,2018-06-10T13:03:34
Chin Up,2,7,65.0,2018-06-11,,,2018-06-11T18:39:36
Seated Cable Row (close Grip),3,12,130.0,2018-06-11,,,2018-06-11T18:39:36
T-bar Row,2,8,115.0,2018-06-11,,,2018-06-11T18:39:36
Hack Squat,1,10,280.0,2018-06-13,,,2018-06-13T19:02:33
Leg outward fly,3,12,130.0,2018-06-13,,,2018-06-13T19:02:33
Romanian Deadlift (Barbell),2,7,195.0,2018-06-13,,,2018-06-13T19:02:33
Squat (Barbell),3,5,370.0,2018-06-13,,,2018-06-13T19:02:33
Incline Bench Press (Barbell),4,8,245.0,2018-06-14,,,2018-06-14T19:58:39
Lateral Raise (Dumbbells),3,16,40.0,2018-06-14,,,2018-06-14T19:58:39
Weighted dips,2,8,115.0,2018-06-14,,,2018-06-14T19:58:39
Face pull,3,12,70.0,2018-06-15,,,2018-06-15T20:34:44
Hammer lat pulldown,2,10,205.0,2018-06-15,,,2018-06-15T20:34:44
Hammer seated row (CLOSE GRIP),3,10,210.0,2018-06-15,,,2018-06-15T20:34:44
Neutral Chin,4,10,26.5,2018-06-15,,,2018-06-15T20:34:44
T-bar Row,3,8,130.0,2018-06-15,,,2018-06-15T20:34:44
Squat (Barbell),2,3,385.0,2018-06-17,,,2018-06-17T16:08:39
Incline Bench Press (Barbell),2,6,255.0,2018-06-20,,,2018-06-20T19:19:34
Weighted dips,2,8,120.0,2018-06-20,,,2018-06-20T19:19:34
Chin Up,3,8,65.0,2018-06-22,,,2018-06-22T17:32:35
Face pull,3,10,90.0,2018-06-22,,,2018-06-22T17:32:35
Lat Pulldown,2,8,140.0,2018-06-22,,,2018-06-22T17:32:35
T-bar Row,3,12,100.0,2018-06-22,,,2018-06-22T17:32:35
Squat (Barbell),3,6,315.0,2018-06-23,,,2018-06-23T20:45:42
Bench Press (Barbell),2,8,270.0,2018-06-24,,,2018-06-24T18:24:02
Lateral Raise (Dumbbells),3,15,50.0,2018-06-24,,,2018-06-24T18:24:02
Seated Shoulder  Press (Barbell),4,6,240.0,2018-06-24,,,2018-06-24T18:24:02
Romanian Deadlift (Barbell),2,6,195.0,2018-06-26,,,2018-06-26T21:24:09
Squat (Barbell),3,6,285.0,2018-06-26,,,2018-06-26T21:24:09
Chin Up,3,8,67.5,2018-06-28,,,2018-06-28T19:51:45
Face pull,3,15,80.0,2018-06-28,,,2018-06-28T19:51:45
T-bar Row,3,8,137.5,2018-06-28,,,2018-06-28T19:51:45
Incline Bench Press (Barbell),2,8,250.0,2018-06-29,,,2018-06-29T18:57:11
Incline Press (Dumbbell),3,10,160.0,2018-06-29,,,2018-06-29T18:57:11
Lateral Raise (Dumbbells),3,12,50.0,2018-06-29,,,2018-06-29T18:57:11
Weighted dips,3,10,22.0,2018-06-29,,,2018-06-29T18:57:11
Romanian Deadlift (Barbell),3,10,215.0,2018-06-30,,,2018-06-30T15:32:38
Squat (Barbell),2,6,365.0,2018-06-30,,,2018-06-30T15:32:38
Chin Up,3,6,70.0,2018-07-02,,,2018-07-02T17:20:15
Hammer Curl (Dumbbell ),2,15,50.0,2018-07-02,,,2018-07-02T17:20:15
Hammer Row - Wide Grip,2,15,190.0,2018-07-02,,,2018-07-02T17:20:15
Hammer seated row (CLOSE GRIP),3,8,230.0,2018-07-02,,,2018-07-02T17:20:15
Bench Press (Barbell),2,6,275.0,2018-07-03,,,2018-07-03T18:15:15
Seated Shoulder  Press (Barbell),2,8,235.0,2018-07-03,,,2018-07-03T18:15:15
Leg press (hinge ),3,10,450.0,2018-07-04,,,2018-07-04T17:00:43
Romanian Deadlift (Barbell),2,8,205.0,2018-07-04,,,2018-07-04T17:00:43
Squat (Barbell),2,7,325.0,2018-07-04,,,2018-07-04T17:00:43
Chin Up,2,8,70.0,2018-07-06,,,2018-07-06T17:34:29
Hammer Curl (Dumbbell ),2,10,60.0,2018-07-06,,,2018-07-06T17:34:29
Hammer Row - Wide Grip,3,15,205.0,2018-07-06,,,2018-07-06T17:34:29
T-bar Row,2,8,135.0,2018-07-06,,,2018-07-06T17:34:29
Incline Bench Press (Barbell),4,8,250.0,2018-07-07,,,2018-07-07T16:35:28
Incline Press (Dumbbell),2,10,180.0,2018-07-07,,,2018-07-07T16:35:28
Lateral Raise (Dumbbells),2,12,60.0,2018-07-07,,,2018-07-07T16:35:28
Overhead Press (Dumbbell),2,10,100.0,2018-07-07,,,2018-07-07T16:35:28
Hack Squat,2,8,270.0,2018-07-08,,,2018-07-08T08:16:18
Romanian Deadlift (Barbell),2,8,215.0,2018-07-08,,,2018-07-08T08:16:18
Squat (Barbell),3,6,375.0,2018-07-08,,,2018-07-08T08:16:18
Bicep Curl (Barbell),3,13,70.0,2018-07-10,,,2018-07-10T06:43:29
Hammer seated row (CLOSE GRIP),2,11,210.0,2018-07-10,,,2018-07-10T06:43:29
Neutral Chin,4,10,30.0,2018-07-10,,,2018-07-10T06:43:29
T-bar Row,2,8,140.0,2018-07-10,,,2018-07-10T06:43:29
Bench Press (Barbell),3,9,245.0,2018-07-11,,,2018-07-11T07:00:24
Lateral Raise (Dumbbells),2,13,50.0,2018-07-11,,,2018-07-11T07:00:24
Seated Shoulder  Press (Barbell),2,9,220.0,2018-07-11,,,2018-07-11T07:00:24
Romanian Deadlift (Barbell),3,5,225.0,2018-07-14,,,2018-07-14T15:01:35
Squat (Barbell),4,5,380.0,2018-07-14,,,2018-07-14T15:01:35
Chin Up,5,10,50.0,2018-07-14,,,2018-07-14T15:41:08
Bench Press (Barbell),1,6,245.0,2018-07-15,,,2018-07-15T12:54:41
Incline Bench Press (Barbell),2,8,245.0,2018-07-15,,,2018-07-15T12:54:41
Incline Press (Dumbbell),1,8,200.0,2018-07-15,,,2018-07-15T12:54:41
Chin Up,3,10,0.0,2018-07-17,,,2018-07-17T19:42:11
Hammer Row - Wide Grip,2,11,230.0,2018-07-17,,,2018-07-17T19:42:11
Hammer seated row (CLOSE GRIP),2,10,230.0,2018-07-17,,,2018-07-17T19:42:11
Neutral Chin,4,8,62.0,2018-07-17,,,2018-07-17T19:42:11
Seated Cable Row (close Grip),2,12,150.0,2018-07-17,,,2018-07-17T19:42:11
Leg press (hinge ),3,12,500.0,2018-07-18,,,2018-07-18T20:03:34
Romanian Deadlift (Barbell),3,6,235.0,2018-07-18,,,2018-07-18T20:03:34
Squat (Barbell),4,7,330.0,2018-07-18,,,2018-07-18T20:03:34
Bench Press (Barbell),3,7,275.0,2018-07-19,,,2018-07-19T07:14:12
Bicep Curl (Barbell),2,8,95.0,2018-07-21,,,2018-07-21T08:11:10
Chin Up,5,12,0.0,2018-07-21,,,2018-07-21T08:11:10
Hammer High Row - 1 Arm,1,10,185.0,2018-07-21,,,2018-07-21T08:11:10
Hammer Row - Wide Grip,5,12,190.0,2018-07-21,,,2018-07-21T08:11:10
Leg press (hinge ),1,10,470.0,2018-07-22,,,2018-07-22T08:27:15
Romanian Deadlift (Barbell),2,7,205.0,2018-07-22,,,2018-07-22T08:27:15
Squat (Barbell),3,5,335.0,2018-07-22,,,2018-07-22T08:27:15
Incline Bench Press (Barbell),3,5,265.0,2018-07-23,,,2018-07-23T07:03:14
Incline Press (Dumbbell),2,11,180.0,2018-07-23,,,2018-07-23T07:03:14
Weighted dips,2,8,0.0,2018-07-23,,,2018-07-23T07:03:14
Bicep Curl (Barbell),1,12,70.0,2018-07-25,,,2018-07-25T07:39:28
Chin Up,3,6,75.0,2018-07-25,,,2018-07-25T07:39:28
Neutral Chin,2,10,13.0,2018-07-25,,,2018-07-25T07:39:28
Seated Cable Row (close Grip),4,11,130.0,2018-07-25,,,2018-07-25T07:39:28
T-bar Row,1,9,115.0,2018-07-25,,,2018-07-25T07:39:28
Leg press (hinge ),2,10,590.0,2018-07-26,,,2018-07-26T07:13:40
Romanian Deadlift (Barbell),2,7,235.0,2018-07-26,,,2018-07-26T07:13:40
Squat (Barbell),3,5,385.0,2018-07-26,,,2018-07-26T07:13:40
Bench Press (Barbell),4,6,290.0,2018-07-27,,,2018-07-27T07:37:04
Seated Shoulder Press (Dumbbell),4,10,170.0,2018-07-27,,,2018-07-27T07:37:04
Weighted dips,1,12,0.0,2018-07-27,,,2018-07-27T07:37:04
Bicep Curl (Barbell),1,10,80.0,2018-07-29,,,2018-07-29T09:06:38
Chin Up,3,10,25.0,2018-07-29,,,2018-07-29T09:06:38
Face pull,3,15,80.0,2018-07-29,,,2018-07-29T09:06:38
Hammer Row - Wide Grip,3,10,235.0,2018-07-29,,,2018-07-29T09:06:38
Hammer seated row (CLOSE GRIP),1,10,240.0,2018-07-29,,,2018-07-29T09:06:38
Neutral Chin,3,9,45.0,2018-07-29,,,2018-07-29T09:06:38
Romanian Deadlift (Barbell),2,6,235.0,2018-07-30,,,2018-07-30T06:34:37
Squat (Barbell),3,5,340.0,2018-07-30,,,2018-07-30T06:34:37
Incline Bench Press (Barbell),2,8,250.0,2018-07-31,,,2018-07-31T19:23:16
Incline Press (Dumbbell),1,8,200.0,2018-07-31,,,2018-07-31T19:23:16
Bicep Curl (Barbell),1,10,90.0,2018-08-02,,,2018-08-02T22:26:58
Chin Up,4,8,70.0,2018-08-02,,,2018-08-02T22:26:58
Hammer Row - Wide Grip,3,10,250.0,2018-08-02,,,2018-08-02T22:26:58
Hammer seated row (CLOSE GRIP),3,10,250.0,2018-08-02,,,2018-08-02T22:26:58
Leg press (hinge ),2,10,590.0,2018-08-03,,,2018-08-03T19:18:56
Romanian Deadlift (Barbell),3,8,235.0,2018-08-03,,,2018-08-03T19:18:56
Squat (Barbell),2,5,390.0,2018-08-03,,,2018-08-03T19:18:56
Bench Press (Barbell),3,5,295.0,2018-08-04,,,2018-08-04T12:07:03
Lateral Raise (Dumbbells),2,14,50.0,2018-08-04,,,2018-08-04T12:07:03
Seated Shoulder  Press (Barbell),2,8,225.0,2018-08-04,,,2018-08-04T12:07:03
Bicep Curl (Barbell),1,10,95.0,2018-08-06,,,2018-08-06T06:51:28
Hammer Curl (Dumbbell ),1,8,70.0,2018-08-06,,,2018-08-06T06:51:28
Hammer Row - Wide Grip,2,10,250.0,2018-08-06,,,2018-08-06T06:51:28
Hammer seated row (CLOSE GRIP),2,9,250.0,2018-08-06,,,2018-08-06T06:51:28
Neutral Chin,3,8,62.0,2018-08-06,,,2018-08-06T06:51:28
Incline Bench Press (Barbell),2,8,255.0,2018-08-08,,,2018-08-08T20:25:00
Seated Shoulder  Press (Barbell),2,8,195.0,2018-08-08,,,2018-08-08T20:25:00
Leg outward fly,3,12,130.0,2018-08-10,,,2018-08-10T17:55:03
Romanian Deadlift (Barbell),3,7,235.0,2018-08-10,,,2018-08-10T17:55:03
Squat (Barbell),3,5,365.0,2018-08-10,,,2018-08-10T17:55:03
Bicep Curl (Barbell),2,11,80.0,2018-08-11,,,2018-08-11T15:16:13
Chin Up,4,6,75.0,2018-08-11,,,2018-08-11T15:16:13
Hammer Row - Wide Grip,4,10,250.0,2018-08-11,,,2018-08-11T15:16:13
Neutral Chin,2,9,35.0,2018-08-11,,,2018-08-11T15:16:13
Bench Press (Barbell),3,6,290.0,2018-08-12,,,2018-08-12T13:39:51
Seated Shoulder  Press (Barbell),3,8,230.0,2018-08-12,,,2018-08-12T13:39:51
Tricep pushdown,1,10,140.0,2018-08-12,,,2018-08-12T13:39:51
Romanian Deadlift (Barbell),3,10,185.0,2018-08-14,,,2018-08-14T07:00:58
Squat (Barbell),3,5,395.0,2018-08-14,,,2018-08-14T07:00:58
Bicep Curl (Barbell),2,11,85.0,2018-08-15,,,2018-08-15T07:22:28
Hammer Row - Wide Grip,2,10,240.0,2018-08-15,,,2018-08-15T07:22:28
Hammer seated row (CLOSE GRIP),2,7,270.0,2018-08-15,,,2018-08-15T07:22:28
Neutral Chin,2,9,63.5,2018-08-15,,,2018-08-15T07:22:28
Incline Bench Press (Barbell),2,4,275.0,2018-08-16,,,2018-08-16T11:44:33
Weighted dips,2,8,105.0,2018-08-16,,,2018-08-16T11:44:33
Chin Up,3,8,57.5,2018-08-18,,,2018-08-18T09:49:55
Hammer Row - Wide Grip,2,11,230.0,2018-08-18,,,2018-08-18T09:49:55
Neutral Chin,1,10,57.5,2018-08-18,,,2018-08-18T09:49:55
Deadlift - Trap Bar,2,6,365.0,2018-08-19,,,2018-08-19T14:10:34
Squat (Barbell),2,5,295.0,2018-08-19,,,2018-08-19T14:10:34
Bench Press (Barbell),2,5,295.0,2018-08-21,,,2018-08-21T07:01:53
Seated Shoulder  Press (Barbell),3,8,230.0,2018-08-21,,,2018-08-21T07:01:53
Chin Up,2,14,10.0,2018-08-22,,,2018-08-22T07:36:34
Hammer High Row - 1 Arm,1,10,190.0,2018-08-22,,,2018-08-22T07:36:34
Lat Pulldown,3,10,170.0,2018-08-22,,,2018-08-22T07:36:34
T-bar Row,2,8,140.0,2018-08-22,,,2018-08-22T07:36:34
Romanian Deadlift (Barbell),2,8,245.0,2018-08-24,,,2018-08-24T18:45:40
Squat (Barbell),3,3,405.0,2018-08-24,,,2018-08-24T18:45:40
Incline Bench Press (Barbell),4,5,265.0,2018-08-25,,,2018-08-25T21:49:39
Lateral Raise (Dumbbells),1,12,50.0,2018-08-25,,,2018-08-25T21:49:39
Low Incline Dumbbell Bench,2,11,200.0,2018-08-25,,,2018-08-25T21:49:39
Bicep Curl (Barbell),3,12,85.0,2018-08-26,,,2018-08-26T13:22:48
Chin Up,1,12,25.0,2018-08-26,,,2018-08-26T13:22:48
Hammer High Row - 1 Arm,1,10,210.0,2018-08-26,,,2018-08-26T13:22:48
Hammer Row - Wide Grip,2,10,250.0,2018-08-26,,,2018-08-26T13:22:48
Hammer seated row (CLOSE GRIP),2,10,250.0,2018-08-26,,,2018-08-26T13:22:48
Neutral Chin,3,8,65.0,2018-08-26,,,2018-08-26T13:22:48
Leg press (hinge ),1,10,650.0,2018-08-28,,,2018-08-28T07:16:13
Squat (Barbell),3,5,370.0,2018-08-28,,,2018-08-28T07:16:13
Bench Press (Barbell),3,5,300.0,2018-08-29,,,2018-08-29T07:32:34
Seated Shoulder  Press (Barbell),3,8,235.0,2018-08-29,,,2018-08-29T07:32:34
Bent Over Row (Dumbbell),3,10,210.0,2018-08-30,,,2018-08-30T18:46:18
Bicep Curl (Barbell),4,12,85.0,2018-08-30,,,2018-08-30T18:46:18
Chin Up,3,5,70.0,2018-08-30,,,2018-08-30T18:46:18
Hammer High Row - 1 Arm,3,11,205.0,2018-08-30,,,2018-08-30T18:46:18
Romanian Deadlift (Barbell),3,6,235.0,2018-09-01,,,2018-09-01T11:44:54
Squat (Barbell),3,5,335.0,2018-09-01,,,2018-09-01T11:44:54
Incline Bench Press (Barbell),5,5,270.0,2018-09-02,,,2018-09-02T14:57:32
Incline Press (Dumbbell),1,9,180.0,2018-09-02,,,2018-09-02T14:57:32
Lateral Raise (Dumbbells),3,12,50.0,2018-09-02,,,2018-09-02T14:57:32
Low Incline Dumbbell Bench,2,10,190.0,2018-09-02,,,2018-09-02T14:57:32
Bicep Curl (Barbell),2,11,80.0,2018-09-03,,,2018-09-03T09:44:05
Chin Up,1,11,0.0,2018-09-03,,,2018-09-03T09:44:05
Face pull,2,15,90.0,2018-09-03,,,2018-09-03T09:44:05
Hammer High Row - 1 Arm,2,10,220.0,2018-09-03,,,2018-09-03T09:44:05
Hammer Row - Wide Grip,2,10,255.0,2018-09-03,,,2018-09-03T09:44:05
Hammer seated row (CLOSE GRIP),1,10,255.0,2018-09-03,,,2018-09-03T09:44:05
Neutral Chin,3,8,65.0,2018-09-03,,,2018-09-03T09:44:05
Deadlift (Barbell),3,6,335.0,2018-09-06,,,2018-09-06T21:59:51
Hack Squat,1,5,285.0,2018-09-06,,,2018-09-06T21:59:51
Leg outward fly,2,13,120.0,2018-09-06,,,2018-09-06T21:59:51
Romanian Deadlift (Barbell),1,8,235.0,2018-09-06,,,2018-09-06T21:59:51
Squat (Barbell),2,5,365.0,2018-09-06,,,2018-09-06T21:59:51
Bench Press (Barbell),3,5,275.0,2018-09-07,,,2018-09-07T21:00:21
Lateral Raise (Dumbbells),3,12,50.0,2018-09-07,,,2018-09-07T21:00:21
Seated Shoulder  Press (Barbell),3,8,225.0,2018-09-07,,,2018-09-07T21:00:21
Chin Up,1,8,60.0,2018-09-08,,,2018-09-08T13:08:31
Hammer High Row - 1 Arm,2,10,215.0,2018-09-08,,,2018-09-08T13:08:31
Hammer Row - Wide Grip,1,12,230.0,2018-09-08,,,2018-09-08T13:08:31
Hammer seated row (CLOSE GRIP),3,10,255.0,2018-09-08,,,2018-09-08T13:08:31
Neutral Chin,1,8,0.0,2018-09-08,,,2018-09-08T13:08:31
curl ez bar,3,12,80.0,2018-09-08,,,2018-09-08T13:08:31
Leg press (hinge ),3,10,630.0,2018-09-11,,,2018-09-11T07:05:38
Squat (Barbell),3,5,370.0,2018-09-11,,,2018-09-11T07:05:38
Incline Bench Press (Barbell),2,5,275.0,2018-09-12,,,2018-09-12T07:14:15
Low Incline Dumbbell Bench,2,8,210.0,2018-09-12,,,2018-09-12T07:14:15
Weighted dips,2,12,0.0,2018-09-12,,,2018-09-12T07:14:15
Bicep Curl (Barbell),3,10,85.0,2018-09-13,,,2018-09-13T20:03:20
Chin Up,2,10,10.0,2018-09-13,,,2018-09-13T20:03:20
Hammer High Row - 1 Arm,1,10,230.0,2018-09-13,,,2018-09-13T20:03:20
Hammer Row - Wide Grip,2,10,255.0,2018-09-13,,,2018-09-13T20:03:20
Hammer seated row (CLOSE GRIP),3,10,255.0,2018-09-13,,,2018-09-13T20:03:20
Neutral Chin,3,8,70.5,2018-09-13,,,2018-09-13T20:03:20
Deadlift (Barbell),1,5,355.0,2018-09-15,,,2018-09-15T23:00:27
Squat (Barbell),3,6,340.0,2018-09-15,,,2018-09-15T23:00:27
Bench Press (Barbell),2,5,285.0,2018-09-16,,,2018-09-16T18:34:09
Lateral Raise (Dumbbells),2,15,50.0,2018-09-16,,,2018-09-16T18:34:09
Seated Shoulder  Press (Barbell),3,8,230.0,2018-09-16,,,2018-09-16T18:34:09
Weighted dips,2,12,0.0,2018-09-16,,,2018-09-16T18:34:09
Chin Up,3,12,25.0,2018-09-17,,,2018-09-17T07:29:40
Hammer seated row (CLOSE GRIP),2,12,240.0,2018-09-17,,,2018-09-17T07:29:40
Neutral Chin,2,12,35.0,2018-09-17,,,2018-09-17T07:29:40
Leg press (hinge ),2,10,650.0,2018-09-19,,,2018-09-19T21:33:50
Squat (Barbell),2,5,375.0,2018-09-19,,,2018-09-19T21:33:50
Incline Bench Press (Barbell),3,5,270.0,2018-09-20,,,2018-09-20T18:45:46
Incline Press (Dumbbell),3,10,180.0,2018-09-20,,,2018-09-20T18:45:46
Weighted dips,2,12,0.0,2018-09-20,,,2018-09-20T18:45:46
Bicep Curl (Barbell),2,14,80.0,2018-09-21,,,2018-09-21T20:54:39
Chin Up,1,10,62.5,2018-09-21,,,2018-09-21T20:54:39
Hammer seated row (CLOSE GRIP),4,10,260.0,2018-09-21,,,2018-09-21T20:54:39
Seated Cable Row (close Grip),2,12,150.0,2018-09-21,,,2018-09-21T20:54:39
Chin Up,3,15,0.0,2018-09-24,,,2018-09-24T21:23:45
Deadlift (Barbell),3,4,375.0,2018-09-24,,,2018-09-24T21:23:45
Neutral Chin,2,10,0.0,2018-09-24,,,2018-09-24T21:23:45
Seated Cable Row (close Grip),2,12,170.0,2018-09-24,,,2018-09-24T21:23:45
Bench Press (Barbell),3,5,295.0,2018-09-25,,,2018-09-25T19:55:52
Lateral Raise (Dumbbells),2,15,50.0,2018-09-25,,,2018-09-25T19:55:52
Low Incline Dumbbell Bench,2,10,170.0,2018-09-25,,,2018-09-25T19:55:52
Seated Shoulder  Press (Barbell),3,8,235.0,2018-09-25,,,2018-09-25T19:55:52
Leg curl,4,10,135.0,2018-09-27,,,2018-09-27T19:58:23
Squat (Barbell),6,6,275.0,2018-09-27,,,2018-09-27T19:58:23
Bicep Curl (Barbell),2,11,85.0,2018-09-28,,,2018-09-28T18:41:47
Chin Up,1,15,15.0,2018-09-28,,,2018-09-28T18:41:47
Hammer Row - Wide Grip,2,10,260.0,2018-09-28,,,2018-09-28T18:41:47
Hammer seated row (CLOSE GRIP),2,10,260.0,2018-09-28,,,2018-09-28T18:41:47
Neutral Chin,2,11,65.0,2018-09-28,,,2018-09-28T18:41:47
Incline Bench Press (Barbell),4,6,265.0,2018-09-29,,,2018-09-29T14:35:32
Lateral Raise (Dumbbells),3,15,50.0,2018-09-29,,,2018-09-29T14:35:32
Low Incline Dumbbell Bench,3,12,170.0,2018-09-29,,,2018-09-29T14:35:32
