exercise,sets,reps,weight,date,rpe,rir,logged_at
Chin Up,2,6,138.8,2018-08-25,,,2018-07-22T20:52:10
Leg press (hinge ),4,10,146.13,2016-11-23,,,2016-10-05T23:56:13
Seated Military Press,2,13,211.26,2018-05-12,,,2018-03-18T18:19:07
Deadlift - Trap Bar,1,11,422.43,2018-09-29,,,2018-09-28T13:31:45
Face pull,3,10,51.21,2018-07-15,,,2018-04-23T12:42:54
Face pull,3,13,9.02,2017-08-25,,,2017-05-09T22:29:32
Squat,3,11,162.4,2017-02-09,,,2016-12-19T20:53:58
Squat (Barbell),1,12,21.8,2016-03-16,,,2016-01-07T04:27:37
Squat (Barbell),3,13,98.39,2015-12-25,,,2015-12-13T16:07:39
Squat (Barbell),4,8,126.24,2016-02-10,,,2016-02-24T18:48:36
Bent Over Row (Dumbbell),2,7,283.0,2018-09-06,,,2018-07-15T12:30:01
Neutral Chin,3,10,66.0,2017-12-02,,,2018-01-15T09:05:31
Seated Cable Row (close Grip),1,14,170.99,2016-09-20,,,2016-07-17T11:44:11
Incline Bench Press,1,9,300.35,2017-08-03,,,2017-07-16T18:50:40
Chin Up,1,10,158.84,2018-09-11,,,2018-07-15T20:25:27
Lateral Raise (Dumbbells),1,10,1.58,2017-11-14,,,2017-06-10T11:12:01
Leg press (hinge ),1,4,716.5,2017-11-17,,,2017-11-27T00:40:42
Squat (Barbell),6,7,334.05,2017-02-21,,,2016-10-03T02:48:40
Seated Shoulder  Press (Barbell),5,7,104.03,2018-03-18,,,2017-11-18T04:28:03
Leg outward fly,1,10,921.34,2018-07-06,,,2018-05-22T13:47:27
Hammer seated row (CLOSE GRIP),1,9,6.58,2018-09-13,,,2018-09-04T01:21:10
Weighted dips,2,10,399.42,2018-02-05,,,2017-08-14T05:03:56
Squat (Barbell),4,7,16.62,2017-06-29,,,2017-04-14T00:38:51
Chin Up,4,9,30.75,2017-01-16,,,2016-07-26T01:10:46
Squat (Barbell),4,16,220.94,2015-11-27,,,2015-11-18T22:58:08
Shoulder Press (Standing),1,6,148.79,2018-09-29,,,2018-09-29T14:35:32
Hammer shoulder press,2,13,149.39,2015-11-04,,,2015-11-26T08:27:18
Neutral Chin,2,8,221.28,2017-07-11,,,2017-05-05T12:42:19
Romanian Deadlift (Barbell),1,8,180.55,2017-02-02,,,2016-10-31T18:48:52
Chin Up,1,8,365.88,2018-03-29,,,2017-09-12T21:36:24
Squat,2,8,67.15,2017-05-22,,,2016-09-25T01:03:25
Good Morning (Barbell),3,5,403.85,2017-05-01,,,2017-05-16T20:05:57
Seated Shoulder  Press (Barbell),5,9,211.38,2016-12-07,,,2016-12-07T10:34:11
Lat Pulldown,4,10,262.83,2018-09-28,,,2018-09-13T17:16:24
Seated Cable Row (close Grip),3,10,46.48,2018-07-26,,,2018-06-09T07:07:30
Rear delt fly,4,15,25.39,2016-11-13,,,2016-06-15T09:20:04
Leg outward fly,4,7,231.71,2018-08-30,,,2018-07-16T15:15:29
Chin Up,3,12,146.44,2017-02-05,,,2016-10-27T07:46:05
Lat Pulldown,2,5,392.58,2017-12-20,,,2017-08-26T07:02:16
Lateral Raise (Dumbbells),4,14,267.59,2017-04-23,,,2017-03-03T13:37:59
Romanian Deadlift (Barbell),4,7,168.83,2015-12-23,,,2015-12-19T17:58:51
Incline Bench Press (Barbell),3,8,67.76,2015-11-08,,,2015-11-03T14:55:09
Leg press (hinge ),4,7,272.98,2016-04-07,,,2016-04-25T10:44:23
Squat (Barbell),2,9,138.49,2016-09-21,,,2016-04-20T20:42:47
Squat (Barbell),2,13,341.97,2015-11-19,,,2015-11-20T16:41:56
Leg press (hinge ),6,7,231.27,2016-08-06,,,2016-06-26T05:00:58
Bicep Curl (Barbell),3,9,161.52,2016-07-01,,,2016-05-22T03:56:32
Tricep Extension,5,16,6.46,2015-11-11,,,2015-11-07T20:17:14
Rear delt fly,2,9,85.93,2018-04-13,,,2018-02-02T14:27:08
Seated Cable Row (close Grip),4,12,8.3,2018-04-20,,,2018-01-11T04:16:37
Weighted dips,2,2,534.72,2017-04-05,,,2017-02-13T08:23:09
Seated Cable Row (close Grip),1,6,386.01,2017-01-29,,,2016-11-04T00:22:58
Incline Press (Dumbbell),4,13,276.39,2016-08-26,,,2016-08-31T15:26:40
Hammer seated row (CLOSE GRIP),5,10,746.05,2018-09-12,,,2018-07-29T13:03:11
Hammer seated row (CLOSE GRIP),3,6,54.98,2018-09-29,,,2018-09-29T14:35:32
Bent Over Row (Dumbbell),5,15,333.45,2015-11-04,,,2015-11-02T00:25:49
Face pull,2,11,270.55,2018-09-23,,,2018-09-21T18:07:44
Overhead Press (Barbell),2,17,440.55,2017-03-01,,,2017-02-16T23:10:16
Curl Dumbbell,1,11,107.14,2018-09-29,,,2018-09-29T14:35:32
Deadlift (Barbell),1,6,168.72,2018-07-29,,,2018-07-24T16:49:13
T-bar Row,2,10,24.9,2016-01-13,,,2015-12-17T01:12:03
Incline Bench Press (Barbell),5,12,104.09,2016-10-13,,,2016-05-10T15:56:34
Bent Over Row (Dumbbell),4,8,93.9,2018-08-27,,,2018-07-03T20:37:10
Incline Bench Press,3,10,270.34,2015-11-03,,,2015-11-13T01:03:52
kettlebell Swings,2,10,45.01,2018-09-07,,,2018-08-22T20:43:05
Bent Over Row (Dumbbell),2,9,362.99,2016-05-23,,,2016-04-21T15:57:20
T-bar Row,4,12,1.57,2016-12-24,,,2016-08-21T13:38:45
Bicep Curl (Barbell),4,12,108.68,2018-04-15,,,2017-12-20T14:03:54
Incline Press (Dumbbell),1,7,69.52,2018-09-29,,,2018-09-29T14:35:32
Chin Up,3,8,240.11,2017-11-28,,,2017-07-14T19:02:26
Romanian Deadlift (Barbell),2,6,400.93,2018-09-23,,,2018-09-09T16:43:53
Squat,3,13,7.12,2017-06-17,,,2016-11-29T21:07:19
Lateral Raise (Dumbbells),3,8,161.29,2016-03-05,,,2016-01-03T18:03:38
Seated Cable Row (close Grip),1,9,384.92,2016-02-18,,,2016-01-20T01:44:23
Lateral Raise (Dumbbells),2,4,102.26,2018-05-11,,,2018-05-17T14:12:36
Incline Bench Press (Barbell),4,9,361.17,2015-12-16,,,2015-12-10T09:32:21
Leg press (hinge ),1,8,59.38,2018-06-25,,,2018-04-08T18:41:17
Rear delt fly,8,14,273.91,2015-12-04,,,2016-01-01T03:58:46
Lateral Raise (Dumbbells),2,12,1.26,2016-06-22,,,2016-04-17T18:33:01
Hammer Row - Wide Grip,1,7,661.96,2017-09-30,,,2017-09-29T22:51:16
Hammer seated row (CLOSE GRIP),2,8,326.57,2017-01-31,,,2017-02-20T22:09:14
Leg curl,2,5,319.06,2016-09-20,,,2016-07-19T21:05:20
Seated Shoulder  Press (Barbell),3,12,160.59,2015-10-26,,,2015-10-26T18:23:08
Weighted dips,3,5,186.86,2018-03-04,,,2017-10-26T12:06:58
Chin Up,3,11,412.62,2018-02-26,,,2017-12-01T07:40:33
Chin Up,3,6,149.7,2016-06-12,,,2016-04-24T07:15:29
Incline Bench Press (Barbell),2,11,276.31,2018-04-14,,,2018-04-11T23:54:15
Bicep Curl (Barbell),3,8,324.91,2018-08-13,,,2018-07-09T20:00:47
Seated Row,2,12,23.4,2018-08-23,,,2018-06-04T19:41:42
Seated Cable Row (close Grip),3,9,60.26,2016-07-22,,,2016-05-06T22:22:42
Bicep Curl (Barbell),2,9,253.83,2016-07-31,,,2016-11-07T08:12:47
Leg press (hinge ),4,12,99.91,2017-06-05,,,2016-11-23T12:55:57
Lat Pulldown,3,11,116.43,2017-03-02,,,2016-10-30T19:05:17
Incline Bench Press (Barbell),4,10,224.02,2016-11-16,,,2016-05-11T14:24:13
Bent Over Row (Dumbbell),4,9,109.3,2018-08-25,,,2018-08-04T00:02:10
Chin Up,4,13,22.03,2015-11-01,,,2015-10-28T08:26:57
Bicep Curl (Barbell),3,11,16.95,2016-02-04,,,2016-03-25T14:40:14
Incline Press (Dumbbell),1,8,7.61,2018-05-07,,,2017-10-27T16:08:43
Pull Up,2,11,108.63,2017-11-04,,,2017-07-25T23:18:50
Hammer lat pulldown,2,11,259.08,2018-06-07,,,2018-04-20T16:04:16
Bicep Curl (Barbell),4,12,681.64,2016-03-26,,,2016-04-22T17:57:38
Chin Up,7,11,77.78,2016-09-11,,,2016-05-24T07:17:34
Leg curl,2,9,9.94,2018-09-26,,,2018-09-21T11:44:53
Face pull,1,8,434.31,2018-08-28,,,2018-07-28T15:07:47
Leg outward fly,5,8,366.98,2017-01-03,,,2017-01-24T16:47:48
Bench Press (Barbell),3,11,25.04,2018-04-16,,,2017-09-24T13:58:58
Weighted dips,1,13,40.25,2015-11-27,,,2015-11-06T04:38:05
Rear delt fly,2,7,8.88,2017-01-10,,,2016-10-19T05:38:52
Seated Row,3,14,4.61,2016-10-25,,,2016-06-10T11:55:44
Tricep pushdown,5,8,230.32,2016-09-16,,,2016-07-14T10:51:21
Bicep Curl (Barbell),4,8,34.03,2018-08-13,,,2018-05-27T01:58:18
Lateral Raise (Dumbbells),1,9,84.25,2017-09-27,,,2017-01-23T16:25:05
Incline Bench Press (Barbell),8,10,29.36,2015-12-22,,,2015-11-22T02:12:18
Chin Up,2,11,195.95,2017-08-23,,,2017-07-31T09:13:12
Lat Pulldown,3,12,93.38,2017-01-21,,,2016-06-29T09:16:24
Chin Up,2,6,260.8,2018-09-29,,,2018-09-29T14:35:32
Seated Cable Row (close Grip),3,8,339.05,2016-06-12,,,2016-05-21T23:31:14
Lat Pulldown,2,12,102.83,2016-10-15,,,2016-07-21T09:36:12
Seated Shoulder  Press (Barbell),1,9,333.53,2016-05-16,,,2016-04-19T16:27:19
Incline Bench Press (Barbell),1,8,168.96,2016-02-12,,,2016-01-24T11:45:30
Squat (Barbell),2,6,221.9,2017-01-02,,,2017-02-17T22:34:41
Hammer Curl (Dumbbell ),3,10,150.33,2016-10-28,,,2016-07-01T05:36:00
Chin Up,2,8,97.86,2017-09-10,,,2017-08-16T14:30:15
Chin Up,3,7,201.41,2017-10-08,,,2017-08-08T10:00:31
Lateral Raise (Dumbbells),2,6,35.74,2016-09-08,,,2016-06-22T17:13:51
Squat (Barbell),3,13,161.85,2016-10-03,,,2016-07-24T17:25:37
Hammer Decline Chest Press,3,12,18.3,2018-09-04,,,2018-08-10T10:57:04
Leg curl,2,8,82.76,2018-09-16,,,2018-08-17T20:50:46
Hammer seated row (CLOSE GRIP),1,14,71.23,2017-01-05,,,2016-11-30T08:35:06
Seated Military Press (Dumbbell),2,7,193.54,2016-08-11,,,2016-07-04T22:38:18
Pull Up,4,11,350.66,2018-03-24,,,2017-12-17T15:03:51
Romanian Deadlift (Barbell),3,12,110.23,2018-03-13,,,2017-11-19T10:03:43
Chin Up,2,8,0.8,2017-09-27,,,2017-04-19T14:02:41
Bench Press (Barbell),2,13,118.03,2017-11-20,,,2017-04-08T11:35:18
Incline Bench Press (Barbell),2,10,93.38,2017-04-24,,,2017-01-06T17:00:53
Lateral Raise (Dumbbells),2,12,13.4,2018-07-05,,,2018-06-15T05:49:10
Neutral Chin,1,11,63.22,2018-07-15,,,2018-06-20T12:49:42
Deadlift (Barbell),3,8,15.04,2015-10-29,,,2015-11-02T02:07:36
Incline Bench Press (Barbell),3,8,244.98,2017-08-23,,,2017-09-04T15:17:58
Bent Over Row (Dumbbell),4,12,17.56,2017-12-11,,,2017-07-03T05:16:15
Seated Military Press,1,7,62.04,2017-11-11,,,2017-11-20T17:41:41
Hack Squat,1,13,26.13,2018-08-02,,,2018-07-26T02:12:18
Leg outward fly,4,11,170.04,2017-09-19,,,2017-08-08T04:01:39
Bench Press (Barbell),1,11,328.79,2018-05-13,,,2018-01-15T10:38:37
Hammer Curl,2,10,84.95,2016-07-06,,,2016-04-22T08:02:34
Lateral Raise (Dumbbells),3,7,288.46,2015-12-04,,,2015-12-04T00:19:25
Weighted dips,4,10,201.25,2016-07-27,,,2016-06-05T19:22:14
Incline Press (Dumbbell),1,9,161.36,2016-08-21,,,2016-06-05T21:17:20
Chin Up,3,9,50.34,2016-01-07,,,2015-11-30T22:22:34
Romanian Deadlift (Barbell),1,10,184.12,2018-09-09,,,2018-06-30T15:56:02
Seated Military Press,4,8,47.03,2017-02-11,,,2017-02-17T23:29:26
Curl Dumbbell,1,7,475.05,2018-09-28,,,2018-09-20T03:53:39
Incline Bench Press (Barbell),1,11,141.35,2016-04-11,,,2016-03-18T12:15:25
Incline Bench Press (Barbell),3,10,171.53,2016-05-14,,,2016-06-21T05:29:07
Lateral Raise (Dumbbells),3,13,16.06,2018-07-10,,,2018-02-18T03:01:41
Lateral Raise (Dumbbell),7,13,101.11,2017-12-07,,,2017-12-23T05:30:46
Hammer seated row (CLOSE GRIP),1,12,40.1,2018-08-28,,,2018-07-24T17:30:49
Leg curl,4,9,66.11,2017-04-01,,,2017-02-03T20:20:43
Leg curl,2,12,158.09,2018-01-26,,,2017-10-22T01:10:48
Seated Shoulder  Press (Barbell),2,12,6.33,2015-11-09,,,2015-11-04T12:58:29
Lateral Raise,5,12,7.54,2016-06-09,,,2016-04-13T19:11:12
Leg outward fly,2,7,25.25,2017-09-23,,,2017-07-05T13:44:44
Rear delt fly,2,8,193.12,2017-05-23,,,2016-12-12T00:52:46
Seated Shoulder  Press (Barbell),3,12,44.91,2016-06-17,,,2016-04-11T07:04:36
Lateral Raise (Dumbbells),3,10,99.77,2016-06-08,,,2016-03-10T02:17:50
Seated Shoulder  Press (Barbell),2,8,213.95,2018-09-01,,,2018-08-10T11:45:31
Incline Bench Press (Barbell),4,6,237.16,2015-11-01,,,2015-11-05T07:45:27
Chin Up,3,9,10.22,2015-10-24,,,2015-10-26T21:53:32
Chin Up,4,10,65.39,2016-01-09,,,2015-12-24T01:42:21
Bent Over Row (Dumbbell),2,10,82.37,2017-07-25,,,2017-04-16T08:21:30
Chin Up,4,9,620.55,2016-05-19,,,2016-04-19T05:03:43
Hammer lat pulldown,5,8,15.93,2015-11-01,,,2015-11-15T06:38:18
Bicep Curl (Barbell),2,6,705.58,2016-06-28,,,2016-04-16T05:15:51
Hammer Curl (Dumbbell ),6,16,37.3,2018-06-02,,,2018-05-06T05:26:52
Incline Bench Press,4,12,255.74,2016-05-16,,,2016-04-20T13:38:16
Squat (Barbell),4,9,249.59,2016-10-28,,,2016-12-07T16:24:12
Bicep Curl (Barbell),5,10,144.58,2018-07-26,,,2018-04-10T07:09:52
Deadlift (Barbell),2,11,8.74,2018-08-13,,,2018-06-25T12:36:55
Seated Row,2,13,258.75,2016-12-31,,,2016-10-06T22:16:05
Deadlift (Barbell),5,6,310.34,2016-06-01,,,2016-05-30T22:18:36
Hammer Row - Wide Grip,2,6,8.54,2018-08-25,,,2018-06-24T08:15:01
Rear delt fly,3,8,290.31,2016-02-02,,,2016-02-23T14:45:00
Hammer Curl,1,13,21.37,2018-07-29,,,2018-03-14T14:31:22
Squat (Barbell),2,6,286.62,2015-12-03,,,2016-01-28T21:41:49
Seated Cable Row (close Grip),1,6,514.63,2016-12-10,,,2016-08-28T15:47:31
Hammer seated row (CLOSE GRIP),3,8,132.32,2018-02-17,,,2018-02-12T16:12:23
Chin Up,2,9,15.65,2018-02-06,,,2018-02-16T07:10:47
Chin Up,1,5,744.92,2018-08-22,,,2018-08-09T06:03:14
Leg press (hinge ),1,13,82.57,2015-11-27,,,2015-11-11T11:26:07
Seated Row,4,16,143.85,2016-02-08,,,2016-02-16T08:00:08
Tricep pushdown,1,11,33.18,2017-04-23,,,2016-12-25T19:35:36
Weighted dips,3,9,199.48,2016-07-05,,,2016-08-05T07:38:13
Leg press (hinge ),1,9,183.84,2017-11-16,,,2017-07-04T04:18:14
Bicep Curl (Dumbbell),2,6,254.57,2016-06-09,,,2016-05-31T18:35:50
Bent Over Row (Dumbbell),5,10,2.22,2017-04-18,,,2016-10-14T17:38:29
Weighted dips,4,10,10.62,2015-12-06,,,2015-12-15T11:24:45
Deadlift (Barbell),2,12,15.12,2018-04-29,,,2018-01-29T05:01:31
Face pull,2,20,35.34,2018-06-21,,,2018-03-14T18:28:01
Lateral Raise (Dumbbells),2,12,633.78,2016-01-08,,,2015-12-05T05:20:23
Chin Up,3,3,578.92,2015-12-29,,,2015-12-18T11:57:06
Weighted dips,6,13,25.4,2016-01-30,,,2016-03-20T23:34:50
Squat (Barbell),5,8,267.18,2016-03-20,,,2016-01-23T03:27:43
Weighted dips,2,10,174.07,2016-07-19,,,2016-04-30T03:19:53
Squat (Barbell),6,7,97.99,2017-03-07,,,2017-02-17T04:32:22
Neutral Chin,2,9,123.63,2017-08-21,,,2017-06-04T17:09:54
Seated Cable Row (close Grip),3,12,59.84,2017-03-22,,,2017-02-10T11:16:46
Chin Up,2,12,10.53,2018-06-02,,,2018-03-04T02:34:27
Bicep Curl (Barbell),1,9,0.28,2015-12-03,,,2015-11-26T18:58:19
Hammer High Row - 1 Arm,3,8,18.29,2018-06-04,,,2018-03-06T00:20:31
Lateral Raise (Dumbbells),2,8,158.81,2018-01-17,,,2017-10-22T16:48:40
T-bar Row,5,10,349.17,2016-05-07,,,2016-05-02T04:27:39
Bicep Curl (Barbell),6,7,45.53,2017-12-18,,,2017-09-26T01:55:32
Face pull,2,7,273.95,2017-04-03,,,2017-03-02T14:46:37
Chin Up,3,12,420.44,2016-07-09,,,2016-06-17T22:28:23
Chin Up,5,6,159.73,2016-06-07,,,2016-04-30T22:41:17
Romanian Deadlift (Barbell),2,14,15.49,2017-02-21,,,2016-09-04T16:00:50
Rear delt fly,3,14,16.54,2015-11-10,,,2015-11-23T20:44:42
Seated Shoulder  Press (Barbell),3,11,209.6,2016-01-31,,,2015-12-13T21:13:49
Seated Shoulder  Press (Barbell),1,7,267.39,2017-01-18,,,2016-09-08T21:06:35
Lateral Raise (Dumbbells),1,6,336.47,2018-09-22,,,2018-09-17T18:36:41
Lateral Raise (Dumbbells),2,7,127.56,2016-03-23,,,2016-02-10T10:14:48
Rear delt fly,5,9,144.98,2017-11-11,,,2017-09-15T08:06:18
Seated Shoulder  Press (Barbell),2,9,250.41,2015-12-07,,,2015-12-04T09:48:35
Seated Shoulder Press (Dumbbell),3,9,226.41,2017-06-16,,,2017-04-05T22:04:28
Romanian Deadlift (Barbell),2,9,3.91,2016-05-26,,,2016-02-19T16:01:11
sumo deadlift,7,9,19.68,2017-11-24,,,2017-09-04T04:34:17
Seated Row,3,11,57.64,2017-05-30,,,2017-02-03T16:25:58
Seated Shoulder  Press (Barbell),3,7,215.02,2018-03-19,,,2017-10-30T02:08:14
Hammer Curl (Dumbbell ),2,9,438.4,2017-07-26,,,2017-02-01T00:15:01
Bench Press (Barbell),4,13,24.95,2015-10-25,,,2015-10-26T04:19:16
Bench Press (Barbell),3,14,49.1,2016-12-09,,,2016-10-15T22:16:32
Squat,6,12,3.15,2016-04-20,,,2016-02-12T01:22:19
Leg press (hinge ),4,10,70.8,2018-04-02,,,2017-09-10T15:09:53
Squat (Barbell),3,9,400.5,2018-04-06,,,2017-12-22T16:32:16
Romanian Deadlift (Barbell),1,11,366.03,2018-01-28,,,2017-08-22T20:07:30
Chin Up,5,7,298.26,2016-05-24,,,2016-05-13T15:24:30
Seated Shoulder  Press (Barbell),2,12,8.32,2017-08-13,,,2017-09-12T03:44:43
Bench Press (Barbell),3,10,148.04,2017-09-21,,,2017-04-13T15:19:24
Squat (Barbell),5,10,256.52,2016-08-22,,,2016-06-15T18:44:54
Squat (Barbell),2,5,293.44,2016-07-24,,,2016-05-13T21:23:08
Bent Over Row (Dumbbell),3,11,31.2,2017-02-10,,,2016-10-23T01:17:54
Weighted dips,3,5,558.77,2018-07-30,,,2018-07-14T03:38:06
Hammer High Row - 1 Arm,2,5,161.1,2018-02-12,,,2017-12-14T00:07:45
Chin Up,3,10,89.71,2017-02-10,,,2016-12-25T18:25:42
Weighted dips,4,5,99.08,2015-10-23,,,2015-10-25T18:24:43
Lateral Raise (Dumbbells),3,13,104.98,2016-10-24,,,2016-10-19T13:31:42
Leg press (hinge ),5,11,36.37,2016-05-17,,,2016-08-11T09:44:43
Seated Shoulder  Press (Barbell),3,10,181.85,2017-11-29,,,2017-10-27T11:58:15
Hack Squat,1,10,260.42,2018-06-13,,,2017-12-07T18:41:02
Hammer seated row (CLOSE GRIP),3,11,21.07,2018-04-11,,,2018-02-02T23:29:59
Squat (Barbell),5,8,361.12,2016-05-05,,,2016-04-30T05:15:39
Incline Bench Press (Barbell),3,10,11.9,2016-09-17,,,2016-08-09T19:09:01
Seated Cable Row (close Grip),4,10,28.88,2018-07-02,,,2018-02-22T15:20:03
Squat,3,10,348.95,2017-05-13,,,2017-04-04T03:25:43
Chin Up,4,11,2.99,2016-08-21,,,2016-05-14T08:38:09
Weighted dips,3,12,25.91,2016-02-29,,,2016-01-24T11:05:00
Chin Up,2,7,405.27,2016-05-31,,,2016-06-17T19:11:31
Leg press,3,8,22.45,2018-08-19,,,2018-06-23T01:22:54
Bench Press (Barbell),2,11,12.92,2016-04-16,,,2016-02-12T01:31:23
Incline Press (Dumbbell),1,10,83.42,2018-02-12,,,2017-08-14T23:09:33
Squat,2,12,135.68,2017-01-20,,,2017-03-02T12:53:33
Seated Shoulder  Press (Barbell),3,8,414.78,2016-02-22,,,2016-03-07T05:34:42
Bicep Curl (Barbell),1,7,27.92,2015-10-26,,,2015-11-08T02:21:11
Squat (Barbell),4,3,41.95,2017-03-19,,,2016-11-20T21:24:05
Romanian Deadlift (Barbell),2,9,191.11,2018-05-27,,,2018-03-14T15:32:30
Low Incline Dumbbell Bench,2,10,119.16,2018-08-04,,,2018-07-03T05:20:12
Romanian Deadlift (Barbell),4,11,82.25,2018-06-29,,,2018-07-13T08:47:43
Lateral Raise (Dumbbell),2,6,258.53,2016-09-14,,,2016-05-19T19:20:52
Hammer seated row (CLOSE GRIP),5,10,9.68,2018-09-11,,,2018-08-05T17:15:27
Seated Military Press (Dumbbell),2,10,25.31,2016-12-22,,,2016-09-15T03:39:18
Squat (Barbell),1,10,227.19,2017-08-26,,,2017-05-23T01:25:08
Lateral Raise,4,11,80.32,2016-09-22,,,2016-09-09T09:36:07
Hammer High Row - 1 Arm,3,13,225.45,2018-09-27,,,2018-09-18T03:49:20
Bicep Curl (Barbell),2,6,436.32,2018-07-05,,,2018-04-29T02:26:44
Shoulder Press (Standing),3,7,185.0,2017-05-19,,,2017-04-06T19:39:57
Squat (Barbell),3,5,486.02,2016-09-18,,,2016-10-15T15:02:47
Incline Bench Press,6,8,27.83,2015-12-31,,,2016-01-14T07:44:31
Incline Press (Dumbbell),3,9,6.25,2017-05-04,,,2017-05-31T11:27:52
Lateral Raise (Dumbbells),3,7,9.78,2017-04-11,,,2017-02-02T22:16:32
Hammer Row - Wide Grip,2,13,63.1,2018-09-21,,,2018-09-07T03:50:44
Weighted dips,3,11,437.23,2017-06-21,,,2017-02-11T17:59:25
Squat (Barbell),2,8,162.12,2017-08-19,,,2017-06-10T10:12:41
Chin Up,2,6,171.75,2017-04-12,,,2016-12-23T15:36:45
Squat (Barbell),3,6,5.73,2016-10-08,,,2016-06-02T09:40:59
Good Morning,3,12,129.59,2016-02-04,,,2016-02-25T11:06:35
Incline Bench Press,2,12,17.33,2015-10-30,,,2015-11-01T05:03:27
Leg curl,3,7,18.44,2018-07-31,,,2018-05-19T13:03:17
Good Morning (Barbell),3,17,41.32,2016-05-08,,,2016-03-19T00:15:35
Seated Shoulder  Press (Barbell),2,12,6.58,2017-05-09,,,2017-03-02T08:22:58
Romanian Deadlift (Barbell),3,5,117.45,2018-06-09,,,2018-04-23T09:47:48
Squat (Barbell),2,7,97.7,2017-09-19,,,2017-05-22T14:08:50
Incline Bench Press (Barbell),2,9,8.77,2016-09-11,,,2016-06-10T10:16:39
Squat (Barbell),5,17,13.66,2016-11-13,,,2016-10-04T03:52:06
Face pull,2,11,82.09,2016-06-03,,,2016-03-26T11:33:10
Face pull,3,11,128.9,2018-05-09,,,2018-01-31T08:30:15
Rear delt fly,3,15,31.89,2018-06-30,,,2018-05-30T23:12:19
Chin Up,3,10,217.12,2018-04-18,,,2018-01-01T03:17:20
Seated Military Press,3,6,214.05,2018-05-02,,,2018-01-23T11:35:23
Seated Cable Row (close Grip),2,11,47.13,2018-05-24,,,2017-12-31T07:28:30
Incline Bench Press (Barbell),4,8,136.39,2016-03-06,,,2016-01-22T08:34:26
Squat (Barbell),1,6,273.11,2016-01-29,,,2016-02-08T12:16:59
Chin Up,2,7,28.85,2016-07-20,,,2016-06-19T06:31:00
Shoulder Press (Standing),5,11,1.14,2016-11-11,,,2016-09-14T21:03:26
Face pull,4,14,7.8,2017-12-19,,,2017-10-29T03:08:01
Chin Up,2,6,225.12,2018-08-12,,,2018-07-03T15:59:12
Tricep pushdown,5,15,111.3,2015-11-07,,,2015-11-12T14:12:14
T-bar Row,2,8,319.77,2016-11-23,,,2017-01-14T10:18:17
Bench Press (Barbell),3,12,401.64,2018-07-11,,,2018-02-04T12:28:31
Bicep Curl (Barbell),4,9,329.65,2017-08-07,,,2017-03-11T10:36:13
T-bar Row,1,9,191.56,2017-12-02,,,2017-06-25T17:32:33
Seated Row,2,8,98.29,2016-05-24,,,2016-07-09T23:47:41
Tricep pushdown,2,7,136.26,2017-09-19,,,2017-08-08T21:20:05
Incline Press (Dumbbell),4,14,12.64,2017-08-01,,,2017-06-10T12:02:58
Bicep Curl (Barbell),3,9,401.15,2016-11-29,,,2016-07-08T14:55:31
Bicep Curl (barbell ),3,11,269.21,2017-04-17,,,2017-03-13T03:29:09
Overhead Press (Dumbbell),1,9,208.96,2017-01-17,,,2017-01-09T22:26:46
Seated Shoulder Press (Dumbbell),3,5,39.08,2017-01-10,,,2016-12-21T21:23:00
Bent Over Row (Dumbbell),1,7,437.72,2018-05-05,,,2018-01-10T10:06:59
Chin Up,5,8,178.48,2016-11-29,,,2016-10-22T21:09:41
Leg press (hinge ),2,7,47.88,2018-05-12,,,2018-01-07T20:39:21
Leg press (hinge ),4,8,91.87,2018-09-08,,,2018-08-16T04:02:16
Deadlift (Barbell),1,9,274.8,2018-06-30,,,2018-04-17T21:05:08
Low Incline Dumbbell Bench,2,14,23.84,2018-07-23,,,2018-05-25T20:10:53
Neutral Chin,2,9,217.49,2018-06-01,,,2018-04-14T11:59:21
Deadlift (Barbell),4,3,378.87,2017-11-16,,,2017-06-24T18:51:06
Chin Up,2,12,260.4,2015-11-11,,,2015-11-21T14:44:37
Incline Bench Press (Barbell),3,5,450.99,2016-09-24,,,2016-10-16T22:14:52
Incline Bench Press (Barbell),5,12,44.64,2015-12-22,,,2015-11-15T05:15:16
T-bar Row,4,13,89.68,2018-01-16,,,2017-11-01T05:22:35
Seated Cable Row (close Grip),1,11,259.15,2017-05-05,,,2016-12-06T06:33:24
Weighted dips,2,7,432.56,2015-12-06,,,2016-01-05T03:13:37
Incline Press (Dumbbell),3,11,30.07,2015-11-15,,,2015-11-19T15:21:49
Seated Cable Row (close Grip),4,14,145.09,2017-08-25,,,2017-06-28T02:58:18
Chin Up,1,8,49.82,2017-10-04,,,2017-06-21T05:14:47
Romanian Deadlift (Barbell),2,8,149.28,2016-12-17,,,2017-01-07T01:19:57
Seated Military Press,2,10,32.58,2017-01-14,,,2016-11-05T10:36:55
Bicep Curl (barbell ),1,14,72.95,2016-07-28,,,2016-06-04T07:44:08
Chin Up,2,9,47.62,2018-03-29,,,2017-10-31T04:38:39
Incline Bench Press (Barbell),4,7,27.39,2016-12-22,,,2016-10-01T14:37:26
Seated Cable Row (close Grip),1,7,93.52,2018-01-23,,,2017-10-09T20:51:38
Shoulder Press (Standing),1,5,413.64,2017-08-22,,,2017-06-21T04:34:23
sumo deadlift,1,8,51.62,2018-02-17,,,2017-11-19T13:31:50
Shoulder Press (Standing),4,11,102.35,2015-11-02,,,2015-11-01T20:26:16
Hammer seated row (CLOSE GRIP),1,8,31.22,2018-07-07,,,2018-06-24T16:01:14
Weighted dips,7,7,102.52,2016-09-24,,,2016-06-07T16:15:36
Chin Up,2,11,35.19,2016-07-25,,,2016-05-31T09:16:00
Lat Pulldown,2,9,94.88,2017-08-17,,,2017-06-18T10:04:58
Squat (Barbell),1,7,146.47,2018-01-08,,,2017-09-07T00:28:39
Rear delt fly,5,7,16.11,2016-06-09,,,2016-09-01T16:06:54
Seated Row,4,5,233.27,2016-12-20,,,2016-09-05T07:17:05
Lat Pulldown,3,7,30.58,2017-08-15,,,2017-01-04T19:12:06
high bar squat,2,3,473.36,2017-09-13,,,2017-08-30T15:27:25
Shoulder Press (Standing),4,8,315.9,2018-05-20,,,2018-05-13T22:38:43
Seated Cable Row (close Grip),2,12,23.24,2016-02-12,,,2015-12-24T18:49:58
Weighted dips,4,9,321.41,2017-05-10,,,2017-02-21T22:10:33
Squat (Barbell),4,11,205.52,2018-05-02,,,2017-10-08T08:12:30
Leg press (hinge ),2,14,178.12,2016-09-11,,,2016-05-13T08:32:25
Rear delt fly,3,15,62.22,2018-03-19,,,2018-02-24T19:18:03
Squat (Barbell),1,4,120.31,2015-11-15,,,2015-11-24T00:52:44
Seated Shoulder  Press (Barbell),2,11,393.67,2018-09-21,,,2018-09-05T15:34:53
Seated Shoulder  Press (Barbell),2,11,40.17,2015-12-08,,,2015-12-19T02:07:49
Deadlift,4,11,12.77,2016-09-12,,,2016-09-01T10:59:32
Squat (Barbell),2,5,12.25,2018-02-26,,,2017-09-29T23:10:44
Incline Press (Dumbbell),2,9,36.84,2015-11-11,,,2015-11-23T13:32:11
Rear delt fly,2,10,118.49,2018-07-08,,,2018-03-10T14:37:21
Squat (Barbell),3,7,211.1,2016-06-02,,,2016-06-06T03:48:09
Weighted dips,3,10,21.85,2018-08-02,,,2018-07-10T12:28:29
Low Incline Dumbbell Bench,3,11,141.52,2018-05-31,,,2018-04-02T17:22:15
Leg outward fly,4,8,414.97,2017-07-01,,,2017-04-27T18:30:36
Deadlift (Barbell),3,10,105.35,2018-07-19,,,2018-05-06T13:44:13
Incline Bench Press (Barbell),2,7,144.27,2016-09-19,,,2016-08-21T01:36:08
Leg outward fly,3,14,120.67,2017-05-07,,,2017-02-10T02:50:22
Chin Up,1,4,86.21,2018-03-22,,,2018-02-18T00:48:47
Leg outward fly,2,13,197.33,2018-07-22,,,2018-01-08T04:46:22
Seated Row,2,18,39.28,2017-01-04,,,2016-11-22T05:58:48
Chin Up,2,8,360.16,2017-11-10,,,2017-11-05T22:21:37
Weighted dips,5,12,141.99,2018-05-17,,,2018-03-25T00:42:45
Hammer Curl (Dumbbell ),7,8,176.03,2018-06-10,,,2018-04-22T14:00:05
Lateral Raise (Dumbbells),3,5,30.38,2016-02-26,,,2016-01-18T21:31:07
Leg press (hinge ),2,14,1.27,2016-08-25,,,2016-07-28T06:23:38
Bicep Curl (barbell ),3,11,44.6,2017-05-10,,,2017-03-21T15:45:28
Chin Up,3,13,120.37,2018-08-26,,,2018-07-25T01:09:28
Weighted dips,2,9,437.54,2017-04-18,,,2017-02-06T15:08:06
Leg press,2,7,518.19,2016-09-12,,,2016-07-04T16:07:26
Good Morning (Barbell),2,10,62.38,2015-11-17,,,2015-11-24T07:01:47
Deadlift - Trap Bar,3,9,491.21,2018-09-29,,,2018-09-29T14:35:32
Shoulder Press (Standing),1,6,796.49,2017-08-12,,,2017-04-28T00:54:23
Incline Bench Press (Barbell),3,6,596.46,2015-11-11,,,2015-11-03T04:41:23
Squat (Barbell),2,14,37.44,2017-12-28,,,2017-10-26T00:07:49
Hammer seated row (CLOSE GRIP),2,11,233.73,2017-12-20,,,2017-08-30T00:33:30
Sling Shot Bench,3,15,338.63,2015-12-31,,,2015-12-31T12:17:01
Chin Up,3,13,37.22,2017-12-20,,,2017-08-10T11:38:47
Squat (Barbell),3,9,109.26,2015-11-21,,,2015-11-15T06:49:32
Face pull,2,9,64.27,2017-08-06,,,2017-03-21T22:04:20
Squat,1,4,368.97,2018-09-02,,,2018-07-16T18:34:26
Hammer lat pulldown,1,7,107.66,2018-05-28,,,2017-12-12T09:02:46
Bench Press (Barbell),2,11,131.53,2016-06-10,,,2016-02-28T11:26:30
Weighted dips,3,11,58.29,2016-03-06,,,2015-12-23T08:52:50
Bicep Curl (Barbell),2,11,106.8,2016-03-17,,,2016-04-03T14:34:17
Neutral Chin,5,13,17.04,2016-10-29,,,2016-10-15T18:35:27
Hammer Curl,2,9,208.0,2018-07-26,,,2018-06-04T00:05:30
Bicep Curl (barbell ),1,6,312.84,2016-05-22,,,2016-05-06T03:15:54
Hammer Curl (Dumbbell ),2,10,435.46,2015-10-26,,,2015-10-31T00:27:02
Romanian Deadlift (Barbell),2,12,151.49,2017-08-26,,,2017-03-15T02:51:28
Chin Up,3,10,92.75,2016-12-17,,,2016-09-20T13:41:42
Seated Shoulder  Press (Barbell),2,17,36.4,2017-05-03,,,2017-06-13T07:41:40
Seated Shoulder  Press (Barbell),1,9,330.82,2015-12-08,,,2015-12-14T06:11:36
Chin Up,2,9,161.43,2018-01-24,,,2017-12-29T18:35:10
Lateral Raise (Dumbbells),3,7,174.19,2018-06-29,,,2018-03-26T10:42:11
Bench Press (Barbell),4,9,226.86,2017-12-22,,,2017-11-07T04:07:54
Chin Up,2,10,46.02,2018-09-29,,,2018-09-29T14:35:32
Hammer Row - Wide Grip,1,14,171.24,2017-06-19,,,2017-01-28T13:59:06
Squat,6,10,194.2,2016-12-17,,,2017-01-05T23:13:44
Leg press (hinge ),3,8,14.27,2015-12-18,,,2015-11-26T16:05:17
Chin Up,2,16,7.71,2017-07-01,,,2017-02-15T16:37:16
Lateral Raise,2,8,188.59,2018-08-12,,,2018-06-25T12:59:35
high bar squat,3,14,3.85,2016-08-08,,,2016-08-18T20:30:31
Weighted dips,3,8,137.69,2018-04-19,,,2018-01-24T23:37:56
Seated Row,4,9,73.33,2015-10-31,,,2015-10-31T02:04:51
Romanian Deadlift (Barbell),2,9,73.97,2018-08-11,,,2018-05-29T10:21:26
Romanian Deadlift (Barbell),2,13,92.05,2017-07-07,,,2017-03-04T04:10:49
Seated Shoulder  Press (Barbell),3,13,72.05,2016-11-20,,,2016-11-13T21:13:05
Hammer seated row (CLOSE GRIP),3,8,106.78,2018-09-05,,,2018-08-03T22:09:33
Rear delt fly,3,6,46.99,2018-07-03,,,2018-03-19T22:57:55
Lateral Raise (Dumbbells),3,8,473.51,2018-09-01,,,2018-07-01T06:08:37
Incline Press (Dumbbell),1,12,96.32,2018-09-25,,,2018-09-09T01:56:45
Seated Military Press (Dumbbell),4,9,140.89,2018-02-25,,,2018-01-03T20:08:08
Hammer seated row (CLOSE GRIP),2,11,102.06,2016-01-10,,,2016-02-11T14:42:58
Romanian Deadlift (Barbell),1,11,15.23,2018-09-15,,,2018-08-28T21:45:31
Weighted dips,5,17,62.07,2018-01-31,,,2017-12-08T13:15:09
Incline Press (Dumbbell),1,12,19.13,2018-09-11,,,2018-08-28T21:52:11
Leg curl,2,12,23.51,2015-11-20,,,2015-12-01T02:24:20
Hammer seated row (CLOSE GRIP),2,7,14.35,2017-09-03,,,2017-02-25T08:46:48
Squat (Barbell),2,8,36.14,2016-02-04,,,2016-03-29T03:01:08
Seated Military Press,2,10,236.48,2018-07-26,,,2018-02-08T13:38:33
Romanian Deadlift (Barbell),1,10,34.13,2017-08-08,,,2017-04-29T22:07:58
Chin Up,5,8,93.29,2016-03-02,,,2016-01-19T07:38:54
Chin Up,2,7,236.5,2016-03-15,,,2016-01-09T00:19:09
Sling Shot Bench,2,6,31.62,2017-11-25,,,2017-08-18T01:18:01
Lateral Raise (Dumbbells),5,13,10.72,2016-01-02,,,2015-12-28T13:41:55
Chin Up,3,13,100.55,2018-05-06,,,2018-04-05T06:42:54
Leg press (hinge ),2,12,270.52,2017-06-19,,,2017-05-13T14:55:01
Face pull,4,12,77.88,2018-09-04,,,2018-08-23T19:01:09
Lateral Raise (Dumbbells),3,13,41.5,2017-03-10,,,2016-11-29T20:10:50
Rear delt fly,1,6,156.22,2017-05-21,,,2017-02-26T10:12:51
Lateral Raise (Dumbbells),2,7,380.91,2015-12-10,,,2016-01-10T15:13:38
Seated Shoulder  Press (Barbell),2,10,62.01,2017-02-12,,,2016-07-17T20:27:12
Weighted dips,4,13,13.46,2016-12-29,,,2016-10-12T04:34:25
Hammer seated row (CLOSE GRIP),2,10,142.65,2017-02-04,,,2017-02-13T17:17:38
Hammer Curl,1,6,90.43,2016-12-27,,,2016-11-16T19:31:40
Lat Pulldown (Cable),1,12,278.55,2018-05-04,,,2018-04-30T11:12:22
Seated Shoulder  Press (Barbell),2,9,274.07,2016-07-23,,,2016-04-26T20:34:30
Chin Up,2,10,75.22,2018-06-17,,,2018-03-31T11:12:40
Chin Up,5,14,114.38,2015-12-06,,,2015-11-27T02:10:35
Weighted dips,5,11,42.44,2015-11-11,,,2015-11-20T09:41:36
Incline Bench Press (Barbell),3,7,42.39,2015-11-30,,,2016-01-04T16:34:30
Squat,4,8,275.47,2016-08-08,,,2016-07-30T11:11:17
Leg curl,2,7,54.94,2015-12-07,,,2015-11-21T09:28:49
Lateral Raise,3,15,114.21,2016-02-19,,,2016-01-22T03:48:44
Lateral Raise (Dumbbells),2,9,45.47,2018-05-23,,,2018-02-19T23:33:46
Leg curl,3,14,155.54,2015-11-14,,,2015-11-10T00:05:22
Seated Shoulder  Press (Barbell),3,12,74.93,2018-06-19,,,2018-02-02T00:04:26
Hammer seated row (CLOSE GRIP),2,8,172.45,2015-12-28,,,2015-12-22T03:25:36
Shoulder Press (Standing),3,10,602.35,2018-09-24,,,2018-09-12T13:34:44
Shoulder Press (Standing),4,11,65.05,2018-08-13,,,2018-05-11T06:33:17
Bicep Curl (Barbell),1,9,86.28,2018-06-18,,,2018-02-19T20:57:00
Lat Pulldown,3,10,152.02,2018-02-05,,,2017-09-02T00:59:13
Romanian Deadlift (Barbell),2,8,81.55,2016-05-31,,,2016-06-23T18:50:21
Low Incline Dumbbell Bench,2,6,298.56,2018-07-22,,,2018-05-16T23:33:15
Seated Military Press,3,12,0.7,2018-05-30,,,2018-04-07T10:57:42
Incline Bench Press (Barbell),2,9,194.11,2017-09-30,,,2017-07-16T17:01:26
Bicep Curl (Barbell),4,10,46.54,2016-12-24,,,2016-12-17T16:36:55
Chin Up,1,13,27.8,2017-09-07,,,2017-05-12T19:19:51
Chin Up,2,11,89.39,2016-10-08,,,2016-07-02T04:48:24
Incline Bench Press,9,10,320.88,2016-02-20,,,2016-01-30T15:04:46
Weighted dips,3,12,2.71,2016-11-13,,,2016-08-30T04:04:13
Seated Shoulder  Press (Barbell),3,11,143.07,2017-05-24,,,2017-02-25T02:13:55
Front Squat (Barbell),1,10,59.6,2017-09-24,,,2017-11-06T10:16:54
Rear delt fly,2,5,760.64,2017-03-01,,,2016-11-27T19:53:36
Incline Bench Press (Barbell),3,8,45.26,2018-04-30,,,2018-04-09T11:10:51
Incline Bench Press (Barbell),4,9,274.05,2016-02-12,,,2016-02-10T22:21:52
Bicep Curl (barbell ),3,15,9.02,2015-11-06,,,2015-11-16T11:53:56
Incline Bench Press,3,7,184.77,2017-03-03,,,2016-10-17T03:11:58
Squat (Barbell),2,6,639.53,2017-10-22,,,2017-04-21T19:41:43
Chin Up,2,3,697.96,2017-01-30,,,2017-01-03T14:05:25
Leg outward fly,2,11,21.49,2016-02-27,,,2016-02-02T21:16:10
Lateral Raise,2,7,207.06,2016-05-08,,,2016-03-01T16:23:56
Rear delt fly,3,10,34.18,2016-03-01,,,2016-02-17T19:40:17
Incline Bench Press (Barbell),3,8,74.03,2015-11-28,,,2015-12-04T15:18:27
Seated Shoulder  Press (Barbell),6,8,46.3,2016-05-24,,,2016-04-22T22:33:46
Leg outward fly,2,12,153.85,2016-12-20,,,2016-08-04T07:52:56
Squat,2,4,221.15,2017-08-04,,,2017-04-18T04:50:10
Incline Bench Press (Barbell),5,12,82.81,2016-01-28,,,2016-02-03T20:04:57
Chin Up,2,10,54.5,2016-11-10,,,2016-11-18T08:47:48
Shoulder Press (Standing),2,12,261.17,2017-05-14,,,2017-01-26T05:40:28
Leg press (hinge ),2,8,75.19,2018-08-04,,,2018-04-21T00:01:31
Bicep Curl (Barbell),2,16,263.71,2016-09-13,,,2016-03-22T16:46:13
kettlebell Swings,5,13,369.26,2018-09-29,,,2018-09-29T14:35:32
Lat Pulldown Closegrip,4,8,227.07,2018-08-06,,,2018-05-31T17:12:41
Squat,1,7,171.92,2016-02-10,,,2016-01-09T21:30:47
Bent Over Row (Dumbbell),4,8,298.4,2018-03-02,,,2018-03-11T23:28:58
Squat,2,14,40.8,2018-03-20,,,2018-01-31T13:48:38
Seated Shoulder  Press (Barbell),2,9,131.68,2017-05-06,,,2017-03-17T07:17:40
Chin Up,2,11,237.98,2015-10-30,,,2015-10-29T15:07:43
Squat (Barbell),5,9,94.95,2018-02-04,,,2017-11-30T21:03:24
high bar squat,2,13,84.15,2018-09-29,,,2018-09-29T14:35:32
Neutral Chin,3,9,23.69,2016-03-02,,,2016-01-13T07:21:10
Chin Up,4,13,106.94,2018-06-13,,,2018-01-24T02:56:40
Incline Bench Press (Barbell),4,7,272.2,2015-11-05,,,2015-11-10T13:06:07
Deadlift (Barbell),1,12,51.41,2018-02-15,,,2017-12-28T08:50:57
Squat (Barbell),3,12,5.62,2018-08-08,,,2018-07-11T16:26:41
Hammer lat pulldown,2,13,155.75,2018-05-04,,,2018-02-11T14:26:14
Chin Up,5,8,29.48,2017-04-29,,,2017-03-30T14:03:11
Romanian Deadlift (Barbell),2,8,135.39,2017-10-26,,,2017-06-23T02:18:44
Incline Bench Press (Barbell),3,9,135.41,2016-08-22,,,2016-06-12T13:55:38
Face pull,3,10,61.2,2018-09-02,,,2018-08-26T17:12:28
Bicep Curl (Barbell),2,10,392.0,2017-10-31,,,2017-10-15T19:43:55
Bent Over Row (Dumbbell),2,9,42.99,2017-08-22,,,2017-02-11T06:58:15
Bicep Curl (Barbell),6,11,43.69,2016-05-09,,,2016-02-08T06:53:38
Bicep Curl (Barbell),2,8,7.4,2016-06-02,,,2016-04-16T03:00:51
T-bar Row,3,12,69.16,2018-08-25,,,2018-08-25T15:17:38
Weighted dips,3,7,19.54,2016-08-27,,,2016-06-03T06:10:08
Chin Up,4,11,2.47,2017-12-11,,,2017-05-13T09:43:56
Squat (Barbell),1,9,25.62,2017-09-04,,,2017-05-11T23:26:39
Lateral Raise (Dumbbells),1,10,361.72,2016-01-18,,,2016-01-27T19:30:59
Leg curl,3,9,377.63,2018-04-26,,,2018-02-12T21:24:41
T-bar Row,2,10,2.24,2018-07-10,,,2018-03-23T04:28:24
Leg outward fly,5,11,9.33,2017-04-02,,,2016-11-22T14:26:49
Rear delt fly,4,13,37.3,2016-09-17,,,2016-07-03T18:07:28
Face pull,2,10,163.2,2018-08-04,,,2018-06-16T08:03:47
Seated Shoulder  Press (Barbell),2,13,14.02,2017-08-01,,,2017-02-04T09:56:13
Lateral Raise (Dumbbells),2,15,127.62,2018-02-27,,,2018-01-29T05:17:29
Squat (Barbell),6,10,7.85,2017-06-22,,,2017-01-20T18:03:58
Leg press (hinge ),6,10,76.31,2015-11-09,,,2015-11-21T22:08:29
Incline Bench Press (Barbell),2,8,288.3,2016-02-17,,,2016-04-05T23:35:11
Bench Press (Barbell),2,11,135.29,2018-06-16,,,2018-04-22T16:47:53
Squat (Barbell),2,9,122.03,2018-03-17,,,2017-09-26T00:24:45
Hammer Curl (Dumbbell ),4,6,193.48,2016-04-22,,,2016-03-14T20:59:27
Deadlift (Barbell),2,7,262.99,2016-08-15,,,2016-06-18T01:51:52
Shoulder Press (Standing),4,7,81.4,2016-07-18,,,2016-07-06T06:00:18
Bench Press (Barbell),2,8,102.87,2018-09-02,,,2018-08-15T18:30:23
Weighted dips,1,6,247.1,2016-05-10,,,2016-01-13T02:58:54
Bicep Curl (barbell ),3,11,70.56,2017-10-12,,,2017-04-18T21:01:25
Face pull,2,13,21.12,2015-12-27,,,2016-01-12T22:14:05
Shoulder Press (Standing),1,12,74.29,2018-08-28,,,2018-08-04T04:03:36
Chin Up,3,11,14.74,2016-12-19,,,2016-08-29T14:49:35
Rear delt fly,2,13,8.67,2018-03-17,,,2017-07-17T01:17:37
Incline Bench Press (Barbell),3,9,37.32,2017-08-31,,,2017-07-05T18:34:37
Weighted dips,2,11,27.96,2018-03-20,,,2017-12-12T22:14:00
Squat (Barbell),4,12,26.16,2016-12-13,,,2016-07-27T21:30:51
Hammer Curl (Dumbbell ),2,13,66.63,2017-06-24,,,2016-12-15T15:12:08
Chin Up,2,9,218.65,2017-01-14,,,2016-10-23T01:21:47
Hammer Curl (Dumbbell ),3,8,65.89,2016-06-08,,,2016-06-23T16:51:36
Bicep Curl (Barbell),1,5,93.01,2018-04-17,,,2017-12-02T02:06:25
Seated Row,3,12,11.07,2017-11-24,,,2017-09-30T18:56:15
Hammer Row - Wide Grip,2,9,143.51,2018-09-02,,,2018-07-22T18:17:05
Incline Press (Dumbbell),2,13,1.93,2018-09-29,,,2018-09-29T14:35:32
Hammer lat pulldown,2,11,43.96,2018-09-29,,,2018-09-27T14:01:55
Lateral Raise (Dumbbells),2,7,174.9,2018-04-24,,,2017-10-23T15:31:40
Leg outward fly,3,9,1.77,2018-01-12,,,2017-08-13T10:39:39
Squat (Barbell),3,6,185.15,2018-07-06,,,2018-04-22T03:52:20
Chin Up,4,13,10.13,2016-10-28,,,2016-06-19T13:42:21
Chin Up,3,13,34.88,2018-07-21,,,2018-04-16T18:06:05
Bench Press (Barbell),1,9,24.2,2018-09-19,,,2018-08-12T16:28:46
Squat (Barbell),4,4,596.03,2016-02-22,,,2016-02-19T14:06:25
Incline Press (Dumbbell),2,10,406.08,2018-05-12,,,2018-02-13T05:21:49
Incline Bench Press,3,10,37.73,2016-02-07,,,2016-01-28T01:19:03
Bent Over Row (Dumbbell),3,13,58.19,2015-12-09,,,2015-12-14T07:33:25
Good Morning (Barbell),3,9,38.78,2015-11-28,,,2015-11-24T03:57:34
Romanian Deadlift (Barbell),2,10,43.36,2018-09-29,,,2018-09-29T14:35:32
Squat (Barbell),2,8,15.33,2016-02-26,,,2016-03-18T21:29:05
Rear delt fly,3,7,367.17,2018-09-17,,,2018-08-23T18:44:39
Leg curl,1,6,72.46,2016-08-06,,,2016-08-05T14:50:31
Face pull,2,6,442.26,2018-07-01,,,2018-05-12T16:44:04
Bench Press (Barbell),1,6,419.49,2018-03-08,,,2017-11-07T17:04:47
Leg press (hinge ),6,13,223.73,2018-04-01,,,2018-02-13T03:30:12
Seated Military Press,4,8,49.44,2015-10-24,,,2015-10-27T03:18:52
Squat (Barbell),3,8,100.51,2017-01-22,,,2016-12-03T09:31:14
Chin Up,2,5,206.9,2017-01-13,,,2016-11-19T23:45:58
T-bar Row,2,6,184.45,2018-01-10,,,2017-11-08T15:49:32
Lateral Raise (Dumbbells),3,9,98.65,2015-11-25,,,2015-12-10T01:12:38
Chin Up,5,3,355.58,2017-01-26,,,2016-08-27T11:02:40
Hammer seated row (CLOSE GRIP),3,6,89.43,2018-05-04,,,2018-03-23T22:29:10
Incline Press (Dumbbell),3,8,315.35,2017-08-10,,,2017-05-08T15:11:25
Rear delt fly,2,19,1.08,2017-12-10,,,2017-08-11T23:12:06
Tricep pushdown,2,13,97.37,2018-07-27,,,2018-06-13T19:16:44
Squat,4,8,60.71,2017-07-23,,,2016-12-28T06:14:09
T-bar Row,3,13,17.02,2016-04-21,,,2016-01-13T20:17:58
Weighted dips,4,9,42.42,2016-03-14,,,2016-01-22T15:19:11
Low Incline Dumbbell Bench,2,9,143.52,2018-09-24,,,2018-08-29T14:55:20
Chin Up,2,6,292.82,2016-09-05,,,2016-05-17T07:20:56
Incline Press (Dumbbell),4,9,307.02,2016-08-22,,,2016-05-25T02:33:06
Lat Pulldown,2,6,479.43,2016-07-25,,,2016-03-20T19:07:44
Hammer seated row (CLOSE GRIP),2,9,299.96,2018-08-06,,,2018-04-23T14:48:38
Bicep Curl (Dumbbell),2,12,154.23,2018-07-19,,,2018-06-14T14:39:06
Hammer seated row (CLOSE GRIP),2,11,55.08,2017-09-27,,,2017-07-02T22:41:09
Romanian Deadlift (Barbell),3,17,278.41,2015-12-18,,,2015-12-09T07:28:02
Bicep Curl (Barbell),2,8,95.09,2018-02-26,,,2017-10-28T22:05:55
Seated Cable Row (close Grip),3,9,152.0,2015-11-05,,,2015-10-28T16:19:42
Lateral Raise,1,6,368.94,2018-02-21,,,2017-10-08T00:49:41
Chin Up,5,11,46.45,2015-10-29,,,2015-11-03T07:51:00
Bicep Curl (Barbell),2,10,19.14,2018-05-19,,,2018-03-10T13:15:32
Incline Bench Press (Barbell),6,10,50.27,2015-11-18,,,2015-11-19T07:43:36
Chin Up,4,8,307.94,2017-04-20,,,2017-03-20T08:42:03
Bent Over Row (Dumbbell),4,10,227.77,2018-06-13,,,2018-01-14T15:00:45
Incline Bench Press (Barbell),3,11,54.16,2016-01-07,,,2015-12-08T20:46:35
Incline Press (Dumbbell),3,12,123.94,2017-12-26,,,2017-10-29T16:25:20
Seated Cable Row (close Grip),6,14,65.63,2016-12-14,,,2016-07-08T13:02:39
Leg press (hinge ),7,9,161.26,2016-03-28,,,2016-03-14T14:41:46
Squat (Barbell),2,9,89.13,2017-12-13,,,2018-01-16T23:22:13
Seated Shoulder  Press (Barbell),3,9,344.26,2018-04-28,,,2018-02-17T09:34:50
Leg press,2,8,583.22,2017-03-13,,,2017-05-19T07:11:42
Seated Row,5,10,24.28,2016-09-24,,,2016-08-10T23:45:40
Shoulder Press (Standing),2,10,246.73,2018-09-21,,,2018-09-16T22:15:48
Hammer seated row (CLOSE GRIP),2,9,78.71,2016-06-04,,,2016-05-07T01:26:10
Seated Cable Row (close Grip),3,8,31.33,2017-10-02,,,2017-05-14T12:00:36
Incline Bench Press (Barbell),2,7,89.94,2015-11-04,,,2015-11-01T17:41:44
Squat,4,10,250.56,2015-11-03,,,2015-11-17T10:32:51
Incline Bench Press,3,10,106.46,2017-09-28,,,2017-05-12T02:04:47
Shoulder Press (Standing),1,5,247.46,2018-04-23,,,2017-10-10T15:27:06
Romanian Deadlift (Barbell),2,7,5.47,2018-09-29,,,2018-09-27T02:28:25
Rear delt fly,3,9,33.09,2018-09-10,,,2018-09-10T13:10:27
Hammer Row - Wide Grip,1,11,46.13,2018-06-10,,,2018-05-18T20:24:51
Military Press (Standing),2,7,239.57,2018-08-23,,,2018-07-11T04:54:31
Bicep Curl (Barbell),3,13,13.55,2018-09-26,,,2018-09-17T07:38:50
Chin Up,3,8,57.09,2016-10-11,,,2016-08-21T03:18:09
Bicep Curl (Barbell),1,16,105.38,2016-09-05,,,2016-11-09T17:37:28
Good Morning (Barbell),4,10,76.44,2017-07-17,,,2017-05-22T23:21:46
Hammer seated row (CLOSE GRIP),4,13,144.97,2016-10-31,,,2016-12-16T15:53:32
Incline Bench Press,2,10,24.5,2016-02-24,,,2016-02-19T07:56:58
Rear delt fly,2,8,321.99,2015-11-07,,,2015-11-07T22:59:10
Seated Shoulder  Press (Barbell),2,9,185.41,2015-12-10,,,2016-01-07T02:59:09
Face pull,3,12,38.7,2018-08-22,,,2018-05-11T09:00:43
Chin Up,2,10,139.22,2016-11-14,,,2016-09-28T13:51:28
Chin Up,2,6,153.0,2017-10-19,,,2017-08-06T12:31:47
Chin Up,3,8,61.15,2018-09-07,,,2018-08-01T02:06:57
Lateral Raise (Dumbbells),7,14,36.75,2018-03-12,,,2018-01-04T17:51:23
Incline Press (Dumbbell),3,8,253.11,2017-09-03,,,2017-05-12T14:12:17
Squat (Barbell),2,6,164.92,2016-11-27,,,2016-12-08T19:52:10
Seated Cable Row (close Grip),2,11,1.85,2017-08-14,,,2017-04-16T05:45:25
Bent Over Row (Dumbbell),3,13,17.51,2018-04-01,,,2018-04-13T07:44:37
Hammer Row - Wide Grip,4,12,13.57,2017-04-18,,,2017-05-05T13:41:18
Rear delt fly,2,9,662.58,2018-09-27,,,2018-09-20T06:37:35
Seated Row,3,14,204.82,2018-07-16,,,2018-06-09T22:07:00
Bent Over Row (Dumbbell),5,11,74.15,2016-01-01,,,2015-12-28T05:06:18
Good Morning,2,11,151.45,2017-03-26,,,2016-12-10T10:14:26
Romanian Deadlift (Barbell),1,15,5.4,2016-10-17,,,2016-08-22T05:40:26
Weighted dips,5,11,142.22,2016-05-24,,,2016-03-17T22:58:01
Incline Bench Press (Barbell),3,11,394.09,2018-01-19,,,2017-10-10T08:43:32
Weighted dips,4,10,23.11,2015-10-27,,,2015-11-05T12:51:09
Lateral Raise (Dumbbells),2,5,449.33,2018-09-25,,,2018-09-21T15:12:35
Bench Press (Barbell),5,17,71.25,2016-01-22,,,2015-12-27T07:12:25
Squat (Barbell),4,5,223.75,2016-03-12,,,2016-02-14T15:39:01
Squat (Barbell),2,5,9.66,2017-01-11,,,2017-01-14T21:17:16
Hammer Curl,2,10,397.35,2017-10-12,,,2017-06-22T21:09:37
Weighted dips,1,10,68.55,2015-10-25,,,2015-10-25T00:23:09
Squat (Barbell),3,9,506.6,2018-04-27,,,2018-03-29T08:40:44
Incline Bench Press (Barbell),2,8,110.75,2017-02-17,,,2016-10-20T03:25:36
Weighted dips,3,8,306.94,2018-07-12,,,2018-04-02T09:31:39
Rear delt fly,3,9,72.38,2018-07-25,,,2018-06-22T10:15:11
Hack Squat,3,8,343.02,2018-07-04,,,2018-03-31T12:35:13
Hack Squat,1,11,211.91,2018-04-23,,,2018-02-11T08:15:00
Tricep pushdown,5,12,77.26,2017-05-14,,,2017-03-16T21:32:29
Seated Cable Row (close Grip),2,11,220.37,2017-09-07,,,2017-04-16T02:28:22
Squat (Barbell),2,11,25.43,2017-08-02,,,2017-03-02T02:25:39
Leg curl,3,9,425.36,2017-06-30,,,2017-05-13T04:46:07
Cable Fly,1,12,7.57,2018-08-11,,,2018-07-10T19:05:08
Hammer Curl (Dumbbell ),2,9,6.97,2017-02-01,,,2017-01-07T12:14:37
Seated Shoulder  Press (Barbell),1,7,82.71,2016-07-22,,,2016-05-14T09:09:41
Good Morning (Barbell),1,10,1.36,2018-04-14,,,2018-01-19T13:55:10
Leg press (hinge ),3,10,98.6,2017-10-24,,,2017-07-31T20:40:17
T-bar Row,1,11,457.4,2018-09-29,,,2018-09-29T14:35:32
Weighted dips,3,11,35.95,2015-11-21,,,2015-11-26T00:40:37
Squat (Barbell),1,4,364.39,2018-06-17,,,2017-12-09T15:21:15
Seated Shoulder Press (Dumbbell),3,11,209.65,2017-12-14,,,2017-04-17T15:43:19
Incline Bench Press (Barbell),2,4,344.12,2017-06-14,,,2017-02-10T15:51:32
Weighted dips,3,6,82.04,2018-04-30,,,2017-12-21T18:14:24
Chin Up,3,12,284.11,2016-04-29,,,2016-04-18T08:36:12
Hammer seated row (CLOSE GRIP),2,6,1028.2,2018-07-28,,,2018-06-03T08:21:44
Chin Up,4,11,0.4,2017-05-03,,,2017-01-31T20:52:04
Weighted dips,4,10,123.26,2015-12-15,,,2015-11-22T09:58:21
Deadlift (Barbell),2,8,428.65,2015-10-30,,,2015-11-03T13:13:31
Hammer Curl,2,9,183.06,2016-07-16,,,2016-07-19T19:16:18
Bicep Curl (Barbell),2,8,84.73,2016-07-07,,,2016-09-22T03:01:28
Lat Pulldown,2,11,112.0,2018-03-23,,,2017-12-11T09:31:00
Leg press (hinge ),5,11,78.39,2018-01-06,,,2017-10-06T09:10:47
T-bar Row,1,7,276.76,2017-07-05,,,2016-12-01T18:14:05
Hammer seated row (CLOSE GRIP),3,10,6.87,2016-08-20,,,2016-08-01T20:56:30
Squat (Barbell),3,4,119.44,2016-01-27,,,2016-02-08T05:07:03
Chin Up,4,4,308.05,2016-12-28,,,2017-01-02T06:47:33
Chin Up,5,10,6.3,2015-10-25,,,2015-10-25T09:41:17
Squat (Barbell),4,12,100.75,2017-10-18,,,2017-07-10T14:28:35
Seated Shoulder  Press (Barbell),3,12,2.81,2016-12-26,,,2016-10-17T14:22:34
Hammer Curl,3,9,43.58,2018-08-28,,,2018-07-13T02:29:46
Rear delt fly,4,8,174.51,2018-05-02,,,2017-12-24T03:52:45
Hammer seated row (CLOSE GRIP),2,12,94.13,2017-08-22,,,2017-02-03T11:01:32
Shoulder Press (Standing),2,9,73.25,2016-06-17,,,2016-07-13T20:48:25
Incline Bench Press (Barbell),4,16,9.75,2016-09-18,,,2016-07-08T08:18:31
Bicep Curl (Barbell),1,11,14.53,2018-02-18,,,2018-01-09T06:50:13
Squat (Barbell),3,8,87.38,2016-01-19,,,2016-01-01T19:34:11
Incline Bench Press (Barbell),5,7,105.49,2016-01-14,,,2016-01-16T21:14:29
Leg press (hinge ),2,5,295.21,2016-01-21,,,2016-01-14T08:23:12
Romanian Deadlift (Barbell),2,14,79.79,2017-06-04,,,2017-06-26T04:28:08
Leg curl,2,12,8.15,2018-07-28,,,2018-06-11T17:56:21
Hack Squat,1,8,273.58,2017-04-05,,,2016-09-05T08:40:49
Hammer seated row (CLOSE GRIP),2,9,150.94,2018-02-25,,,2018-03-31T02:22:07
Weighted dips,3,8,40.1,2016-06-05,,,2016-05-18T19:49:42
Bent Over Row (Dumbbell),2,13,16.02,2015-10-23,,,2015-10-25T08:03:42
Incline Press (Dumbbell),1,7,108.34,2017-11-03,,,2017-08-23T06:44:06
Leg press (hinge ),3,9,34.75,2016-11-07,,,2016-06-11T18:37:00
Squat (Barbell),3,4,916.25,2017-10-16,,,2017-05-03T20:18:32
Seated Military Press,2,7,73.09,2017-11-05,,,2017-11-07T11:47:24
Incline Bench Press,3,3,548.93,2017-03-24,,,2017-01-11T04:31:50
Incline Press (Dumbbell),3,13,15.16,2018-08-01,,,2018-06-15T09:19:39
Incline Bench Press (Barbell),3,8,279.83,2017-07-10,,,2017-01-19T07:06:38
Leg press,3,9,150.31,2016-05-06,,,2016-06-29T05:29:36
Incline Press (Dumbbell),1,10,124.69,2018-07-18,,,2018-06-09T18:10:34
Deadlift (Barbell),4,11,5.82,2016-12-24,,,2016-11-28T11:24:03
Hack Squat,2,11,59.55,2018-04-14,,,2018-02-08T00:13:42
Seated Cable Row (close Grip),2,9,81.82,2015-12-30,,,2015-12-10T06:21:09
Front Squat (Barbell),3,10,28.05,2018-03-29,,,2018-02-03T08:16:20
Face pull,2,13,18.56,2018-05-11,,,2018-04-16T08:13:10
Leg curl,1,10,40.55,2018-09-15,,,2018-08-15T19:07:59
Romanian Deadlift (Barbell),1,6,91.2,2018-05-10,,,2018-01-29T12:03:43
Romanian Deadlift (Barbell),2,7,156.93,2018-06-22,,,2018-01-30T11:25:39
Seated Military Press,1,8,569.42,2015-12-02,,,2015-12-04T20:41:01
Incline Press (Dumbbell),2,6,344.74,2017-12-26,,,2017-08-09T12:19:42
Rear delt fly,3,9,119.82,2017-12-16,,,2017-09-30T05:21:09
Leg press,2,5,82.99,2018-04-06,,,2017-11-05T20:20:07
Lateral Raise (Dumbbells),2,12,10.23,2018-07-14,,,2018-06-04T08:40:23
Lateral Raise (Dumbbells),2,6,79.27,2018-08-16,,,2018-07-15T02:14:08
Tricep pushdown,3,6,263.61,2018-09-20,,,2018-09-02T16:46:09
Hammer Curl (Dumbbell ),2,4,160.33,2015-10-27,,,2015-10-27T05:51:34
Leg curl,3,9,349.81,2017-05-24,,,2017-02-19T05:44:20
Incline Bench Press (Barbell),3,7,369.95,2016-06-25,,,2016-05-30T01:36:18
Seated Row,2,9,204.77,2017-03-28,,,2017-04-20T13:01:32
Lat Pulldown,2,6,222.76,2016-11-10,,,2016-10-25T10:33:07
Chin Up,4,4,290.69,2016-01-15,,,2016-01-16T13:41:58
Romanian Deadlift (Barbell),1,7,520.61,2018-08-18,,,2018-07-05T10:14:00
Squat (Barbell),3,10,165.82,2016-07-18,,,2016-07-18T01:07:40
Bench Press (Barbell),2,11,64.62,2015-11-17,,,2015-11-17T07:33:01
Bicep Curl (Barbell),3,7,80.25,2016-09-13,,,2016-07-16T04:00:38
Squat,2,11,285.61,2016-01-31,,,2016-01-06T09:41:46
Shoulder Press (Standing),1,7,244.86,2018-09-24,,,2018-09-12T20:04:37
Squat (Barbell),2,9,214.32,2017-01-18,,,2016-11-07T02:35:58
Weighted dips,3,14,24.63,2015-11-07,,,2015-11-08T02:41:46
Weighted dips,3,9,59.66,2018-08-25,,,2018-07-18T10:04:19
Incline Bench Press (Barbell),4,4,122.54,2015-10-28,,,2015-10-26T13:45:36
Seated Cable Row (close Grip),4,8,45.25,2018-09-26,,,2018-09-02T01:10:57
Seated Cable Row (close Grip),2,14,38.2,2017-07-13,,,2016-12-05T02:35:12
Weighted dips,3,9,105.94,2016-08-31,,,2016-05-19T16:07:50
Hammer back row wide 45 angle,2,7,38.43,2018-06-03,,,2018-03-03T15:48:31
Romanian Deadlift (Barbell),2,5,210.23,2016-09-19,,,2016-10-18T09:38:13
Hack Squat,2,3,210.78,2018-09-17,,,2018-08-19T04:46:54
Incline Bench Press,5,4,110.37,2015-11-23,,,2015-11-25T08:02:18
Shoulder Press (Standing),3,8,129.22,2018-05-02,,,2018-02-01T02:04:16
Bent Over Row (Dumbbell),3,15,3.1,2018-01-07,,,2017-09-26T11:31:25
Weighted dips,3,8,563.33,2017-06-08,,,2017-04-08T13:45:29
Chin Up,2,9,15.25,2017-11-07,,,2017-12-13T03:11:39
Chin Up,3,9,154.11,2016-09-12,,,2016-09-28T01:55:13
Shoulder Press (Standing),2,11,131.99,2018-06-19,,,2018-02-19T15:59:48
Leg curl,3,9,9.44,2018-07-30,,,2018-05-22T16:31:23
Incline Bench Press,2,11,442.98,2016-03-13,,,2016-01-30T06:26:41
Bench Press (Barbell),2,12,170.0,2017-08-01,,,2016-12-09T05:38:44
Seated Military Press,3,10,347.0,2018-01-24,,,2017-08-20T14:44:30
Chin Up,5,10,7.85,2018-05-23,,,2018-03-27T23:05:19
Chin Up,2,12,40.55,2018-08-16,,,2018-08-07T08:58:45
Neutral Chin,1,5,269.31,2016-07-12,,,2016-04-13T17:09:26
Hammer seated row (CLOSE GRIP),2,11,2.5,2016-12-11,,,2016-07-31T09:15:45
Tricep pushdown,3,6,7.38,2018-02-22,,,2018-01-16T19:55:47
Bench Press (Barbell),2,13,78.61,2016-05-08,,,2016-03-22T04:04:58
Incline Bench Press (Barbell),3,6,73.65,2016-08-13,,,2016-07-11T05:38:49
Bicep Curl (barbell ),2,10,99.64,2018-09-17,,,2018-08-16T13:08:30
Leg press (hinge ),4,11,57.7,2016-05-21,,,2016-04-05T11:55:40
Weighted dips,1,4,531.54,2015-10-25,,,2015-10-27T00:25:22
Bicep Curl (Barbell),2,9,61.95,2018-09-22,,,2018-09-14T00:20:32
Seated Row,2,12,22.8,2016-08-11,,,2016-07-06T21:24:23
T-bar Row,8,10,177.59,2017-04-25,,,2016-11-20T06:49:19
Squat (Barbell),4,7,219.64,2018-03-21,,,2017-09-02T08:42:24
Lat Pulldown,3,18,3.91,2016-10-06,,,2016-08-26T20:34:31
Seated Shoulder  Press (Barbell),2,8,282.49,2017-02-10,,,2017-03-11T18:44:28
Incline Bench Press (Barbell),4,9,759.03,2016-04-19,,,2016-04-03T02:41:32
Incline Press (Dumbbell),3,11,23.36,2018-04-22,,,2017-11-30T23:06:42
Neutral Chin,1,6,276.29,2017-09-12,,,2017-08-03T14:56:11
Face pull,4,13,57.66,2016-12-17,,,2016-06-19T22:41:58
Bicep Curl (barbell ),2,11,528.11,2018-05-18,,,2018-03-24T02:28:44
Leg curl,4,5,901.23,2018-09-14,,,2018-08-22T16:50:45
Shoulder Press (Standing),1,10,382.72,2018-04-24,,,2017-12-29T03:24:49
Lateral Raise (Dumbbells),1,7,345.97,2018-01-30,,,2017-11-08T07:46:09
Cable Fly,1,15,183.49,2018-03-15,,,2017-12-11T09:49:42
Squat (Barbell),2,9,134.56,2018-08-19,,,2018-07-17T20:21:25
Bicep Curl (Barbell),2,10,218.01,2018-09-24,,,2018-09-02T01:13:21
Lat Pulldown,3,5,173.69,2017-06-21,,,2017-05-15T16:43:10
Hammer seated row (CLOSE GRIP),3,7,247.36,2017-08-24,,,2017-06-10T06:59:59
Incline Bench Press (Barbell),3,8,122.33,2018-09-14,,,2018-08-11T22:29:48
Lat Pulldown,3,4,237.33,2018-07-12,,,2018-04-16T08:02:10
Hammer seated row (CLOSE GRIP),1,6,86.36,2018-07-02,,,2018-06-05T11:27:06
Incline Bench Press,4,8,294.87,2015-10-25,,,2015-10-26T05:24:22
Chin Up,2,8,300.47,2017-07-10,,,2017-01-03T16:29:21
Rear delt fly,3,12,126.1,2015-11-22,,,2015-11-24T15:39:22
Squat (Barbell),4,10,103.87,2015-10-24,,,2015-10-25T10:17:47
Good Morning,4,7,32.03,2016-03-23,,,2016-01-11T22:31:20
Squat (Barbell),5,11,296.34,2015-11-26,,,2015-11-16T15:19:07
Chin Up,3,7,159.53,2017-07-30,,,2017-05-06T04:08:59
Leg curl,1,8,66.22,2018-09-26,,,2018-09-24T23:50:54
Bicep Curl (Barbell),1,14,142.85,2018-03-13,,,2018-02-07T21:21:59
Shrugs (dumbbell),1,8,115.36,2017-12-09,,,2017-11-17T11:35:10
Lateral Raise (Dumbbells),2,15,48.01,2018-07-06,,,2018-06-07T02:49:36
Weighted dips,4,7,3.55,2016-02-07,,,2016-02-17T21:34:22
Chin Up,2,11,60.39,2018-02-02,,,2017-09-21T10:20:45
Chin Up,4,8,46.06,2016-06-17,,,2016-03-16T05:52:04
Chin Up,3,8,0.66,2018-01-15,,,2017-09-25T04:20:46
Leg press (hinge ),1,10,481.57,2018-01-02,,,2017-11-14T16:57:26
T-bar Row,2,12,332.64,2017-10-25,,,2017-10-11T21:59:28
Bicep Curl (barbell ),2,12,43.12,2015-11-03,,,2015-11-03T23:40:24
Romanian Deadlift (Barbell),2,7,233.94,2017-12-16,,,2017-07-01T19:10:59
Incline Press (Dumbbell),1,12,120.26,2017-10-15,,,2017-09-05T13:30:24
Lateral Raise (Dumbbells),2,11,113.47,2018-02-09,,,2017-09-15T18:27:22
Leg outward fly,3,13,350.59,2018-08-09,,,2018-06-30T01:11:06
Leg curl,2,11,261.63,2016-11-14,,,2016-07-26T07:09:53
Seated Shoulder  Press (Barbell),4,9,681.75,2018-07-16,,,2018-03-28T03:59:46
Good Morning,1,11,128.54,2018-09-05,,,2018-07-25T00:58:22
Bicep Curl (Barbell),2,8,146.81,2016-03-26,,,2016-03-31T21:07:50
Incline Bench Press (Barbell),4,14,19.76,2015-10-24,,,2015-10-26T15:00:09
Squat (Barbell),2,11,66.31,2018-04-13,,,2018-04-09T18:42:14
Chin Up,2,10,220.42,2017-04-11,,,2016-12-04T07:45:36
Hammer Curl,2,12,79.93,2016-08-18,,,2016-10-28T05:27:55
Glute extension.,3,9,42.15,2016-10-22,,,2016-07-14T12:14:42
Incline Press (Dumbbell),2,14,27.13,2015-11-25,,,2015-11-22T08:56:48
Bicep Curl (barbell ),3,10,6.39,2017-08-27,,,2017-04-21T12:54:29
Rotator cuff work.,3,15,123.1,2018-09-29,,,2018-09-27T00:18:48
Neutral Chin,2,6,469.3,2018-09-07,,,2018-08-31T21:48:27
Leg outward fly,2,10,153.04,2017-07-09,,,2017-03-23T19:37:21
Lateral Raise (Dumbbells),3,10,302.44,2016-07-06,,,2016-03-31T01:27:02
Rear delt fly,1,7,265.33,2017-05-23,,,2017-03-09T10:30:38
Seated Shoulder  Press (Barbell),4,5,213.73,2018-09-22,,,2018-09-07T07:07:51
Face pull,2,6,256.37,2018-03-16,,,2018-01-24T13:01:22
Chin Up,2,5,50.9,2018-04-10,,,2018-01-05T10:16:25
Leg outward fly,2,7,81.91,2017-06-14,,,2017-05-24T16:37:23
Seated Cable Row (close Grip),2,8,11.85,2016-08-09,,,2016-07-15T19:32:54
Seated Military Press,1,11,27.18,2018-03-27,,,2018-04-09T22:09:31
Bicep Curl (Barbell),1,5,130.62,2016-03-07,,,2016-02-10T09:25:40
Chin Up,4,8,82.55,2016-02-21,,,2016-02-08T00:25:16
Hack Squat,3,8,151.52,2018-02-07,,,2017-08-14T23:14:42
Squat (Barbell),1,14,386.08,2015-10-23,,,2015-10-24T01:24:43
Lateral Raise,3,9,485.3,2016-08-08,,,2016-04-16T04:15:03
Shoulder Press (Standing),1,8,123.78,2016-10-28,,,2016-11-03T09:12:53
Bicep Curl (Barbell),3,10,90.06,2016-06-03,,,2016-05-22T19:24:38
Bench Press (Barbell),2,8,154.99,2018-08-17,,,2018-04-19T17:53:13
Chin Up,2,7,439.3,2016-06-07,,,2016-06-06T18:46:18
Tricep pushdown,5,10,519.41,2017-08-25,,,2017-02-22T20:14:02
Leg curl,2,13,29.8,2018-01-17,,,2017-12-26T13:10:00
Seated Military Press,2,9,340.01,2016-04-30,,,2016-05-04T18:04:54
Curl Dumbbell,3,13,70.2,2016-11-22,,,2017-01-10T15:43:53
Good Morning (Barbell),2,12,4.94,2018-01-16,,,2017-08-14T03:41:53
Shoulder Press (Standing),2,14,18.4,2018-09-08,,,2018-08-04T13:16:35
Squat,3,7,8.07,2018-09-17,,,2018-08-01T17:18:40
Neutral Chin,3,10,29.38,2017-06-07,,,2017-01-15T01:04:53
Bench Press (Barbell),2,9,374.04,2018-08-30,,,2018-07-15T15:33:24
Chin Up,1,11,182.57,2018-09-22,,,2018-09-12T16:34:11
Incline Bench Press (Barbell),4,9,276.67,2015-12-21,,,2016-01-05T10:17:59
Romanian Deadlift (Barbell),1,10,34.71,2018-06-02,,,2018-03-31T05:38:59
Squat (Barbell),4,10,183.88,2016-04-09,,,2016-05-10T15:24:33
Hammer Row - Wide Grip,4,19,44.13,2018-09-25,,,2018-09-22T05:55:58
Sling Shot Bench,1,3,115.69,2018-09-10,,,2018-08-25T18:46:23
T-bar Row,3,8,289.3,2018-05-27,,,2018-03-26T19:48:25
T-bar Row,4,16,14.16,2016-03-01,,,2016-01-01T21:10:24
Leg outward fly,2,5,227.36,2018-07-27,,,2018-06-25T00:39:27
Romanian Deadlift (Barbell),4,10,111.7,2017-08-28,,,2017-06-27T11:11:14
Seated Shoulder  Press (Barbell),2,2,173.2,2015-11-28,,,2015-11-29T23:20:53
Sling Shot Bench,5,11,272.36,2018-09-23,,,2018-09-17T04:55:36
Glute extension.,2,7,99.93,2018-06-21,,,2018-05-14T21:14:43
Incline Bench Press (Barbell),2,16,26.81,2015-10-25,,,2015-10-27T11:42:47
Incline Bench Press (Barbell),3,7,293.8,2017-11-15,,,2017-10-26T18:08:53
Chin Up,2,8,148.16,2016-07-31,,,2016-08-23T03:50:28
Chin Up,4,12,310.01,2016-03-12,,,2016-03-18T06:20:27
Lateral Raise (Dumbbells),1,13,148.07,2018-02-09,,,2017-06-30T15:04:30
Face pull,3,11,51.64,2016-05-08,,,2016-03-04T23:53:53
Chin Up,1,5,144.86,2018-09-08,,,2018-07-04T04:13:01
Bent Over Row (Dumbbell),2,10,189.62,2018-09-03,,,2018-06-07T02:10:04
Hammer Curl (Dumbbell ),2,9,74.32,2018-05-01,,,2018-01-20T08:42:18
Leg curl,2,8,17.29,2018-09-02,,,2018-07-20T09:03:15
Chin Up,2,12,144.76,2017-05-08,,,2017-03-15T12:34:48
Lateral Raise (Dumbbells),1,11,70.2,2018-03-01,,,2017-12-07T03:20:06
Seated Military Press,5,7,38.23,2017-12-26,,,2017-09-25T23:03:09
Weighted dips,3,11,107.36,2018-06-07,,,2018-03-31T06:48:04
Deadlift (Barbell),2,12,22.33,2016-12-20,,,2016-08-13T23:20:48
T-bar Row,2,16,41.32,2018-06-20,,,2018-03-24T00:53:05
Chin Up,4,10,44.35,2017-01-18,,,2016-10-30T04:18:53
Shoulder Press (Standing),2,11,71.31,2017-02-04,,,2016-12-22T02:36:52
Overhead Press (Barbell),3,12,153.42,2016-09-03,,,2016-07-19T12:51:46
Leg press (hinge ),3,13,30.33,2018-03-08,,,2017-11-15T16:49:45
Hammer Curl (Dumbbell ),1,15,201.34,2015-12-20,,,2015-12-14T23:43:32
Bicep Curl (Dumbbell),2,13,15.14,2018-06-25,,,2018-03-24T19:34:38
Hammer seated row (CLOSE GRIP),3,8,626.72,2017-03-20,,,2017-03-19T03:26:29
Neutral Chin,2,17,39.38,2018-09-26,,,2018-09-17T15:24:05
Incline Bench Press (Barbell),3,8,7.93,2016-07-20,,,2016-03-24T11:58:56
Weighted dips,3,9,11.58,2016-10-23,,,2016-07-15T01:15:12
Incline Bench Press,4,8,117.4,2018-03-24,,,2017-11-16T14:04:32
Bicep Curl (Barbell),2,8,232.81,2018-01-07,,,2017-08-20T17:51:13
Romanian Deadlift (Barbell),4,12,241.91,2018-03-09,,,2017-11-16T05:34:12
Seated Shoulder  Press (Barbell),1,6,567.44,2017-05-07,,,2017-10-02T13:15:07
Leg press (hinge ),2,11,526.89,2015-10-23,,,2015-10-24T10:08:50
Hammer High Row - 1 Arm,3,9,2.5,2017-12-28,,,2017-05-05T05:59:06
Weighted dips,5,6,12.65,2016-10-12,,,2016-07-01T12:41:53
T-bar Row,1,9,263.72,2018-05-03,,,2017-12-22T05:42:02
Squat (Barbell),3,7,709.95,2016-11-11,,,2016-08-12T11:46:50
Romanian Deadlift (Barbell),2,11,8.64,2018-09-20,,,2018-07-05T19:18:54
Lateral Raise (Dumbbells),4,9,103.69,2016-08-08,,,2016-09-28T17:25:53
Leg press (hinge ),2,12,216.92,2015-10-23,,,2015-10-24T10:41:43
Incline Bench Press (Barbell),1,12,28.59,2017-12-18,,,2017-05-18T16:37:17
Rear delt fly,4,6,221.42,2016-03-24,,,2016-02-11T16:28:22
Chin Up,3,6,122.01,2017-05-24,,,2017-04-28T05:35:22
Good Morning (Barbell),4,8,212.21,2015-11-04,,,2015-11-10T05:16:21
Face pull,4,8,307.7,2018-02-05,,,2018-01-10T12:26:29
Neutral Chin,1,11,51.39,2018-09-28,,,2018-09-21T02:21:06
Lateral Raise (Dumbbells),3,12,9.43,2015-11-05,,,2015-11-03T02:33:47
Incline Bench Press,3,6,29.77,2016-03-08,,,2016-02-02T17:45:13
Leg curl,2,9,44.12,2016-03-24,,,2016-02-26T00:50:21
Leg outward fly,2,7,209.27,2017-08-28,,,2017-08-10T13:15:02
Squat (Barbell),3,3,327.34,2017-05-27,,,2016-12-28T04:12:38
Incline Press (Dumbbell),2,11,395.39,2015-12-08,,,2015-12-19T20:10:48
Deadlift (Barbell),5,12,156.7,2016-12-19,,,2016-12-12T00:17:59
Hammer seated row (CLOSE GRIP),2,14,189.94,2016-07-07,,,2016-06-05T02:12:38
Hammer seated row (CLOSE GRIP),1,8,787.14,2018-04-23,,,2018-03-05T18:29:43
Seated Shoulder  Press (Barbell),3,16,57.8,2017-01-17,,,2017-02-12T22:46:01
Chin Up,2,8,377.37,2015-10-23,,,2015-10-24T19:08:34
Incline Bench Press (Barbell),10,7,152.74,2015-11-03,,,2015-10-29T22:03:23
Seated Shoulder  Press (Barbell),3,5,0.2,2017-06-27,,,2017-06-29T23:15:46
Incline Bench Press,2,10,37.81,2016-02-10,,,2016-02-18T01:02:06
Deadlift (Barbell),2,10,433.12,2018-08-09,,,2018-06-05T20:31:25
Face pull,2,10,76.86,2016-07-01,,,2016-04-20T08:04:24
Rear delt fly,4,8,575.55,2015-10-31,,,2015-10-28T13:52:48
Lateral Raise (Dumbbells),2,11,31.73,2015-12-01,,,2015-11-23T04:33:33
Leg outward fly,4,11,93.81,2015-10-25,,,2015-10-26T19:17:48
Lateral Raise (Dumbbells),2,14,2.45,2018-08-09,,,2018-06-29T21:01:46
Hammer seated row (CLOSE GRIP),3,16,71.71,2015-10-28,,,2015-10-28T19:52:30
Hammer seated row (CLOSE GRIP),2,12,200.96,2016-04-14,,,2016-04-24T00:10:46
T-bar Row,4,11,50.05,2015-11-26,,,2015-11-11T13:18:40
Lateral Raise,4,5,56.64,2016-02-01,,,2016-01-29T04:01:51
T-bar Row,2,10,121.9,2017-07-10,,,2017-06-24T04:46:39
Seated Military Press,1,6,154.81,2017-04-14,,,2017-02-24T14:06:57
Face pull,2,11,81.08,2018-09-26,,,2018-09-26T08:57:27
Bicep Curl (Barbell),2,7,0.42,2018-09-23,,,2018-09-12T23:04:11
Hammer Row - Wide Grip,1,11,162.31,2017-01-25,,,2016-10-04T08:12:25
Bent Over Row (Dumbbell),2,13,236.39,2018-07-27,,,2018-04-14T02:33:02
Face pull,2,9,183.59,2018-05-13,,,2018-03-22T16:26:45
Hammer Curl (Dumbbell ),3,5,149.65,2017-12-17,,,2018-01-25T21:16:09
Seated Shoulder  Press (Barbell),3,12,86.11,2016-03-19,,,2016-02-24T18:41:02
Bicep Curl (barbell ),5,11,36.69,2017-05-22,,,2017-02-22T00:49:09
Bicep Curl (Barbell),2,12,127.96,2016-10-30,,,2016-07-12T22:10:16
Squat (Barbell),4,13,17.4,2015-12-03,,,2015-11-25T07:43:31
Squat (Barbell),3,11,2.46,2016-04-27,,,2016-03-23T22:59:28
Incline Bench Press,3,9,68.02,2016-08-16,,,2016-07-15T12:24:42
Hammer Row - Wide Grip,2,11,520.66,2018-06-25,,,2018-02-23T05:38:25
Chin Up,1,10,10.21,2016-04-18,,,2016-04-23T03:21:11
Seated Shoulder  Press (Barbell),2,11,469.14,2017-03-02,,,2017-03-02T08:00:02
Overhead Press (Dumbbell),1,9,57.34,2018-02-20,,,2018-01-02T09:00:42
Hammer seated row (CLOSE GRIP),3,14,55.66,2017-04-09,,,2016-07-06T21:13:51
Incline Press (Dumbbell),6,10,351.03,2017-11-19,,,2017-05-28T12:08:00
Bench Press (Barbell),2,11,86.43,2017-03-04,,,2017-03-16T08:09:43
Neutral Chin,3,10,220.46,2018-08-23,,,2018-06-27T17:47:44
T-bar Row,3,7,248.88,2017-10-13,,,2017-06-14T22:39:55
Bicep Curl (Barbell),2,6,372.26,2016-02-21,,,2016-02-21T23:36:41
Chin Up,2,5,185.51,2018-07-14,,,2018-05-20T17:11:43
Rack Pull - 1 Pin,3,11,71.39,2017-11-18,,,2017-05-03T08:48:35
Bench Press (Barbell),2,7,266.16,2016-10-26,,,2016-07-23T17:38:26
Incline Bench Press (Barbell),2,7,48.56,2018-09-29,,,2018-09-29T14:35:32
Weighted dips,3,6,40.24,2016-03-25,,,2016-05-10T19:08:58
Deadlift (Barbell),2,12,99.8,2015-11-15,,,2015-11-14T16:09:17
Overhead Press (Barbell),6,5,123.75,2016-07-25,,,2016-06-13T00:44:20
Leg outward fly,2,10,34.77,2017-07-26,,,2017-06-09T05:18:04
Good Morning (Barbell),1,6,76.5,2016-05-25,,,2016-06-03T15:07:25
Chin Up,1,8,93.7,2016-11-20,,,2016-07-02T20:15:11
Bicep Curl (Barbell),4,9,133.64,2018-05-17,,,2018-02-28T20:10:02
Chin Up,2,11,87.21,2017-04-21,,,2017-03-05T17:31:49
Overhead Press (Dumbbell),2,7,73.49,2016-12-27,,,2016-09-28T19:30:28
Lateral Raise (Dumbbells),6,10,362.04,2018-05-05,,,2018-02-21T18:29:40
Squat (Barbell),4,11,14.93,2017-10-05,,,2017-09-13T23:16:50
Overhead Press (Dumbbell),1,11,10.07,2018-09-15,,,2018-08-30T19:27:14
Deadlift (Barbell),1,11,50.17,2018-08-23,,,2018-07-19T17:26:40
Seated Shoulder  Press (Barbell),2,4,520.99,2018-06-15,,,2018-05-20T04:41:22
Seated Military Press,4,9,153.75,2016-01-20,,,2016-01-03T22:21:41
Squat (Barbell),3,11,214.35,2015-11-30,,,2015-12-11T23:26:39
Leg press (hinge ),2,7,73.02,2018-07-31,,,2018-06-04T01:31:56
Bicep Curl (Barbell),1,9,79.46,2018-09-06,,,2018-08-02T21:11:32
Seated Cable Row (close Grip),2,9,361.92,2018-07-23,,,2018-05-04T18:30:06
Seated Cable Row (close Grip),5,11,305.3,2017-07-18,,,2017-04-17T14:53:32
Chin Up,3,13,52.24,2018-03-20,,,2017-12-09T18:16:51
Seated Military Press,3,7,183.72,2016-02-17,,,2016-02-16T10:27:17
Overhead Press (Dumbbell),2,13,20.89,2017-11-18,,,2017-04-25T02:07:53
Bench Press (Barbell),2,11,169.12,2017-10-26,,,2017-08-07T01:11:18
Seated Cable Row (close Grip),1,7,163.88,2016-06-07,,,2016-03-16T03:53:41
Weighted dips,5,14,127.0,2015-10-25,,,2015-10-29T00:25:51
Squat (Barbell),4,12,190.95,2016-01-13,,,2015-12-11T14:29:53
Seated Military Press,2,9,66.96,2018-09-25,,,2018-09-15T05:58:47
Incline Bench Press (Barbell),3,9,53.62,2016-04-05,,,2016-04-26T04:20:24
Bench Press (Barbell),4,7,203.29,2018-04-19,,,2017-11-15T23:47:08
Rear delt fly,2,9,43.38,2015-10-27,,,2015-10-29T13:14:29
Bent Over Row (Dumbbell),2,11,63.81,2018-08-09,,,2018-07-16T23:15:49
Incline Bench Press (Barbell),6,17,2.13,2015-12-11,,,2015-11-09T20:52:17
Bicep Curl (barbell ),2,7,269.84,2016-09-07,,,2016-07-01T19:08:57
Squat (Barbell),2,13,105.53,2017-03-05,,,2016-10-03T10:12:53
Seated Shoulder  Press (Barbell),2,9,166.17,2017-11-08,,,2017-08-03T03:16:26
Incline Bench Press (Barbell),3,10,145.6,2016-03-19,,,2016-03-15T22:15:10
Sling Shot Bench,4,9,202.1,2017-04-19,,,2017-05-16T18:58:09
Weighted dips,4,9,18.56,2016-06-01,,,2016-04-02T01:52:07
T-bar Row,2,8,599.52,2016-07-29,,,2016-07-21T07:20:29
Incline Bench Press,4,8,433.74,2016-10-27,,,2016-07-27T11:37:28
Leg press (hinge ),4,9,46.63,2017-10-30,,,2017-07-23T14:51:46
Chin Up,1,9,111.05,2018-04-17,,,2017-11-04T07:03:38
Pull Up,1,7,212.07,2018-06-16,,,2018-05-19T19:14:19
Incline Bench Press,1,6,361.05,2017-04-23,,,2017-04-24T21:21:36
Weighted dips,2,5,185.02,2015-11-16,,,2015-11-17T23:09:00
Bicep Curl (Barbell),2,7,450.43,2018-03-03,,,2018-03-21T06:18:42
Squat (Barbell),4,6,393.96,2015-11-20,,,2015-12-11T18:00:01
Overhead Press (Dumbbell),1,15,2.45,2016-05-14,,,2016-04-18T17:16:37
Chin Up,2,13,25.05,2016-09-26,,,2016-09-18T16:50:23
Lateral Raise (Dumbbells),4,7,25.82,2018-08-28,,,2018-05-24T08:21:43
Squat,9,14,8.95,2015-10-23,,,2015-10-24T01:43:39
Incline Bench Press (Barbell),2,12,25.08,2016-01-30,,,2016-02-17T06:33:16
Seated Shoulder  Press (Barbell),2,8,393.36,2015-11-13,,,2015-11-24T12:27:58
Squat (Barbell),1,7,628.68,2017-06-24,,,2017-04-04T12:18:44
high bar squat,2,9,12.68,2018-08-07,,,2018-05-02T05:32:53
Bicep Curl (Barbell),2,9,601.43,2017-04-07,,,2017-05-24T08:21:45
Hammer High Row - 1 Arm,3,9,127.48,2017-10-13,,,2017-09-07T17:15:44
Hammer lat pulldown,3,12,0.17,2016-06-04,,,2016-04-01T19:52:16
Chin Up,4,9,113.11,2015-11-15,,,2015-11-09T12:32:12
Bicep Curl (Barbell),3,8,252.19,2018-09-11,,,2018-07-25T10:22:55
Leg press (hinge ),3,10,242.88,2017-02-09,,,2016-12-31T23:32:01
Seated Shoulder Press (Dumbbell),3,8,173.23,2017-12-08,,,2018-01-29T06:23:04
Leg press (hinge ),5,11,28.31,2017-01-23,,,2016-08-16T16:51:34
Incline Bench Press,2,11,38.88,2018-08-18,,,2018-07-03T10:09:49
Hammer Curl (Dumbbell ),3,12,27.94,2015-11-05,,,2015-11-18T04:25:53
Romanian Deadlift (Barbell),2,14,75.6,2018-05-31,,,2018-03-23T11:06:43
Hammer seated row (CLOSE GRIP),4,9,76.61,2016-10-10,,,2016-07-28T16:50:01
Chin Up,1,5,782.92,2016-06-10,,,2016-03-10T15:58:04
Bicep Curl (barbell ),3,9,81.86,2016-08-24,,,2016-04-27T04:28:48
Hammer Row - Wide Grip,4,11,65.81,2015-11-12,,,2015-12-06T10:40:32
Hammer Curl (Dumbbell ),1,7,253.49,2018-09-29,,,2018-09-26T18:43:25
Romanian Deadlift (Barbell),1,8,124.21,2018-03-20,,,2018-02-04T18:47:43
Weighted dips,4,8,141.69,2015-11-17,,,2015-11-13T01:15:12
Weighted dips,5,4,151.94,2016-11-09,,,2016-12-12T10:39:17
Seated Shoulder  Press (Barbell),5,9,65.32,2016-08-24,,,2016-08-03T22:33:25
Rear delt fly,3,6,523.57,2017-05-17,,,2017-03-18T12:37:55
Seated Shoulder  Press (Barbell),2,10,153.11,2018-08-06,,,2018-05-17T08:17:43
Lat Pulldown,2,9,717.19,2016-05-11,,,2016-05-05T23:03:18
Shoulder Press (Standing),1,9,109.52,2017-06-17,,,2017-05-18T13:20:54
Squat,2,5,28.29,2016-02-14,,,2016-02-15T22:49:03
Leg outward fly,3,8,22.97,2018-08-14,,,2018-07-14T22:06:51
Weighted dips,2,13,58.55,2017-07-03,,,2016-07-05T09:08:35
Chin Up,2,11,517.54,2018-04-06,,,2017-11-05T00:59:07
Deadlift (Barbell),3,11,218.37,2016-04-17,,,2016-04-22T16:47:46
curl ez bar,2,9,295.47,2018-09-23,,,2018-08-25T14:50:04
Bent Over Row (Dumbbell),1,13,160.06,2015-11-10,,,2015-11-24T19:01:36
Pull Up,3,11,179.12,2018-08-30,,,2018-08-08T14:17:40
Lat Pulldown,2,13,19.16,2018-05-27,,,2018-02-09T05:20:14
Weighted dips,3,10,51.01,2017-01-19,,,2017-01-14T10:56:42
Seated Shoulder  Press (Barbell),2,11,139.47,2018-03-21,,,2017-12-29T07:29:58
Seated Shoulder  Press (Barbell),2,8,149.77,2017-08-11,,,2017-08-01T19:10:44
Rear delt fly,2,8,199.54,2018-09-29,,,2018-09-29T14:35:32
Incline Press (Dumbbell),1,6,188.31,2017-08-28,,,2017-09-21T14:02:57
Squat (Barbell),2,10,521.44,2016-07-15,,,2016-06-25T20:19:30
Chin Up,3,7,107.56,2015-12-07,,,2015-12-28T21:02:04
Chin Up,3,6,182.42,2018-04-08,,,2017-10-31T14:46:03
Lateral Raise,4,10,436.67,2016-10-27,,,2016-08-10T20:58:08
Rear delt fly,3,6,174.31,2017-07-15,,,2017-07-19T01:16:17
Seated Cable Row (close Grip),3,11,65.01,2018-01-07,,,2017-11-20T21:54:16
Good Morning (Barbell),4,8,171.23,2016-11-08,,,2016-11-10T22:16:41
Lateral Raise (Dumbbells),2,7,119.26,2018-05-12,,,2018-03-16T03:47:58
Squat (Barbell),5,10,183.45,2015-12-01,,,2015-11-18T13:43:50
Weighted dips,3,8,242.83,2016-05-05,,,2016-01-21T01:49:34
Deadlift (Barbell),2,9,220.11,2018-08-16,,,2018-08-02T22:51:32
T-bar Row,3,9,291.32,2018-08-17,,,2018-04-11T02:06:38
Squat (Barbell),5,10,18.2,2018-04-24,,,2018-04-04T02:11:52
Weighted dips,3,11,113.72,2015-10-30,,,2015-11-01T08:58:25
Incline Bench Press (Barbell),3,6,72.12,2018-04-09,,,2018-02-15T12:27:42
Deadlift (Barbell),2,13,308.62,2017-02-10,,,2017-02-18T05:22:09
Hammer seated row (CLOSE GRIP),1,12,593.75,2018-09-23,,,2018-09-04T12:42:47
Rear delt fly,1,13,182.52,2018-05-28,,,2018-05-26T16:31:25
curl ez bar,2,12,176.28,2018-04-01,,,2018-01-18T19:42:03
Weighted dips,3,11,64.7,2016-06-01,,,2016-05-04T05:35:52
Seated Military Press,2,6,89.59,2016-01-25,,,2016-03-08T09:56:45
Seated Row,4,11,86.39,2018-06-08,,,2018-03-25T07:46:09
Romanian Deadlift (Barbell),3,7,80.2,2017-02-16,,,2016-11-28T07:08:50
Deadlift (Barbell),3,11,242.55,2018-08-20,,,2018-06-04T23:32:38
Glute extension.,7,6,225.37,2015-10-26,,,2015-10-30T23:39:48
Bicep Curl (barbell ),4,10,584.02,2016-11-25,,,2016-08-15T01:59:38
Hammer seated row (CLOSE GRIP),3,9,131.52,2018-07-11,,,2018-04-15T22:18:58
Seated Military Press,3,8,62.41,2018-07-29,,,2018-06-01T05:46:29
Military Press (Standing),2,8,19.96,2016-06-09,,,2016-05-07T02:28:41
Romanian Deadlift (Barbell),2,9,212.46,2016-02-06,,,2016-01-28T09:11:50
Bicep Curl (Barbell),3,9,84.12,2017-02-13,,,2016-09-09T06:45:38
Incline Press (Dumbbell),2,5,122.02,2018-09-27,,,2018-09-25T18:01:39
Good Morning,4,4,343.01,2016-12-04,,,2016-08-13T00:44:01
Leg Extension (Machine),2,3,285.9,2017-07-15,,,2017-05-24T20:29:17
Bench Press (Barbell),2,7,171.26,2018-09-25,,,2018-09-24T02:12:51
Incline Bench Press (Barbell),7,8,3.38,2015-10-24,,,2015-10-26T05:17:40
Bent Over Row (Dumbbell),2,11,116.71,2018-01-17,,,2017-11-04T16:50:24
Weighted dips,2,7,99.79,2016-12-07,,,2016-10-23T19:32:48
Incline Press (Dumbbell),2,10,33.57,2017-01-24,,,2016-09-14T14:19:41
Seated Row,3,13,112.71,2017-09-05,,,2017-07-11T14:53:23
Weighted dips,2,11,41.3,2016-02-23,,,2016-02-02T13:19:07
Seated Shoulder  Press (Barbell),5,8,79.26,2018-04-30,,,2018-01-14T06:20:47
high bar squat,1,13,10.2,2018-09-29,,,2018-09-29T14:35:32
Incline Bench Press (Barbell),4,13,124.02,2016-03-11,,,2016-03-05T14:45:48
Shoulder Press (Standing),2,11,54.09,2018-07-02,,,2018-06-15T18:52:59
Overhead Press (Dumbbell),1,7,8.99,2018-09-29,,,2018-09-29T14:35:32
Leg press (hinge ),4,7,318.52,2016-05-05,,,2016-05-03T21:26:45
Good Morning (Barbell),2,7,90.36,2017-03-11,,,2017-03-18T16:29:59
Weighted dips,4,12,0.46,2016-06-04,,,2016-07-15T12:58:01
Incline Bench Press,2,7,79.92,2016-03-01,,,2016-02-01T12:53:39
Bicep Curl (Barbell),2,10,92.6,2017-05-14,,,2017-04-06T05:48:44
Rear delt fly,1,11,146.61,2017-03-11,,,2016-11-03T21:42:20
Bicep Curl (Barbell),3,9,98.0,2018-08-21,,,2018-07-21T20:58:15
Incline Press (Dumbbell),2,13,3.19,2018-05-21,,,2018-04-14T17:34:18
Romanian Deadlift (Barbell),1,8,303.31,2018-07-22,,,2018-07-08T13:23:23
Squat (Barbell),2,12,603.14,2017-10-11,,,2017-06-06T16:35:40
Squat (Barbell),3,7,621.76,2018-01-27,,,2017-08-20T06:04:31
Leg press (hinge ),7,10,177.96,2016-02-17,,,2016-02-21T03:57:44
Shoulder Press (Standing),2,7,141.9,2018-06-11,,,2017-12-16T23:50:49
Seated Row,3,14,4.15,2016-02-13,,,2016-01-28T22:40:01
Chin Up,2,5,124.28,2016-01-06,,,2016-01-04T12:10:36
Hammer Curl (Dumbbell ),4,7,35.64,2017-11-27,,,2017-07-08T00:07:42
Seated Shoulder  Press (Barbell),6,9,151.79,2017-11-21,,,2017-09-29T02:10:30
Hammer seated row (CLOSE GRIP),2,10,172.89,2018-07-17,,,2018-05-24T02:47:10
Seated Shoulder  Press (Barbell),3,5,22.93,2016-09-07,,,2016-10-07T20:26:24
Hammer seated row (CLOSE GRIP),3,11,83.36,2018-07-06,,,2018-06-01T09:29:48
Shoulder Press (Standing),3,9,48.94,2017-07-19,,,2017-08-10T10:02:01
Overhead Press (Barbell),5,10,122.98,2017-09-23,,,2017-01-15T04:13:20
high bar squat,3,9,221.55,2017-04-07,,,2016-11-23T04:34:34
Incline Bench Press (Barbell),2,13,51.95,2017-01-29,,,2016-09-14T19:55:37
Chin Up,4,10,159.15,2015-10-26,,,2015-10-27T14:11:36
Hammer seated row (CLOSE GRIP),1,7,333.49,2018-09-18,,,2018-09-04T02:07:29
Face pull,3,10,47.01,2017-12-10,,,2017-07-14T13:24:02
Incline Bench Press (Barbell),3,10,38.31,2016-03-16,,,2016-01-26T02:15:14
Hammer seated row (CLOSE GRIP),3,11,26.04,2016-10-17,,,2016-10-20T12:19:53
Hammer Decline Chest Press,2,12,89.18,2018-06-27,,,2018-03-19T13:17:06
Romanian Deadlift (Barbell),3,12,18.78,2016-05-14,,,2016-02-21T10:58:23
Seated Cable Row (close Grip),2,4,251.07,2017-05-19,,,2016-12-20T22:16:06
Lateral Raise (Dumbbells),2,10,340.8,2018-09-03,,,2018-06-22T13:20:15
Squat (Barbell),2,9,8.41,2018-06-02,,,2018-06-22T21:23:51
Weighted dips,3,5,33.85,2016-08-03,,,2016-06-24T23:31:11
Romanian Deadlift (Barbell),6,14,106.55,2018-01-28,,,2017-08-09T16:09:31
Squat (Barbell),6,8,58.49,2015-11-10,,,2015-11-06T20:02:14
Seated Cable Row (close Grip),4,7,249.75,2016-03-14,,,2016-02-24T15:47:58
Squat (Barbell),2,6,240.44,2018-05-12,,,2017-11-26T15:52:38
Chin Up,2,13,294.66,2017-02-11,,,2016-12-25T12:35:21
Bench Press (Barbell),3,11,139.94,2016-04-17,,,2016-05-17T22:55:09
T-bar Row,4,8,108.2,2017-06-09,,,2017-06-25T04:07:42
Chin Up,3,4,619.84,2016-08-08,,,2016-07-06T07:47:56
kettlebell Swings,2,13,15.18,2018-06-29,,,2018-05-04T18:47:21
Incline Bench Press (Barbell),3,10,542.94,2016-05-28,,,2016-07-03T12:00:09
Neutral Chin,1,8,50.54,2018-06-17,,,2018-02-15T02:57:46
Rear delt fly,3,9,98.42,2017-09-11,,,2017-03-21T20:21:06
Leg Extension (Machine),2,10,135.95,2018-09-25,,,2018-09-22T08:18:08
Weighted dips,5,5,121.48,2017-05-17,,,2017-04-30T22:31:27
Incline Bench Press (Barbell),2,11,210.71,2018-09-10,,,2018-07-11T10:26:21
Chin Up,5,18,31.81,2015-12-18,,,2015-12-18T09:03:56
Weighted dips,2,12,14.21,2017-07-03,,,2016-12-03T21:18:14
Bicep Curl (Barbell),2,5,598.08,2018-04-28,,,2018-03-24T21:01:03
Incline Press (Dumbbell),5,8,63.08,2018-01-20,,,2017-12-12T02:08:05
Cable Fly,1,14,98.35,2016-05-06,,,2016-06-22T12:00:17
Hammer Curl (Dumbbell ),5,10,5.2,2018-05-15,,,2018-04-24T07:26:15
Hammer Row - Wide Grip,2,5,424.52,2017-08-26,,,2017-08-08T12:10:22
Squat (Barbell),3,7,0.76,2018-09-03,,,2018-08-20T21:36:40
Good Morning (Barbell),2,14,476.18,2016-03-16,,,2016-05-01T09:53:51
Squat (Barbell),1,8,88.72,2016-08-02,,,2016-11-07T14:38:01
Incline Bench Press,2,9,212.92,2016-02-19,,,2015-12-12T07:15:55
Rear delt fly,2,12,235.02,2018-08-06,,,2018-05-15T12:15:51
Hammer seated row (CLOSE GRIP),3,9,294.51,2016-03-04,,,2016-02-28T16:40:00
Shoulder Press (Standing),2,13,211.09,2018-09-04,,,2018-07-30T15:50:41
Rear delt fly,3,6,406.48,2016-04-10,,,2016-02-11T19:42:37
Incline Bench Press,2,11,78.34,2015-10-29,,,2015-11-01T19:12:18
Shrugs (dumbbell),3,11,205.82,2017-12-07,,,2017-10-16T22:12:37
Seated Military Press,2,5,205.93,2017-08-29,,,2017-10-18T17:20:54
Bent Over Row (Dumbbell),4,13,96.12,2017-10-14,,,2017-05-11T12:37:47
Leg press (hinge ),2,8,172.71,2018-07-26,,,2018-04-30T16:29:00
Seated Shoulder  Press (Barbell),5,12,63.59,2015-11-13,,,2015-11-15T07:26:51
Incline Bench Press (Barbell),2,9,193.43,2016-10-07,,,2016-10-30T00:40:10
Squat (Barbell),1,7,291.82,2015-11-25,,,2015-12-09T14:11:31
curl ez bar,1,10,91.22,2018-03-24,,,2017-10-29T07:11:43
Rear delt fly,4,4,264.18,2017-03-12,,,2017-03-09T04:57:00
Weighted dips,4,8,413.17,2016-08-20,,,2016-07-23T23:34:42
Incline Press (Dumbbell),2,8,545.28,2017-02-18,,,2016-11-04T01:22:22
Lateral Raise,1,9,248.53,2017-05-15,,,2017-03-06T08:39:49
Bicep Curl (Barbell),2,13,85.29,2015-12-23,,,2016-01-10T13:00:56
Seated Shoulder  Press (Barbell),2,6,142.86,2016-09-16,,,2016-07-03T02:22:28
Leg outward fly,3,10,443.88,2016-09-04,,,2016-05-04T13:45:50
Squat (Barbell),1,11,42.64,2015-11-16,,,2015-12-13T00:09:47
Squat,4,6,152.0,2017-04-03,,,2016-12-03T23:08:44
Incline Press (Dumbbell),2,14,36.06,2018-08-14,,,2018-06-30T20:29:43
Incline Bench Press,5,11,296.76,2016-01-03,,,2015-12-29T17:00:43
Seated Military Press,3,10,142.27,2017-04-16,,,2016-10-23T03:58:26
Incline Bench Press (Barbell),2,10,26.12,2016-05-18,,,2016-05-17T04:40:34
Seated Row,1,5,381.58,2018-08-19,,,2018-06-07T16:43:53
Incline Press (Dumbbell),1,7,943.97,2017-11-08,,,2017-12-12T14:10:05
Leg outward fly,4,10,122.06,2017-04-01,,,2016-12-29T17:09:07
Weighted dips,3,5,393.35,2015-10-27,,,2015-10-26T12:50:30
Leg press (hinge ),4,9,138.21,2016-05-07,,,2016-02-29T06:49:39
Incline Bench Press (Barbell),4,12,129.09,2015-11-09,,,2015-11-06T17:39:36
Hammer Curl,3,9,202.69,2017-09-20,,,2017-07-03T11:26:41
Hammer Decline Chest Press,4,13,184.4,2015-10-24,,,2015-10-26T05:53:01
Squat (Barbell),4,5,40.87,2017-11-07,,,2017-09-04T22:31:09
Squat (Barbell),3,7,13.11,2015-11-29,,,2015-11-09T07:10:56
Squat,2,9,159.07,2017-03-02,,,2016-09-28T00:20:08
Seated Shoulder  Press (Barbell),1,9,55.18,2017-06-13,,,2016-12-29T13:34:43
Incline Bench Press (Barbell),4,10,106.08,2016-08-05,,,2016-05-24T13:39:52
Bench Press (Barbell),1,7,715.87,2018-09-11,,,2018-08-20T13:45:59
Rear delt fly,2,13,66.98,2016-02-20,,,2016-02-08T03:56:59
Seated Military Press,2,15,262.28,2018-04-29,,,2018-04-02T21:07:02
Leg press (hinge ),5,13,148.68,2016-07-02,,,2016-07-18T13:27:14
Romanian Deadlift (Barbell),2,14,214.63,2018-08-18,,,2018-06-04T22:48:58
Incline Bench Press (Barbell),3,7,110.58,2016-06-25,,,2016-05-28T10:39:39
Rear delt fly,2,6,314.38,2015-10-30,,,2015-10-30T00:41:44
Hammer seated row (CLOSE GRIP),5,10,19.33,2017-05-23,,,2017-02-12T13:57:27
Hammer Curl (Dumbbell ),5,8,1.96,2018-05-09,,,2018-04-09T11:29:34
Weighted dips,2,3,38.34,2018-09-04,,,2018-07-21T12:55:50
Bench Press (Barbell),2,10,192.16,2015-12-28,,,2015-12-08T23:00:24
Romanian Deadlift (Barbell),6,7,45.37,2017-09-18,,,2017-05-11T15:28:32
Weighted dips,4,3,501.67,2017-11-21,,,2017-08-29T21:23:46
Seated Cable Row (close Grip),2,13,43.09,2016-07-06,,,2016-05-20T08:45:40
Weighted dips,2,13,26.36,2016-06-07,,,2016-04-15T00:52:39
Rear delt fly,2,7,17.66,2017-09-03,,,2017-05-19T23:54:06
Incline Bench Press (Barbell),3,10,424.16,2016-05-28,,,2016-04-01T03:30:35
Shoulder Press (Standing),3,7,41.27,2018-09-15,,,2018-08-29T00:22:18
Romanian Deadlift (Barbell),1,8,392.41,2017-10-27,,,2017-08-23T14:58:36
Face pull,2,5,160.27,2018-02-03,,,2017-07-04T04:49:13
Incline Press (Dumbbell),2,10,180.4,2018-04-19,,,2018-03-13T20:53:48
Lat Pulldown,3,9,336.9,2016-09-05,,,2016-07-21T08:33:43
Squat (Barbell),2,6,508.88,2018-08-13,,,2018-07-12T11:32:58
Weighted dips,5,7,200.2,2015-11-03,,,2015-11-05T14:30:10
Squat (Barbell),2,4,159.94,2018-04-08,,,2017-12-05T19:51:39
Lateral Raise (Dumbbells),3,9,409.98,2017-09-08,,,2017-03-31T04:14:57
Rear delt fly,2,12,84.02,2018-04-25,,,2018-05-03T20:35:40
Leg press (hinge ),3,12,51.95,2016-12-13,,,2016-09-13T11:34:24
Weighted dips,3,9,45.23,2017-01-23,,,2016-10-22T05:34:37
Leg press (hinge ),2,9,162.93,2015-11-10,,,2015-11-05T21:42:13
Seated Shoulder  Press (Barbell),2,9,61.55,2016-11-23,,,2016-09-28T22:12:45
Squat (Barbell),2,9,384.35,2017-02-27,,,2017-03-27T17:19:50
Weighted dips,3,17,198.11,2017-12-19,,,2018-02-09T12:16:18
Bench Press (Barbell),2,10,144.87,2018-07-08,,,2018-03-27T15:48:19
Weighted dips,4,8,257.3,2016-12-18,,,2017-02-10T13:40:49
Squat (Barbell),2,7,447.19,2018-02-03,,,2017-10-12T21:25:37
Bent Over Row (Dumbbell),2,9,334.14,2018-05-02,,,2018-03-31T18:31:24
Seated Cable Row (close Grip),2,9,130.26,2018-09-27,,,2018-09-19T11:59:10
Incline Bench Press,3,10,182.92,2017-04-18,,,2016-12-16T15:58:49
Deadlift - Trap Bar,2,7,99.64,2018-09-04,,,2018-08-14T22:59:52
Seated Shoulder  Press (Barbell),4,12,28.18,2016-10-25,,,2016-11-12T06:34:35
Hammer seated row,3,10,6.44,2017-12-07,,,2017-09-09T13:19:43
Squat (Barbell),3,5,65.56,2018-07-22,,,2018-04-17T12:33:44
Seated Military Press,5,6,131.17,2016-07-08,,,2016-05-14T04:06:14
Chin Up,2,9,392.2,2016-05-01,,,2016-05-01T12:33:46
Seated Shoulder  Press (Barbell),3,14,91.94,2016-07-08,,,2016-03-19T04:00:36
Bench Press (Barbell),2,6,252.54,2018-07-27,,,2018-06-20T22:50:20
Weighted dips,2,5,74.96,2017-09-28,,,2017-07-20T03:32:32
Seated Shoulder  Press (Barbell),3,7,185.81,2018-09-11,,,2018-07-30T06:52:33
Weighted dips,5,11,60.64,2017-05-28,,,2017-02-22T15:35:35
Squat (Barbell),3,14,534.27,2017-09-02,,,2017-08-06T20:33:20
Incline Bench Press,6,10,140.93,2015-12-16,,,2015-12-03T11:03:17
Squat (Barbell),4,8,161.73,2016-09-02,,,2016-07-10T18:27:52
Weighted dips,3,12,3.69,2016-01-18,,,2016-01-14T20:19:24
Hammer seated row (CLOSE GRIP),1,5,83.76,2017-01-08,,,2016-09-11T05:18:16
Chin Up,4,11,23.17,2016-07-29,,,2016-05-09T17:39:03
Squat,2,9,179.22,2018-03-16,,,2017-12-29T02:15:57
high bar squat,2,11,48.29,2017-01-25,,,2017-02-24T02:47:25
Hammer Row - Wide Grip,2,8,234.7,2018-07-08,,,2018-03-22T16:12:02
T-bar Row,2,7,6.27,2018-05-22,,,2018-05-17T00:58:43
Leg curl,1,6,104.33,2015-10-25,,,2015-10-26T18:53:02
Leg press (hinge ),3,13,1.74,2018-01-14,,,2017-12-22T05:18:53
Leg press (hinge ),2,10,155.89,2015-11-17,,,2015-11-10T23:00:32
Romanian Deadlift (Barbell),2,15,197.0,2017-09-01,,,2017-07-23T17:28:06
Bicep Curl (Dumbbell),2,14,31.29,2016-12-08,,,2016-12-17T01:06:45
Hack Squat,7,9,69.44,2016-12-10,,,2016-06-28T02:56:14
Chin Up,2,7,470.87,2016-02-09,,,2016-01-21T00:44:35
Good Morning (Barbell),4,7,76.74,2018-09-22,,,2018-08-18T21:45:16
Squat (Barbell),2,7,272.14,2017-01-24,,,2017-01-10T10:59:25
Squat (Barbell),3,8,490.78,2018-08-27,,,2018-06-07T19:01:14
Hammer Curl (Dumbbell ),2,5,306.2,2015-11-15,,,2015-11-25T21:55:37
Seated Cable Row (close Grip),4,5,501.78,2016-12-22,,,2017-01-09T11:57:25
Seated Row,3,8,67.74,2016-11-12,,,2016-11-05T07:39:43
Seated Shoulder  Press (Barbell),2,12,12.77,2017-06-06,,,2016-12-19T21:40:51
high bar squat,2,11,332.91,2018-04-11,,,2017-11-18T10:47:05
Romanian Deadlift (Barbell),3,8,120.7,2018-09-27,,,2018-09-23T00:45:15
Tricep pushdown,2,10,146.85,2016-12-22,,,2017-05-27T04:37:35
Seated Shoulder  Press (Barbell),3,10,108.03,2017-05-10,,,2017-01-04T19:03:29
Squat (Barbell),3,6,475.55,2016-01-01,,,2016-01-10T05:32:09
Bent Over Row (Dumbbell),3,7,352.13,2017-04-12,,,2016-12-14T18:54:01
sumo deadlift,1,11,19.71,2018-08-03,,,2018-03-17T09:24:50
Bicep Curl (Barbell),3,10,74.96,2017-03-10,,,2017-01-25T06:55:02
Seated Shoulder  Press (Barbell),3,11,2.49,2017-09-13,,,2017-05-02T18:25:54
Rear delt fly,2,8,304.71,2017-01-29,,,2017-03-07T06:35:00
Chin Up,3,6,217.93,2018-06-20,,,2018-04-27T06:50:08
Chin Up,3,10,200.03,2018-01-07,,,2017-05-11T08:15:45
Tricep pushdown,2,5,274.58,2016-04-17,,,2016-05-03T11:13:32
Incline Press (Dumbbell),6,13,19.88,2018-09-06,,,2018-07-25T10:43:01
Bicep Curl (barbell ),2,11,96.96,2018-08-22,,,2018-08-02T09:19:01
Bicep Curl (Barbell),3,5,153.35,2017-03-10,,,2017-02-07T18:28:57
Lateral Raise (Dumbbells),4,10,6.17,2016-10-18,,,2016-08-06T21:11:58
Weighted dips,4,9,0.14,2017-11-05,,,2017-07-23T06:49:03
Incline Bench Press (Barbell),2,8,231.5,2017-07-02,,,2016-12-22T02:01:56
Face pull,3,12,75.43,2016-05-15,,,2016-04-25T03:49:27
Lateral Raise (Dumbbells),2,12,207.72,2016-04-16,,,2016-03-16T00:18:36
Hammer seated row (CLOSE GRIP),6,7,303.72,2017-01-06,,,2016-11-08T05:29:08
Hammer seated row (CLOSE GRIP),3,9,169.88,2017-02-13,,,2016-12-29T03:15:01
Seated Shoulder  Press (Barbell),1,14,102.21,2017-01-27,,,2016-11-10T18:49:07
Weighted dips,7,12,270.17,2016-11-27,,,2016-07-22T14:47:12
Leg outward fly,4,6,271.6,2015-10-28,,,2015-11-02T04:39:22
Bench Press (Barbell),2,9,21.19,2017-03-23,,,2017-02-27T18:19:40
Chin Up,3,8,91.74,2016-08-08,,,2016-08-05T04:21:55
Bent Over Row (Dumbbell),2,12,130.04,2015-12-15,,,2015-12-20T04:01:01
Squat,4,16,8.3,2016-02-03,,,2016-03-04T08:27:36
Weighted dips,2,9,64.19,2016-04-04,,,2016-03-04T05:38:49
Chin Up,5,9,80.69,2016-06-23,,,2016-08-08T10:05:47
Bicep Curl (barbell ),2,10,586.32,2018-02-13,,,2017-12-07T16:53:21
Incline Bench Press (Barbell),3,10,46.76,2015-12-03,,,2015-11-24T09:36:06
Squat (Barbell),4,9,300.83,2016-12-02,,,2016-12-15T17:05:26
Chin Up,2,11,434.75,2016-09-10,,,2016-08-30T09:17:08
Incline Press (Dumbbell),6,9,177.19,2018-07-14,,,2018-01-24T03:23:42
Leg press (hinge ),3,11,266.81,2017-04-20,,,2016-10-29T20:04:55
Seated Military Press,4,12,227.74,2016-01-08,,,2016-02-03T03:54:52
Chin Up,2,8,168.67,2017-06-24,,,2017-03-17T06:36:00
Squat (Barbell),2,10,52.11,2015-10-26,,,2015-11-01T07:25:45
Weighted dips,3,9,114.03,2016-11-19,,,2016-08-29T06:46:16
Weighted dips,4,6,76.4,2015-11-07,,,2015-11-08T09:55:49
Lateral Raise (Dumbbells),3,11,1.04,2015-12-06,,,2015-12-10T16:54:04
Seated Shoulder  Press (Barbell),2,9,121.43,2018-09-28,,,2018-09-22T02:04:30
Seated Shoulder Press (Dumbbell),3,9,159.42,2017-07-19,,,2017-03-12T20:09:13
Squat,3,13,39.94,2017-08-13,,,2017-04-01T06:04:24
Chin Up,7,12,57.81,2017-11-07,,,2017-09-30T02:51:15
Romanian Deadlift (Barbell),3,7,431.06,2018-06-18,,,2018-03-17T10:22:11
Chin Up,1,9,161.31,2017-08-20,,,2017-05-13T19:23:16
Leg curl,2,12,29.16,2015-12-08,,,2015-12-21T15:51:33
Good Morning (Barbell),3,4,355.88,2018-02-12,,,2017-10-22T05:12:45
Lateral Raise (Dumbbells),2,10,401.56,2018-02-27,,,2017-09-09T23:31:05
Good Morning (Barbell),1,11,4.06,2018-03-21,,,2017-10-27T00:22:40
Bench Press (Barbell),3,11,506.69,2017-05-12,,,2017-07-10T04:28:56
Bench Press (Barbell),3,11,48.13,2018-04-29,,,2018-03-27T05:57:13
Hack Squat,2,15,15.88,2017-09-28,,,2017-06-30T19:00:58
Hammer seated row (CLOSE GRIP),2,6,52.26,2018-09-29,,,2018-09-29T14:35:32
Leg outward fly,2,10,458.17,2018-09-10,,,2018-07-05T01:53:20
sumo deadlift,3,12,94.04,2016-04-03,,,2016-02-11T00:53:42
Bicep Curl (Dumbbell),2,12,8.01,2018-07-21,,,2018-05-28T08:52:16
Lateral Raise (Dumbbells),1,9,84.97,2018-08-31,,,2018-06-22T19:36:47
high bar squat,2,6,179.85,2018-08-01,,,2018-08-07T02:16:39
Squat (Barbell),2,14,205.37,2017-04-07,,,2016-09-26T18:10:56
Lateral Raise (Dumbbells),3,9,124.14,2018-04-05,,,2018-02-10T02:33:19
Romanian Deadlift (Barbell),6,14,18.09,2016-10-03,,,2016-09-09T02:35:30
Bench Press (Barbell),1,6,183.64,2018-06-22,,,2018-02-27T16:06:13
Seated Shoulder  Press (Barbell),4,14,181.0,2017-12-23,,,2017-05-06T20:28:15
Lat Pulldown,3,7,207.46,2017-12-18,,,2017-11-23T15:02:20
Hammer seated row (CLOSE GRIP),3,11,255.3,2017-10-15,,,2017-05-24T17:34:24
Squat (Barbell),3,9,50.37,2017-08-26,,,2017-03-19T12:54:25
Seated Shoulder  Press (Barbell),2,10,108.5,2016-01-20,,,2016-02-21T03:46:18
Incline Bench Press (Barbell),3,12,275.9,2016-04-01,,,2016-03-20T01:02:33
Bench Press (Barbell),6,10,0.37,2017-12-04,,,2017-08-11T07:18:33
Chin Up,5,13,175.61,2017-05-10,,,2016-11-14T01:03:08
high bar squat,3,13,14.21,2018-09-08,,,2018-07-12T00:49:56
Good Morning (Barbell),2,10,65.69,2018-08-25,,,2018-06-18T17:40:04
Deadlift (Barbell),1,5,206.43,2018-08-02,,,2018-03-27T14:10:50
Deadlift (Barbell),6,9,0.86,2017-02-23,,,2016-09-09T23:58:13
Hammer seated row (CLOSE GRIP),1,9,354.71,2017-04-27,,,2016-10-20T21:36:18
Seated Shoulder  Press (Barbell),1,8,217.48,2016-09-11,,,2016-10-28T15:55:27
Squat (Barbell),2,6,170.7,2016-10-28,,,2016-06-13T06:13:56
Squat (Barbell),2,11,2.0,2015-11-21,,,2015-11-23T12:06:30
Deadlift (Barbell),2,9,204.54,2018-09-21,,,2018-08-30T06:46:21
Chin Up,2,12,33.52,2017-08-21,,,2017-09-30T01:12:33
Rear delt fly,4,8,33.12,2016-10-15,,,2016-08-24T09:32:06
Chin Up,4,17,1.4,2015-12-14,,,2015-12-24T02:41:00
Bicep Curl (Barbell),3,10,226.2,2018-01-23,,,2017-11-10T03:03:43
Leg press (hinge ),4,12,94.88,2017-08-20,,,2017-02-04T22:41:05
Leg press (hinge ),2,13,224.79,2015-12-01,,,2015-12-08T15:19:10
Squat (Barbell),2,12,161.9,2017-10-22,,,2017-07-21T01:52:01
Seated Shoulder  Press (Barbell),3,10,30.74,2018-06-27,,,2018-01-20T10:07:07
Squat (Barbell),2,9,16.93,2016-01-29,,,2016-02-28T16:35:44
Incline Bench Press (Barbell),2,4,772.37,2016-07-01,,,2016-08-12T14:55:37
Leg press (hinge ),2,6,34.03,2016-04-27,,,2016-07-15T16:32:56
Seated Cable Row (close Grip),4,9,257.31,2016-07-06,,,2016-04-27T20:34:58
Squat (Barbell),3,5,417.56,2015-12-04,,,2015-11-14T16:55:32
Deadlift (Barbell),5,5,243.53,2018-02-03,,,2017-12-09T01:14:46
Squat (Barbell),1,9,807.21,2017-02-10,,,2016-10-12T02:47:06
Weighted dips,2,9,112.76,2016-03-17,,,2016-02-22T13:12:37
Incline Press (Dumbbell),1,13,72.96,2018-05-09,,,2018-03-26T20:05:39
Lateral Raise,3,12,110.91,2017-06-04,,,2016-11-28T06:01:31
Chin Up,3,7,231.54,2017-01-23,,,2017-01-17T08:19:36
Deadlift (Barbell),1,15,76.4,2017-11-15,,,2017-06-08T23:53:57
Neutral Chin,3,13,106.42,2018-09-03,,,2018-08-25T12:03:41
Incline Bench Press (Barbell),3,9,2.12,2015-10-30,,,2015-11-20T13:30:33
Hammer seated row (CLOSE GRIP),2,12,382.0,2017-04-14,,,2016-12-04T00:07:14
Chin Up,3,7,114.4,2016-06-23,,,2016-05-31T11:07:01
Bicep Curl (barbell ),2,10,46.03,2018-08-21,,,2018-06-22T17:18:33
Squat (Barbell),3,7,249.85,2016-04-17,,,2016-03-10T17:46:16
Seated Shoulder  Press (Barbell),2,7,495.73,2016-12-25,,,2017-01-22T21:17:39
Seated Shoulder Press (Dumbbell),3,10,72.19,2018-06-12,,,2018-03-10T19:10:34
Seated Cable Row (close Grip),5,9,637.26,2017-03-15,,,2016-08-08T00:22:05
Bicep Curl (Dumbbell),2,9,34.82,2018-09-29,,,2018-09-29T14:35:32
Squat (Barbell),2,9,48.22,2017-12-10,,,2017-11-16T22:23:16
Hammer seated row (CLOSE GRIP),2,9,256.29,2018-09-29,,,2018-09-28T01:29:35
Bent Over Row (Dumbbell),2,15,65.15,2018-09-29,,,2018-09-24T05:20:39
Hammer Row - Wide Grip,2,7,313.95,2018-04-19,,,2018-04-14T11:50:04
Seated Cable Row (close Grip),3,9,562.37,2017-05-15,,,2017-05-09T04:18:12
Hammer Row - Wide Grip,2,9,322.87,2017-05-24,,,2016-12-24T12:37:36
Bicep Curl (Barbell),2,9,32.67,2015-11-15,,,2015-11-17T10:21:33
Bicep Curl (Barbell),2,13,207.99,2016-04-24,,,2016-04-28T16:38:17
Lat Pulldown,7,8,50.21,2016-04-29,,,2016-03-11T11:01:11
Weighted dips,2,8,163.83,2018-03-29,,,2017-11-23T00:16:34
Seated Shoulder Press (Dumbbell),7,12,4.39,2016-05-04,,,2016-02-16T13:09:08
Romanian Deadlift (Barbell),3,13,81.05,2016-04-15,,,2016-04-19T11:02:31
Weighted dips,3,6,37.87,2016-10-22,,,2016-09-21T03:31:54
Low Incline Dumbbell Bench,2,8,130.25,2018-09-27,,,2018-09-21T09:34:58
Hammer Curl (Dumbbell ),3,5,435.75,2016-08-27,,,2016-08-25T08:51:35
Overhead Press (Barbell),4,12,71.09,2016-09-08,,,2016-09-02T09:08:04
T-bar Row,2,15,177.62,2018-07-11,,,2018-03-01T23:51:46
Seated Shoulder  Press (Barbell),3,8,243.92,2017-12-25,,,2017-09-29T22:33:08
Chin Up,2,8,118.53,2016-05-25,,,2016-06-09T00:04:02
Squat (Barbell),5,9,33.01,2017-06-10,,,2017-01-01T05:21:47
Squat (Barbell),3,9,23.15,2017-12-12,,,2017-06-24T20:35:33
Tricep pushdown,5,11,120.23,2017-08-27,,,2017-06-04T00:33:06
Chin Up,2,5,226.97,2017-07-02,,,2017-05-08T00:25:32
Bicep Curl (Barbell),3,11,212.1,2017-03-20,,,2017-04-07T17:18:52
Seated Cable Row (close Grip),1,14,255.35,2017-05-04,,,2016-10-17T16:17:04
Incline Bench Press (Barbell),5,11,280.11,2015-10-31,,,2015-11-01T12:32:09
Hammer High Row - 1 Arm,3,9,168.8,2017-03-27,,,2017-04-06T05:12:41
Hack Squat,2,9,282.27,2018-08-14,,,2018-07-17T15:59:31
Hammer Curl (Dumbbell ),2,9,527.11,2018-07-09,,,2018-04-26T01:24:04
close grip Bench,1,9,114.72,2018-09-10,,,2018-08-10T16:17:12
Incline Bench Press (Barbell),6,6,8.6,2018-02-19,,,2017-11-09T03:56:17
Bicep Curl (Barbell),2,9,17.52,2017-09-03,,,2017-06-01T10:16:09
Squat (Barbell),3,5,379.06,2016-02-28,,,2016-04-21T08:31:53
Incline Bench Press (Barbell),1,11,87.72,2017-12-13,,,2017-06-08T21:33:38
Leg press (hinge ),3,7,132.41,2016-01-11,,,2016-01-06T13:26:20
Bench Press (Barbell),2,13,320.16,2018-05-29,,,2018-02-26T10:43:00
Incline Press (Dumbbell),2,7,59.55,2016-06-10,,,2016-08-02T08:41:23
Romanian Deadlift (Barbell),2,12,14.83,2017-09-12,,,2017-09-05T01:51:52
Chin Up,3,7,426.4,2018-08-11,,,2018-07-12T08:34:13
Bicep Curl (Barbell),4,10,61.27,2017-07-21,,,2017-03-05T11:28:25
Neutral Chin,2,6,77.1,2016-01-25,,,2016-01-14T13:09:29
Squat (Barbell),3,8,10.84,2016-12-21,,,2016-09-06T06:28:01
Incline Bench Press (Barbell),3,6,130.28,2018-02-28,,,2018-01-27T20:13:57
Hammer seated row (CLOSE GRIP),3,7,8.88,2018-09-23,,,2018-09-12T22:11:58
Squat (Barbell),1,6,207.83,2018-08-15,,,2018-05-30T20:10:12
Hammer lat pulldown,3,11,90.39,2017-02-26,,,2017-02-18T07:55:14
Incline Bench Press (Barbell),3,10,75.98,2017-09-06,,,2017-05-25T22:58:13
Low Incline Dumbbell Bench,2,16,6.21,2016-08-04,,,2016-07-21T11:31:57
Chin Up,1,6,441.62,2016-03-16,,,2016-04-15T09:40:48
Hammer seated row (CLOSE GRIP),3,11,48.0,2017-07-09,,,2017-06-10T09:07:38
high bar squat,3,14,111.88,2017-01-02,,,2016-09-14T07:11:06
Sling Shot Incline,2,11,16.23,2017-12-23,,,2017-08-14T01:08:34
Seated Shoulder  Press (Barbell),2,5,239.39,2017-07-12,,,2017-03-20T00:47:15
Weighted dips,5,2,291.56,2015-11-02,,,2015-10-29T00:30:13
Squat (Barbell),1,8,280.62,2017-11-14,,,2018-01-07T22:43:55
Leg outward fly,1,9,242.68,2018-09-28,,,2018-09-22T08:39:55
Squat (Barbell),1,8,7.16,2018-02-20,,,2017-12-15T20:57:36
Squat (Barbell),4,12,102.28,2016-03-26,,,2016-02-03T15:18:03
Leg press (hinge ),3,7,147.09,2016-02-22,,,2016-04-13T23:47:58
Incline Bench Press (Barbell),1,10,114.78,2017-02-17,,,2016-11-19T18:30:21
Lat Pulldown,2,7,173.94,2017-07-09,,,2017-03-22T08:30:30
Chin Up,1,3,147.59,2016-10-21,,,2016-08-25T12:45:39
Incline Bench Press,4,8,73.33,2015-11-01,,,2015-11-13T14:50:27
Seated Shoulder  Press (Barbell),2,7,142.54,2016-08-18,,,2016-11-10T16:25:25
Leg press (hinge ),3,8,136.84,2015-10-23,,,2015-10-25T00:32:12
Chin Up,2,8,133.13,2016-04-10,,,2016-02-19T18:55:18
Squat,2,8,70.77,2016-06-04,,,2016-06-11T04:47:21
high bar squat,4,13,177.85,2018-08-01,,,2018-03-28T05:10:52
Incline Bench Press (Barbell),2,6,556.4,2018-02-26,,,2018-01-24T00:26:10
Seated Shoulder  Press (Barbell),5,10,23.2,2015-11-04,,,2015-11-03T12:47:12
Chin Up,1,9,672.12,2017-01-17,,,2016-10-15T07:59:35
Squat (Barbell),2,9,211.28,2016-04-23,,,2016-07-04T00:25:58
Squat (Barbell),3,7,394.26,2016-01-19,,,2015-12-07T18:15:48
Incline Bench Press (Barbell),4,8,315.03,2016-03-09,,,2016-02-09T01:36:29
Romanian Deadlift (Barbell),1,9,1.74,2018-09-24,,,2018-09-11T03:43:39
Bench Press (Barbell),2,7,281.19,2017-10-13,,,2017-07-30T20:44:13
Chin Up,3,11,14.34,2018-04-18,,,2018-02-06T14:27:04
Leg press (hinge ),3,12,167.31,2017-09-17,,,2017-03-22T00:31:22
Seated Cable Row (close Grip),4,9,152.9,2016-09-24,,,2016-10-11T10:11:19
Chin Up,4,9,122.15,2016-08-14,,,2016-09-03T03:40:14
Weighted dips,1,5,18.69,2017-10-21,,,2017-09-07T05:13:20
Hammer seated row (CLOSE GRIP),1,9,42.31,2018-09-29,,,2018-09-29T14:35:32
Hammer High Row - 1 Arm,2,7,244.4,2018-05-04,,,2018-02-27T04:16:42
Bicep Curl (Barbell),1,8,257.68,2016-08-03,,,2016-07-06T03:46:22
Hack Squat,1,13,85.0,2016-04-21,,,2016-06-19T07:58:31
Overhead Press (Dumbbell),2,9,134.2,2018-09-20,,,2018-08-29T13:31:26
Seated Row,3,8,195.7,2017-09-05,,,2017-05-20T03:30:09
high bar squat,3,12,33.03,2017-05-19,,,2017-03-14T05:34:53
Face pull,2,13,36.29,2018-03-16,,,2017-09-12T21:23:36
Seated Row,3,9,357.34,2018-08-18,,,2018-06-11T17:17:00
Lateral Raise (Dumbbells),2,4,196.45,2018-09-27,,,2018-09-12T04:25:10
Hammer seated row (CLOSE GRIP),2,10,85.16,2016-02-03,,,2016-03-03T06:49:40
Incline Press (Dumbbell),1,4,212.78,2018-05-18,,,2018-04-08T20:52:57
Rear delt fly,2,8,304.02,2018-03-13,,,2017-11-26T19:27:03
Chin Up,2,3,138.02,2017-05-06,,,2017-02-23T13:15:40
Leg outward fly,2,7,347.39,2018-07-02,,,2018-03-16T15:07:08
Seated Shoulder  Press (Barbell),1,8,70.67,2018-07-07,,,2018-03-02T00:31:56
Weighted dips,2,6,137.48,2017-01-12,,,2016-07-31T22:26:15
Hammer seated row (CLOSE GRIP),3,5,123.67,2016-12-13,,,2016-09-04T14:18:29
Seated Row,2,12,129.63,2018-01-15,,,2017-08-16T04:40:13
Hammer Curl (Dumbbell ),1,8,32.75,2018-07-25,,,2018-05-23T17:32:37
Weighted dips,2,14,79.47,2016-10-22,,,2016-08-26T05:10:20
Incline Press (Dumbbell),2,7,253.83,2016-02-02,,,2016-03-01T06:28:59
Lat Pulldown,3,9,121.45,2018-01-13,,,2018-01-26T19:40:57
Weighted dips,1,14,83.15,2017-12-31,,,2017-10-20T02:48:45
Overhead Press (Dumbbell),2,6,313.42,2017-10-24,,,2018-01-03T01:10:34
Incline Press (Dumbbell),2,12,60.34,2017-01-27,,,2016-11-12T22:54:05
Seated Military Press,6,4,383.11,2016-10-13,,,2016-10-08T18:01:12
Shrugs,2,11,21.81,2016-05-31,,,2016-05-13T15:36:54
Squat (Barbell),3,10,243.43,2018-08-18,,,2018-06-29T06:51:34
Bent Over Row (Dumbbell),2,10,169.17,2017-08-03,,,2017-06-21T11:21:29
Seated Military Press,2,7,47.24,2018-09-29,,,2018-09-29T14:35:32
Bent Over Row (Dumbbell),1,10,26.37,2018-05-10,,,2018-03-06T19:21:06
Squat (Barbell),5,5,273.54,2016-03-30,,,2016-04-07T21:11:43
Weighted dips,3,9,193.65,2017-03-06,,,2016-11-27T01:01:07
Chin Up,2,6,57.6,2018-09-04,,,2018-07-09T05:25:46
Bicep Curl (Dumbbell),1,8,143.8,2017-05-10,,,2017-03-24T15:18:03
Bicep Curl (Barbell),4,16,21.96,2016-04-07,,,2016-02-20T16:31:21
Squat,2,9,35.53,2015-11-22,,,2015-12-09T22:18:43
Hammer Curl (Dumbbell ),2,10,200.54,2018-07-21,,,2018-04-15T23:28:23
Bicep Curl (Barbell),3,9,97.36,2017-06-24,,,2017-02-19T11:38:21
Chin Up,1,6,379.28,2016-09-30,,,2016-10-07T08:10:14
Rear delt fly,3,10,475.13,2018-01-04,,,2017-11-27T17:29:53
Rear delt fly,3,12,69.41,2018-03-25,,,2017-12-20T14:55:45
Leg press (hinge ),4,10,48.78,2018-03-23,,,2017-09-08T23:42:54
Weighted dips,3,9,89.1,2017-07-12,,,2017-06-28T08:50:51
Deadlift - Trap Bar,2,17,230.8,2017-12-27,,,2017-05-08T13:10:06
Hammer Curl (Dumbbell ),2,2,111.47,2018-09-04,,,2018-09-07T06:44:52
Chin Up,1,6,341.84,2018-09-27,,,2018-09-29T14:35:32
Incline Bench Press (Barbell),6,4,106.83,2016-02-25,,,2016-03-08T21:32:31
Bicep Curl (Barbell),1,6,285.77,2018-04-25,,,2018-04-09T09:00:52
Weighted dips,2,11,149.42,2018-01-20,,,2017-08-28T06:33:55
Deadlift (Barbell),2,8,582.15,2016-03-10,,,2016-02-29T03:07:23
Hammer seated row (CLOSE GRIP),5,9,326.93,2018-04-17,,,2017-12-29T21:11:53
Hammer seated row (CLOSE GRIP),3,13,37.97,2018-04-29,,,2018-01-01T23:52:51
Leg curl,2,5,296.05,2018-01-29,,,2017-12-12T04:28:32
Deadlift (Barbell),3,9,265.73,2018-06-28,,,2018-04-26T19:30:27
Leg outward fly,2,9,432.99,2018-08-18,,,2018-06-27T08:05:40
Chin Up,5,10,13.42,2015-11-02,,,2015-10-29T00:37:00
Bench Press (Barbell),2,7,97.34,2018-09-29,,,2018-09-29T11:07:11
Leg Extension (Machine),1,10,83.05,2018-09-25,,,2018-09-11T16:13:40
Low Incline Dumbbell Bench,2,13,21.6,2017-05-11,,,2017-03-17T20:04:59
Seated Shoulder Press (Dumbbell),3,10,280.88,2017-09-16,,,2017-03-18T09:02:19
Incline Bench Press,6,9,379.79,2016-04-23,,,2016-07-12T04:03:33
Hammer seated row (CLOSE GRIP),2,15,65.49,2016-01-31,,,2016-02-07T22:42:44
Hammer seated row (CLOSE GRIP),7,8,5.22,2016-05-05,,,2016-04-11T04:26:28
Romanian Deadlift (Barbell),3,11,112.76,2017-11-10,,,2017-07-14T09:36:32
Chin Up,4,12,183.1,2015-10-24,,,2015-10-25T00:14:12
Hammer seated row (CLOSE GRIP),2,9,107.05,2018-09-08,,,2018-08-03T09:42:52
Squat (Barbell),1,8,272.3,2018-04-17,,,2018-01-11T09:43:35
Squat,1,6,38.9,2016-01-16,,,2016-01-07T14:35:48
Squat (Barbell),2,9,30.33,2016-06-12,,,2016-05-29T16:39:12
Romanian Deadlift (Barbell),2,10,122.72,2017-03-16,,,2017-02-07T06:38:45
Chin Up,2,10,278.31,2016-08-23,,,2016-07-27T18:57:27
Bench Press (Barbell),2,13,20.42,2017-04-27,,,2016-11-03T06:03:56
Good Morning (Barbell),1,8,399.55,2015-11-22,,,2015-12-23T01:03:30
Lateral Raise (Dumbbells),2,9,496.93,2016-11-01,,,2016-12-01T15:23:19
Hammer High Row - 1 Arm,3,10,208.28,2016-09-26,,,2016-08-05T10:55:12
Hammer seated row (CLOSE GRIP),3,14,61.25,2018-01-10,,,2017-02-26T16:48:12
Incline Press (Dumbbell),2,17,0.13,2018-06-08,,,2018-01-20T23:26:50
Seated Cable Row (close Grip),4,8,323.55,2018-01-25,,,2017-10-29T13:05:44
Good Morning (Barbell),1,11,177.82,2016-09-01,,,2016-06-19T00:41:02
Seated Military Press,7,14,12.03,2015-12-11,,,2015-12-21T00:23:33
Leg curl,1,8,46.37,2018-04-16,,,2018-03-06T15:41:16
Leg press (hinge ),2,13,97.95,2015-10-25,,,2015-10-31T22:50:19
Bicep Curl (Barbell),3,9,17.51,2018-09-19,,,2018-08-05T09:17:35
Leg press (hinge ),4,12,137.04,2016-03-12,,,2016-01-05T17:09:58
Tricep pushdown,4,8,4.34,2016-01-06,,,2016-02-01T23:15:51
Squat,3,8,401.85,2017-09-19,,,2017-06-25T09:34:21
Chin Up,3,13,307.59,2016-05-05,,,2016-04-21T20:28:44
Squat (Barbell),3,5,37.28,2017-06-28,,,2017-08-12T22:38:50
Chin Up,2,6,367.12,2018-08-31,,,2018-07-26T19:34:56
Tricep pushdown,2,17,3.51,2018-09-14,,,2018-08-22T04:32:50
Weighted dips,2,8,232.03,2018-07-29,,,2018-07-15T14:27:54
Incline Bench Press (Barbell),1,11,322.86,2017-01-28,,,2016-08-13T20:33:54
Chin Up,1,10,90.07,2017-12-01,,,2017-07-27T05:01:00
Squat (Barbell),6,10,22.98,2018-03-28,,,2017-07-01T14:39:46
Seated Cable Row (close Grip),3,7,471.45,2018-08-29,,,2018-08-02T21:54:40
Rear delt fly,3,15,27.12,2016-01-20,,,2016-01-13T23:58:24
Rack Pull - 1 Pin,2,7,182.87,2018-06-29,,,2018-05-31T00:32:33
Hammer seated row (CLOSE GRIP),1,10,158.26,2018-06-13,,,2018-05-13T22:39:08
Weighted dips,3,12,37.33,2015-10-23,,,2015-10-24T01:27:56
Romanian Deadlift (Barbell),1,8,226.87,2018-09-17,,,2018-07-27T20:23:50
T-bar Row,3,10,317.34,2016-09-12,,,2016-08-28T11:41:51
Squat (Barbell),5,9,232.36,2016-01-19,,,2015-12-18T02:10:14
Deadlift (Barbell),2,4,407.08,2018-09-13,,,2018-08-19T08:18:28
Deadlift (Barbell),3,5,47.57,2018-05-31,,,2018-04-18T00:27:39
Bicep Curl (barbell ),2,6,231.05,2018-01-15,,,2017-09-30T23:59:53
Hammer seated row (CLOSE GRIP),3,12,81.76,2018-07-30,,,2018-04-17T20:44:32
Bent Over Row (Dumbbell),2,7,590.02,2017-06-11,,,2016-12-29T02:14:48
Chin Up,4,9,403.0,2015-11-26,,,2015-12-04T04:51:36
Bench Press (Barbell),2,9,210.0,2018-08-17,,,2018-05-19T03:41:58
Bicep Curl (Barbell),1,9,366.91,2018-09-13,,,2018-08-24T04:08:46
Incline Bench Press (Barbell),9,10,9.91,2016-04-09,,,2016-03-12T07:34:43
Chin Up,4,10,87.39,2018-02-22,,,2017-11-15T21:08:51
Squat (Barbell),4,8,172.38,2018-08-27,,,2018-07-07T19:39:46
Chin Up,3,11,429.95,2015-11-02,,,2015-11-03T18:31:00
Leg outward fly,3,4,321.19,2016-06-26,,,2016-08-02T12:29:09
Incline Press (Dumbbell),3,12,29.68,2016-03-10,,,2016-01-27T21:49:33
Chin Up,3,10,163.73,2018-01-16,,,2017-11-11T08:35:03
Squat,3,7,105.53,2017-02-25,,,2017-01-06T02:31:21
Hammer Row - Wide Grip,2,11,59.8,2018-03-09,,,2017-09-18T11:17:24
Incline Press (Dumbbell),3,10,16.44,2018-08-26,,,2018-08-24T03:34:13
Romanian Deadlift (Barbell),3,11,226.87,2018-05-11,,,2018-01-04T00:12:39
Weighted dips,2,11,19.48,2017-07-09,,,2017-02-19T13:59:54
Bicep Curl (Barbell),3,11,59.91,2017-07-18,,,2017-02-26T08:20:07
Romanian Deadlift (Barbell),2,6,216.86,2018-03-24,,,2017-10-10T21:58:20
Squat (Barbell),4,10,66.37,2016-02-03,,,2016-01-30T01:45:23
Tricep pushdown,2,7,140.63,2016-08-26,,,2016-09-10T11:58:33
Incline Bench Press,3,8,23.17,2016-02-04,,,2016-03-11T16:13:13
Hammer lat pulldown,2,9,43.07,2016-01-16,,,2016-01-25T13:02:26
Chin Up,4,17,63.18,2016-02-09,,,2016-01-07T15:37:44
Shoulder Press (Standing),2,7,98.98,2017-12-04,,,2017-06-06T23:05:41
Lat Pulldown,1,8,169.31,2018-09-16,,,2018-07-26T18:02:04
Shoulder Press (Standing),2,10,54.48,2018-09-29,,,2018-09-22T04:32:30
Romanian Deadlift (Barbell),2,5,30.29,2018-07-26,,,2018-04-19T18:16:41
Lateral Raise (Dumbbells),3,5,256.07,2018-07-28,,,2018-06-16T03:17:24
Chin Up,2,9,239.03,2016-07-22,,,2016-10-27T18:39:45
Incline Bench Press (Barbell),3,15,321.7,2017-11-03,,,2017-10-31T02:19:58
Squat (Barbell),2,8,260.14,2018-06-10,,,2018-01-31T21:29:39
Seated Shoulder  Press (Barbell),2,6,106.86,2016-09-04,,,2016-11-10T17:09:50
Bicep Curl (Barbell),2,6,75.58,2016-05-06,,,2016-04-13T16:57:55
Incline Press (Dumbbell),2,7,216.52,2018-09-10,,,2018-08-07T03:37:59
Bent Over Row (Dumbbell),2,7,232.58,2018-09-21,,,2018-08-24T09:16:17
Bicep Curl (Barbell),1,8,183.72,2016-12-19,,,2016-08-24T19:34:33
Lateral Raise (Dumbbells),5,12,0.4,2017-01-05,,,2016-12-25T07:57:28
Seated Cable Row (close Grip),2,8,64.97,2018-01-23,,,2017-10-30T16:56:03
Squat (Barbell),3,5,70.8,2018-03-12,,,2017-11-18T19:59:34
Weighted dips,2,6,77.56,2018-09-02,,,2018-08-07T08:44:17
Incline Bench Press (Barbell),2,4,344.01,2016-10-02,,,2016-09-23T22:45:16
kettlebell Swings,2,13,54.97,2017-11-11,,,2017-06-27T06:57:37
Neutral Chin,1,5,240.34,2017-10-29,,,2017-08-15T09:48:29
Hammer back row wide 45 angle,1,9,150.73,2018-09-29,,,2018-09-29T14:35:32
Shoulder Press (Standing),2,10,771.01,2018-08-01,,,2018-07-21T11:22:48
Weighted dips,3,16,0.43,2016-01-13,,,2016-01-04T08:34:43
Squat (Barbell),4,15,387.41,2015-11-25,,,2015-11-18T19:17:02
Bent Over Row (Dumbbell),7,10,206.04,2016-10-28,,,2016-09-26T11:46:50
Chin Up,4,9,101.25,2018-03-12,,,2018-01-05T18:40:21
Overhead Press (Dumbbell),2,5,150.19,2015-11-18,,,2015-11-17T02:43:47
Lateral Raise,2,12,93.87,2016-05-11,,,2016-06-04T20:58:05
Seated Cable Row (close Grip),4,11,272.44,2017-10-31,,,2017-12-13T23:10:54
Weighted dips,6,8,27.2,2016-07-25,,,2016-05-10T12:40:35
Romanian Deadlift (Barbell),3,11,155.32,2016-04-29,,,2016-05-05T06:13:07
Incline Bench Press,7,7,24.54,2016-09-19,,,2016-07-15T06:43:59
Overhead Press (Barbell),2,11,9.21,2016-08-02,,,2016-06-10T13:33:35
T-bar Row,2,5,897.88,2017-11-22,,,2017-04-16T18:17:52
Bench Press (Barbell),2,8,301.6,2018-09-14,,,2018-08-23T20:05:15
Seated Shoulder  Press (Barbell),2,16,445.29,2016-02-19,,,2016-01-07T03:54:50
Seated Cable Row (close Grip),4,11,15.64,2016-04-23,,,2016-04-02T06:40:30
Hammer Curl (Dumbbell ),3,5,70.64,2017-07-27,,,2017-03-23T13:23:55
Lateral Raise (Dumbbells),2,13,45.29,2018-03-25,,,2017-10-29T14:22:23
T-bar Row,4,6,20.71,2018-01-19,,,2017-09-04T11:34:04
Seated Shoulder  Press (Barbell),5,12,35.32,2016-01-26,,,2015-12-04T18:01:07
T-bar Row,5,11,60.17,2018-01-21,,,2017-05-08T21:45:50
Squat,3,6,242.34,2017-11-10,,,2017-08-21T05:37:35
Incline Bench Press (Barbell),2,9,58.92,2017-06-09,,,2017-04-20T12:41:11
Bicep Curl (Barbell),2,7,358.03,2015-10-27,,,2015-11-04T07:27:39
Leg press (hinge ),7,10,97.27,2016-03-24,,,2016-02-28T18:39:23
Hammer seated row (CLOSE GRIP),2,7,36.69,2018-08-08,,,2018-06-14T08:06:15
Tricep pushdown,2,13,205.53,2017-06-17,,,2017-01-30T19:26:24
Squat (Barbell),5,11,47.11,2016-08-17,,,2016-08-02T19:13:53
Lateral Raise (Dumbbells),1,10,158.57,2018-07-17,,,2018-01-07T06:19:17
Hammer High Row - 1 Arm,2,6,529.52,2018-08-09,,,2018-07-17T20:22:05
Squat (Barbell),1,12,11.21,2018-01-09,,,2017-11-23T21:25:21
Front Squat (Barbell),2,10,31.18,2016-09-18,,,2016-08-01T12:02:27
Leg outward fly,4,9,63.94,2018-07-03,,,2018-03-07T05:56:59
Bicep Curl (barbell ),1,5,439.38,2018-05-03,,,2018-02-01T08:46:08
Tricep pushdown,2,12,432.94,2018-08-08,,,2018-05-12T01:05:59
Squat (Barbell),3,11,468.34,2016-11-15,,,2016-08-23T07:01:39
Weighted dips,2,7,194.23,2016-05-12,,,2016-05-25T17:40:01
Squat (Barbell),2,5,167.59,2017-12-28,,,2017-10-07T18:44:17
Chin Up,2,10,80.0,2016-02-18,,,2016-03-05T18:50:09
Seated Military Press,2,8,180.18,2016-01-05,,,2015-12-02T01:03:37
high bar squat,4,9,300.22,2018-09-17,,,2018-08-28T13:59:20
Hammer lat pulldown,7,10,8.7,2018-05-20,,,2018-03-21T12:30:03
Bicep Curl (Barbell),4,10,26.89,2015-11-21,,,2015-11-10T00:25:50
Bicep Curl (Barbell),1,6,227.05,2017-09-01,,,2017-11-29T05:22:01
Neutral Chin,1,6,418.95,2018-08-20,,,2018-07-26T08:38:52
Rear delt fly,2,11,70.11,2017-08-19,,,2017-10-24T05:03:55
Rear delt fly,4,21,0.04,2018-08-08,,,2018-06-11T10:08:28
Hammer seated row,2,14,41.6,2016-02-14,,,2016-01-07T10:26:47
Hammer seated row (CLOSE GRIP),3,11,358.43,2017-04-11,,,2017-02-21T07:11:28
Weighted dips,4,4,15.02,2016-09-22,,,2016-06-05T04:30:14
Hammer seated row (CLOSE GRIP),2,9,10.53,2017-03-27,,,2017-01-16T05:14:40
Weighted dips,2,6,82.87,2018-08-12,,,2018-07-11T07:23:26
Hammer seated row (CLOSE GRIP),1,12,9.02,2018-07-04,,,2018-03-30T05:29:20
Squat (Barbell),6,12,39.78,2017-08-20,,,2017-05-17T09:23:26
Incline Bench Press (Barbell),2,9,42.65,2018-06-14,,,2018-02-23T06:05:25
Weighted dips,2,11,87.27,2015-10-24,,,2015-10-25T11:10:14
Hammer Row - Wide Grip,2,12,351.67,2018-08-30,,,2018-07-22T04:04:54
Lat Pulldown,3,13,43.03,2018-07-26,,,2018-06-14T09:13:22
Chin Up,4,11,28.29,2017-09-07,,,2017-04-24T18:38:59
close grip Bench,1,13,574.46,2017-09-22,,,2017-06-11T03:40:52
Seated Shoulder Press (Dumbbell),1,9,13.81,2018-09-19,,,2018-08-17T13:11:15
Weighted dips,2,4,186.21,2017-06-29,,,2017-09-03T16:49:34
Bicep Curl (Barbell),3,6,59.06,2017-02-10,,,2016-12-26T06:36:38
Seated Cable Row (close Grip),8,6,91.52,2018-08-28,,,2018-07-03T00:46:29
Chin Up,4,6,159.19,2016-10-06,,,2016-11-01T23:53:25
Squat (Barbell),2,5,292.42,2016-02-20,,,2016-03-30T09:31:36
Good Morning (Barbell),3,10,58.73,2015-11-09,,,2015-11-29T07:34:16
Bench Press (Barbell),1,9,141.27,2017-10-31,,,2017-04-10T20:40:04
Leg press (hinge ),4,12,9.28,2016-03-16,,,2016-02-25T05:04:41
Hammer lat pulldown,1,7,719.0,2018-06-29,,,2018-06-17T16:46:28
Squat (Barbell),1,8,240.34,2016-02-22,,,2016-03-01T22:06:04
Rear delt fly,5,10,33.46,2017-06-13,,,2017-04-16T12:58:55
Pull Up,1,7,448.41,2018-05-26,,,2018-02-17T18:29:49
Hammer seated row (CLOSE GRIP),3,10,410.17,2018-01-25,,,2017-08-30T10:21:00
Seated Shoulder  Press (Barbell),5,8,64.27,2018-03-05,,,2017-11-20T05:54:02
Romanian Deadlift (Barbell),3,8,70.93,2016-09-09,,,2016-12-17T05:28:35
Squat (Barbell),3,9,276.6,2015-12-18,,,2015-11-28T08:12:19
close grip Bench,1,18,1.65,2018-05-17,,,2018-03-16T18:16:50
Hack Squat,6,10,772.86,2018-06-23,,,2018-04-13T22:16:32
Leg press (hinge ),2,6,98.63,2017-06-28,,,2017-01-28T06:15:48
Leg press (hinge ),3,9,69.79,2015-11-19,,,2015-11-17T01:43:48
Lateral Raise (Dumbbells),2,11,72.5,2018-07-23,,,2018-04-04T09:47:04
Lat Pulldown,1,8,86.77,2018-09-01,,,2018-08-18T08:18:13
Squat (Barbell),5,10,8.2,2017-07-10,,,2017-06-18T14:19:41
Lateral Raise (Dumbbells),2,4,275.92,2016-06-14,,,2016-05-04T03:42:15
Lat Pulldown,2,10,219.04,2018-02-04,,,2017-10-19T19:39:09
Rope Never Ending,2,13,22.62,2018-06-24,,,2018-04-28T07:42:18
Weighted dips,4,10,274.1,2018-07-05,,,2018-06-14T18:27:04
Seated Row,4,8,440.53,2016-08-31,,,2016-08-04T18:03:36
Bent Over Row (Dumbbell),3,8,18.43,2017-11-15,,,2017-04-17T14:10:15
Squat (Barbell),2,15,162.65,2016-02-10,,,2016-02-07T11:41:59
Chin Up,1,7,204.44,2018-03-01,,,2017-07-01T23:57:57
Weighted dips,2,6,472.33,2017-08-03,,,2017-06-27T15:56:25
Squat,1,14,21.04,2018-04-08,,,2017-11-19T11:32:04
T-bar Row,4,11,47.56,2017-03-08,,,2017-02-14T19:05:57
Hammer Row - Wide Grip,3,6,328.99,2018-09-29,,,2018-09-29T14:35:32
Chin Up,3,6,673.68,2018-09-22,,,2018-09-06T04:40:17
Seated Shoulder Press (Dumbbell),2,12,210.85,2017-07-06,,,2017-02-09T14:13:19
Squat (Barbell),3,8,50.15,2016-12-28,,,2016-10-07T09:42:30
Hammer Curl (Dumbbell ),3,9,270.05,2017-12-08,,,2018-01-11T13:12:47
Neutral Chin,2,10,74.89,2018-09-28,,,2018-09-20T02:38:21
Lat Pulldown (Cable),2,9,442.0,2018-05-04,,,2017-12-30T11:33:39
Weighted dips,3,3,284.92,2017-11-07,,,2017-08-09T10:28:10
Chin Up,2,12,17.66,2016-03-17,,,2016-02-25T00:30:49
Lat Pulldown,2,7,16.84,2018-07-11,,,2018-05-08T17:33:38
Rear delt fly,4,12,152.93,2016-01-29,,,2015-12-25T06:47:58
Chin Up,2,1,392.18,2015-12-04,,,2015-11-23T00:04:24
Good Morning (Barbell),3,4,27.8,2016-03-08,,,2016-02-17T04:40:04
Tricep pushdown,4,7,77.15,2018-09-22,,,2018-08-31T03:39:27
Rear delt fly,1,6,395.54,2018-05-20,,,2018-05-25T05:36:57
Overhead Press (Barbell),3,12,72.08,2018-05-21,,,2018-01-08T10:25:35
Romanian Deadlift (Barbell),2,12,82.88,2018-04-10,,,2018-02-17T13:37:12
Incline Bench Press (Barbell),1,5,422.75,2018-04-12,,,2017-12-04T14:02:12
Romanian Deadlift (Barbell),3,10,73.06,2016-12-19,,,2016-11-11T22:42:16
Bench Press (Barbell),2,9,155.92,2017-05-25,,,2017-01-07T18:28:11
Incline Bench Press (Barbell),6,12,133.9,2017-05-08,,,2016-10-04T15:07:13
Deadlift (Barbell),2,10,58.77,2018-09-12,,,2018-08-23T23:36:23
Hammer seated row (CLOSE GRIP),2,10,25.26,2018-06-30,,,2018-02-20T13:16:11
Hammer Curl (Dumbbell ),4,7,60.38,2016-08-08,,,2016-04-22T07:57:48
Seated Cable Row (close Grip),1,8,45.48,2017-07-25,,,2017-03-21T19:25:58
Rear delt fly,2,4,607.17,2017-04-24,,,2017-02-22T18:00:41
Weighted dips,3,7,106.84,2018-09-14,,,2018-09-01T20:02:07
Bicep Curl (Barbell),2,12,39.5,2017-09-26,,,2017-08-29T05:35:51
Hack Squat,2,9,272.73,2016-07-26,,,2016-07-20T05:01:05
Deadlift - Trap Bar,2,12,211.86,2017-09-02,,,2017-02-03T21:07:47
Incline Press (Dumbbell),2,6,310.41,2018-08-21,,,2018-06-29T23:29:40
Squat (Barbell),4,15,33.28,2015-11-13,,,2015-11-18T06:52:32
Shoulder Press (Standing),2,12,226.09,2017-04-06,,,2017-03-18T17:09:16
Bicep Curl (Barbell),4,8,45.07,2017-11-29,,,2017-07-28T09:56:00
Tricep Extension,7,10,11.0,2015-11-09,,,2015-11-09T08:52:26
Rear delt fly,5,8,303.34,2016-11-11,,,2016-09-11T00:22:20
Seated Military Press,1,7,139.54,2017-10-17,,,2017-08-09T14:50:08
Squat,2,10,186.62,2017-06-17,,,2017-09-09T11:44:55
Squat (Barbell),2,10,37.98,2017-12-11,,,2017-11-17T04:14:01
Seated Shoulder  Press (Barbell),1,11,95.95,2016-05-02,,,2016-04-15T08:47:36
Seated Row,1,10,236.54,2015-12-09,,,2015-12-20T04:53:45
Seated Shoulder  Press (Barbell),2,5,166.45,2017-01-20,,,2016-05-17T13:14:34
Hammer seated row (CLOSE GRIP),1,9,29.67,2018-09-15,,,2018-09-15T06:58:59
Rear delt fly,3,9,222.82,2016-04-11,,,2016-03-17T20:29:18
T-bar Row,3,14,16.29,2017-02-09,,,2016-09-29T21:25:30
Bicep Curl (Barbell),3,13,9.26,2016-08-16,,,2016-04-26T12:11:51
Romanian Deadlift (Barbell),4,9,23.01,2016-03-06,,,2016-02-10T13:47:59
Squat (Barbell),4,9,67.55,2017-07-31,,,2017-04-30T06:43:35
Seated Military Press,1,12,95.73,2016-07-27,,,2016-05-04T12:10:01
Neutral Chin,1,4,334.04,2018-09-09,,,2018-07-15T12:17:41
Weighted dips,4,7,399.82,2016-09-30,,,2016-08-05T13:09:04
Chin Up,3,11,509.22,2018-06-07,,,2018-05-26T08:14:43
Leg press (hinge ),3,9,112.19,2016-10-02,,,2016-09-02T23:10:11
Rear delt fly,3,7,184.24,2018-09-10,,,2018-07-19T19:14:37
Good Morning (Barbell),3,8,10.99,2016-12-06,,,2017-01-22T00:54:50
Incline Bench Press (Barbell),4,9,534.37,2017-09-27,,,2017-09-13T22:25:42
Lateral Raise (Dumbbells),3,6,111.23,2017-02-01,,,2016-08-30T08:30:52
Squat (Barbell),4,9,602.13,2017-04-24,,,2017-06-15T10:26:19
Rear delt fly,3,11,128.12,2016-01-10,,,2015-12-27T14:52:53
Weighted dips,5,6,273.07,2015-11-08,,,2015-11-01T06:56:59
Tricep pushdown,2,7,129.63,2018-09-17,,,2018-09-02T22:13:01
Leg Extension (Machine),3,6,163.85,2018-09-29,,,2018-09-29T14:35:32
Hammer seated row (CLOSE GRIP),7,12,32.93,2017-09-22,,,2017-09-01T21:55:48
Leg outward fly,1,11,13.89,2015-11-26,,,2015-12-20T21:33:06
Face pull,1,7,188.28,2017-09-29,,,2017-10-11T03:55:29
Leg press (hinge ),2,10,35.0,2016-09-29,,,2016-09-05T03:26:42
Incline Bench Press (Barbell),2,12,113.99,2016-09-28,,,2016-09-25T00:11:07
Leg press (hinge ),3,5,575.19,2017-06-11,,,2017-04-03T19:39:52
Lateral Raise (Dumbbells),3,11,60.78,2016-08-28,,,2016-07-26T21:39:02
T-bar Row,4,13,56.6,2018-03-17,,,2017-11-10T22:24:24
Bench Press (Barbell),2,10,60.65,2018-09-29,,,2018-09-29T14:35:32
Squat,3,4,330.83,2017-04-05,,,2017-01-04T01:24:16
Hammer Row Stand 1armed,1,11,420.48,2018-09-17,,,2018-08-30T00:53:07
Lateral Raise (Dumbbells),2,9,81.87,2016-01-27,,,2015-12-15T00:50:34
Face pull,4,8,46.22,2017-07-17,,,2017-07-12T01:28:30
Chin Up,1,6,186.71,2018-09-29,,,2018-09-29T14:35:32
Rear delt fly,2,10,161.54,2015-11-05,,,2015-11-13T06:08:07
Squat (Barbell),3,10,349.2,2016-01-14,,,2015-12-19T14:56:36
Seated Shoulder  Press (Barbell),3,12,412.05,2015-11-12,,,2015-11-29T05:41:33
Hammer seated row (CLOSE GRIP),2,15,20.3,2017-10-28,,,2017-03-11T01:48:14
Good Morning (Barbell),4,8,260.54,2016-06-10,,,2016-06-06T07:20:43
Hammer Decline Chest Press,2,8,290.23,2017-02-19,,,2016-12-27T18:53:34
Bicep Curl (barbell ),2,9,29.28,2016-02-19,,,2016-02-22T08:42:11
Rear delt fly,2,8,353.25,2016-07-31,,,2016-08-09T03:08:51
Chin Up,3,7,123.95,2017-05-18,,,2017-03-18T03:35:55
Bench Press (Barbell),1,7,76.89,2017-07-09,,,2017-06-06T01:42:35
Chin Up,1,7,129.27,2016-10-08,,,2016-07-20T14:23:53
Squat (Barbell),3,9,172.6,2015-11-22,,,2015-12-15T13:11:13
Chin Up,2,11,166.13,2017-07-28,,,2017-03-15T17:23:06
Leg press (hinge ),2,4,348.03,2017-12-09,,,2017-11-10T23:49:23
Incline Press (Dumbbell),1,8,166.76,2018-08-26,,,2018-07-24T19:44:53
Hammer Curl (Dumbbell ),2,5,99.08,2018-02-28,,,2017-12-06T18:41:13
Lateral Raise (Dumbbells),1,9,201.28,2018-03-08,,,2017-09-13T15:01:19
Weighted dips,4,6,162.68,2015-11-23,,,2015-12-09T19:12:57
Seated Shoulder  Press (Barbell),2,11,100.78,2018-09-26,,,2018-09-03T20:39:28
Rack Pull - 1 Pin,4,7,19.16,2018-09-16,,,2018-08-17T16:48:10
Seated Cable Row (close Grip),1,6,434.76,2018-08-19,,,2018-08-02T02:02:49
Rear delt fly,2,4,446.11,2016-07-01,,,2016-08-20T08:22:30
Seated Shoulder  Press (Barbell),2,6,249.0,2016-06-22,,,2016-07-27T16:48:52
Seated Cable Row (close Grip),3,15,25.67,2017-06-16,,,2017-05-22T19:49:30
Seated Military Press,2,13,292.56,2018-08-17,,,2018-07-16T08:34:32
Incline Bench Press (Barbell),2,16,9.94,2016-01-12,,,2015-12-08T11:37:26
Incline Press (Dumbbell),3,8,128.78,2017-05-04,,,2017-01-31T21:56:02
Chin Up,3,9,138.99,2017-04-11,,,2017-04-19T15:42:12
Bicep Curl (Barbell),2,9,145.69,2017-01-27,,,2016-11-01T13:30:31
Incline Press (Dumbbell),2,11,11.36,2016-05-01,,,2016-02-02T10:25:30
Neutral Chin,2,13,43.13,2017-07-21,,,2017-07-21T13:54:46
Incline Bench Press (Barbell),3,10,90.04,2015-10-23,,,2015-10-23T22:50:52
Seated Cable Row (close Grip),6,10,84.22,2016-09-24,,,2016-12-20T23:31:24
Chin Up,3,13,68.79,2016-07-26,,,2016-05-08T09:03:50
Hammer seated row (CLOSE GRIP),2,8,113.73,2018-03-20,,,2017-12-19T03:01:52
Weighted dips,3,7,426.39,2015-10-25,,,2015-10-29T21:18:19
Chin Up,5,13,164.83,2016-08-26,,,2016-06-25T16:01:31
Weighted dips,1,8,87.31,2018-08-17,,,2018-07-15T03:38:40
Lat Pulldown,5,11,28.43,2018-07-14,,,2018-05-06T11:59:49
Low Incline Dumbbell Bench,3,6,430.61,2018-08-01,,,2018-06-05T15:38:49
Seated Row,4,7,17.74,2017-04-20,,,2017-04-18T16:59:32
Weighted dips,4,5,69.2,2018-07-09,,,2018-06-16T14:50:47
Incline Press (Dumbbell),2,9,174.88,2016-03-20,,,2016-02-06T10:19:04
Pull Up,4,10,100.27,2015-12-06,,,2015-12-29T19:27:57
Seated Cable Row (close Grip),3,9,385.43,2017-02-05,,,2017-03-01T04:09:39
Incline Bench Press (Barbell),8,12,68.92,2015-11-25,,,2015-11-19T01:44:28
Bicep Curl (Barbell),3,5,334.12,2016-03-29,,,2016-02-23T09:30:45
Face pull,1,9,231.89,2018-09-29,,,2018-09-29T14:35:32
Incline Bench Press (Barbell),4,9,298.36,2016-10-22,,,2016-09-07T12:53:07
Incline Press (Dumbbell),2,8,122.85,2016-04-03,,,2016-02-22T14:23:32
Chin Up,3,7,92.43,2017-02-02,,,2016-12-23T10:51:41
Incline Bench Press (Barbell),4,13,3.64,2016-04-02,,,2016-04-25T22:57:10
Squat (Barbell),2,6,455.79,2017-07-25,,,2017-05-04T07:43:32
Bent Over Row (Dumbbell),2,12,169.16,2015-12-09,,,2015-12-18T14:02:23
Pull Up,1,8,118.52,2018-08-13,,,2018-06-03T09:08:18
Seated Row,3,8,37.74,2018-06-19,,,2018-04-20T20:05:34
Leg press (hinge ),5,8,473.71,2016-12-09,,,2017-02-18T16:32:44
Seated Shoulder  Press (Barbell),2,15,136.2,2015-11-06,,,2015-11-03T23:20:30
Squat (Barbell),6,9,115.01,2015-11-10,,,2015-11-22T19:13:21
Incline Bench Press (Barbell),8,9,22.05,2017-03-04,,,2016-10-26T15:10:15
Seated Shoulder  Press (Barbell),1,7,840.87,2018-07-31,,,2018-07-19T22:31:52
Bicep Curl (Barbell),1,7,3.78,2018-09-28,,,2018-09-24T22:30:22
Leg press,5,11,83.84,2017-09-24,,,2017-07-12T02:42:55
Hammer Row - Wide Grip,1,7,69.78,2018-08-28,,,2018-07-07T00:38:29
Squat (Barbell),2,11,18.14,2018-05-25,,,2018-03-18T16:29:01
Leg curl,1,9,153.91,2015-11-04,,,2015-11-05T05:48:57
Hammer seated row (CLOSE GRIP),4,10,4.99,2017-04-24,,,2016-11-30T13:14:13
Romanian Deadlift (Barbell),1,14,128.3,2018-07-15,,,2018-06-19T02:00:04
Squat (Barbell),2,8,191.46,2016-02-04,,,2016-02-24T13:26:33
Squat (Barbell),1,10,64.49,2018-08-21,,,2018-06-05T22:58:46
Seated Shoulder Press (Dumbbell),3,13,65.56,2016-11-09,,,2016-05-09T19:32:34
Bicep Curl (Barbell),1,8,31.11,2015-11-05,,,2015-11-16T20:31:40
Weighted dips,5,12,38.0,2018-09-07,,,2018-08-09T10:26:23
Incline Bench Press (Barbell),3,5,294.14,2018-03-26,,,2018-04-15T15:07:39
Leg curl,3,10,25.08,2018-09-15,,,2018-09-05T10:47:55
Rear delt fly,5,11,118.72,2018-08-15,,,2018-07-21T12:29:37
Seated Shoulder  Press (Barbell),5,9,35.19,2016-11-17,,,2016-10-05T18:30:41
Seated Shoulder  Press (Barbell),4,10,139.16,2015-10-31,,,2015-11-08T18:50:16
Squat (Barbell),2,10,181.04,2018-02-22,,,2018-01-19T10:51:38
Weighted dips,3,10,109.77,2018-03-27,,,2018-02-28T07:29:20
Bicep Curl (barbell ),2,9,87.05,2017-12-15,,,2017-07-28T04:36:08
Hammer seated row (CLOSE GRIP),4,11,26.73,2017-06-29,,,2017-04-04T15:02:41
Incline Bench Press (Barbell),2,9,453.96,2017-03-02,,,2016-09-10T03:36:14
Chin Up,2,6,473.8,2017-10-31,,,2017-09-04T02:46:18
Deadlift (Barbell),2,10,124.53,2017-03-15,,,2017-01-12T19:41:58
Leg curl,2,6,382.02,2018-09-27,,,2018-09-20T17:48:49
Seated Cable Row (close Grip),2,9,17.25,2018-08-23,,,2018-07-03T01:34:52
Tricep pushdown,4,11,20.27,2018-03-29,,,2017-11-26T18:43:39
Weighted dips,2,12,162.06,2016-05-26,,,2016-04-08T19:22:12
Seated Cable Row (close Grip),3,14,22.45,2018-01-21,,,2017-10-23T17:05:15
Pull Up,1,11,95.01,2016-01-09,,,2015-12-04T12:29:14
Lat Pulldown,3,9,15.66,2016-05-09,,,2016-02-06T20:19:11
high bar squat,2,9,207.33,2016-08-02,,,2016-06-05T00:07:19
Leg press (hinge ),7,8,43.64,2017-04-17,,,2017-01-18T20:08:25
Neutral Chin,4,10,641.87,2018-09-12,,,2018-08-16T21:39:23
Incline Press (Dumbbell),3,8,305.32,2018-03-05,,,2017-12-08T22:03:15
Landmine Press,1,12,96.68,2015-11-11,,,2015-11-13T18:43:07
Leg outward fly,2,11,73.05,2018-02-05,,,2017-09-30T15:58:27
Chin Up,1,7,20.96,2016-11-22,,,2016-09-12T00:42:31
Face pull,3,12,195.57,2016-05-10,,,2016-07-01T17:53:44
Bench Press (Barbell),2,8,263.33,2017-08-21,,,2017-10-20T22:38:06
Good Morning (Barbell),5,8,68.81,2017-08-07,,,2016-12-20T17:18:35
Chin Up,2,10,10.49,2017-01-13,,,2017-02-16T05:34:45
Lat Pulldown,1,13,353.46,2017-12-11,,,2017-04-26T18:42:37
Hack Squat,2,15,13.19,2018-09-19,,,2018-08-24T20:41:51
Chin Up,1,5,48.43,2017-12-08,,,2017-06-11T02:46:11
Seated Shoulder  Press (Barbell),4,5,480.93,2017-07-07,,,2016-12-10T05:44:38
Leg curl,4,6,389.63,2016-04-24,,,2016-04-03T16:47:18
Bicep Curl (Barbell),2,8,140.58,2015-12-15,,,2016-01-10T08:26:31
Incline Press (Dumbbell),2,11,44.04,2018-03-27,,,2018-02-04T04:59:26
Leg press (hinge ),3,15,94.71,2017-10-23,,,2017-08-14T07:18:33
Leg press (hinge ),3,9,197.29,2016-06-22,,,2016-04-19T06:03:32
Leg outward fly,5,13,223.95,2017-04-15,,,2017-06-12T23:50:24
Leg outward fly,2,5,23.79,2017-12-19,,,2017-07-06T21:12:15
Romanian Deadlift (Barbell),3,12,33.6,2016-08-27,,,2016-05-11T17:43:45
Bicep Curl (barbell ),3,11,138.29,2018-07-27,,,2018-06-18T06:13:30
Weighted dips,4,6,240.93,2016-03-23,,,2016-02-13T04:45:02
Seated Shoulder  Press (Barbell),1,8,56.31,2018-04-21,,,2017-11-27T00:05:25
Squat (Barbell),1,9,53.25,2017-06-04,,,2017-02-03T22:53:53
Hammer Curl (Dumbbell ),3,6,34.58,2015-11-07,,,2015-11-12T05:59:22
Hack Squat,1,7,212.57,2018-09-12,,,2018-08-14T15:19:18
Seated Row,6,12,134.1,2018-03-18,,,2017-05-19T12:13:29
Tricep Extension,3,11,81.18,2016-05-28,,,2016-04-28T03:19:56
Leg curl,4,10,156.86,2017-07-05,,,2017-01-10T02:29:55
T-bar Row,2,12,131.05,2018-07-30,,,2018-05-13T20:13:02
Weighted dips,2,8,281.67,2017-01-15,,,2017-02-21T13:05:16
T-bar Row,2,11,855.92,2016-01-29,,,2016-01-12T17:57:00
Leg press (hinge ),2,8,73.6,2017-10-26,,,2017-04-09T03:27:31
Face pull,3,12,129.66,2018-09-22,,,2018-08-17T16:08:47
Overhead Press (Dumbbell),3,12,69.6,2017-07-14,,,2017-05-09T22:00:07
Squat,1,11,214.94,2017-01-26,,,2016-11-25T03:58:07
Chin Up,2,10,36.87,2017-02-03,,,2016-12-12T10:07:49
Lateral Raise (Dumbbells),3,7,99.0,2018-09-19,,,2018-08-30T20:49:12
Chin Up,3,14,4.63,2015-11-13,,,2015-11-18T09:45:32
Hammer Curl (Dumbbell ),5,2,377.28,2017-10-15,,,2017-09-10T11:32:20
Romanian Deadlift (Barbell),2,11,53.44,2016-06-22,,,2016-02-21T02:43:22
Shoulder Press (Standing),2,13,66.51,2018-06-15,,,2018-05-05T11:56:32
Leg press (hinge ),3,5,382.39,2017-04-14,,,2017-03-11T04:21:55
Seated Shoulder  Press (Barbell),2,13,117.98,2015-10-26,,,2015-10-26T23:58:38
Rear delt fly,3,14,15.58,2016-08-07,,,2016-09-02T21:47:18
Hammer Curl (Dumbbell ),4,7,74.31,2018-07-03,,,2018-06-27T07:09:47
Deadlift (Barbell),3,13,344.71,2018-05-10,,,2018-01-25T19:15:16
Hack Squat,2,12,113.12,2016-04-30,,,2016-04-02T16:00:41
Tricep pushdown,2,7,236.52,2018-09-19,,,2018-08-21T21:40:29
Chin Up,2,9,98.79,2016-11-01,,,2016-10-24T20:20:32
Tricep pushdown,4,11,158.85,2016-08-31,,,2016-08-14T06:19:20
Bicep Curl (barbell ),5,15,217.36,2016-02-09,,,2016-02-05T08:14:45
Incline Bench Press (Barbell),4,9,42.03,2016-03-21,,,2016-03-18T01:28:26
Hammer seated row (CLOSE GRIP),2,10,76.39,2018-09-05,,,2018-07-25T07:17:07
Lateral Raise (Dumbbells),2,11,279.89,2016-04-25,,,2016-05-10T06:03:10
Bicep Curl (Barbell),2,11,146.39,2017-10-10,,,2017-04-27T12:52:29
Deadlift (Barbell),2,6,347.92,2018-05-15,,,2017-10-20T11:19:41
Incline Bench Press (Barbell),6,10,117.03,2015-11-08,,,2015-11-04T10:41:38
Lateral Raise (Dumbbells),3,7,701.81,2015-11-23,,,2015-12-04T03:23:56
Hammer seated row (CLOSE GRIP),2,8,45.66,2017-06-02,,,2016-10-22T04:30:35
Seated Shoulder  Press (Barbell),3,10,64.24,2018-09-09,,,2018-06-29T03:57:57
Squat (Barbell),3,7,98.32,2018-06-01,,,2018-04-01T15:36:39
Chin Up,2,3,176.87,2018-02-07,,,2017-09-01T08:30:11
Chin Up,3,6,199.08,2016-05-18,,,2016-07-19T00:36:57
Chin Up,3,8,47.4,2017-12-03,,,2017-11-02T17:36:03
Squat (Barbell),3,12,6.44,2016-05-05,,,2016-04-10T03:36:44
Lateral Raise (Dumbbells),4,12,102.13,2017-12-25,,,2017-07-06T18:26:23
Squat (Barbell),1,8,186.12,2017-01-29,,,2016-10-19T01:49:49
Incline Bench Press (Barbell),4,7,126.71,2016-07-18,,,2016-05-29T05:30:42
Seated Cable Row (close Grip),3,8,53.91,2018-09-24,,,2018-09-16T01:24:21
Low Incline Dumbbell Bench,3,11,47.06,2016-11-28,,,2016-10-04T20:58:31
Squat,2,8,22.16,2015-12-15,,,2016-01-10T17:17:31
Rear delt fly,5,15,4.96,2015-11-07,,,2015-11-10T05:24:23
Hammer seated row (CLOSE GRIP),3,10,95.01,2015-11-23,,,2015-12-02T20:05:50
Rear delt fly,3,6,231.27,2018-08-07,,,2018-04-25T01:43:57
Lat Pulldown,2,13,37.01,2016-06-17,,,2016-06-15T02:11:29
Bicep Curl (Dumbbell),1,9,338.82,2017-06-17,,,2017-05-30T09:33:00
Seated Row,1,10,46.27,2017-05-23,,,2016-10-09T14:09:59
Incline Press (Dumbbell),1,9,107.81,2018-03-09,,,2018-03-23T18:12:19
Hammer Row - Wide Grip,5,10,43.67,2017-03-02,,,2016-09-23T05:44:13
Bicep Curl (Barbell),6,11,3.81,2018-02-16,,,2018-01-27T09:46:54
Neutral Chin,1,5,278.69,2018-04-30,,,2018-04-04T13:06:26
Hammer Row - Wide Grip,3,9,98.59,2018-07-30,,,2018-06-08T22:34:30
Incline Bench Press (Barbell),2,8,168.27,2018-07-18,,,2018-05-06T18:17:28
Low Incline Dumbbell Bench,1,9,24.12,2016-02-01,,,2016-02-16T11:20:14
Seated Shoulder  Press (Barbell),2,8,90.19,2018-06-11,,,2018-06-10T02:41:56
Overhead Press (Barbell),1,10,99.98,2018-07-24,,,2018-03-19T20:23:34
Seated Cable Row (close Grip),3,14,31.91,2018-02-17,,,2018-02-18T14:54:20
Hammer Row - Wide Grip,2,12,12.93,2018-09-27,,,2018-09-25T07:29:26
Lateral Raise (Dumbbells),2,8,40.34,2016-07-05,,,2016-04-01T07:56:19
Seated Row,2,11,100.81,2018-09-25,,,2018-09-17T21:12:42
Seated Cable Row (close Grip),5,11,102.91,2017-04-11,,,2017-02-27T14:19:05
close grip Bench,2,12,137.55,2018-08-18,,,2018-08-03T00:21:59
Leg press (hinge ),3,7,384.48,2016-02-16,,,2016-02-08T18:09:02
Lat Pulldown,3,8,66.65,2017-07-17,,,2017-02-14T18:25:17
Incline Bench Press (Barbell),2,6,195.81,2018-03-25,,,2017-11-03T07:32:14
Leg press (hinge ),2,5,189.03,2016-03-13,,,2016-05-29T13:02:20
sumo deadlift,2,13,290.63,2017-03-09,,,2016-08-25T07:08:20
Hammer seated row (CLOSE GRIP),2,12,183.3,2018-06-20,,,2017-12-14T22:39:57
Chin Up,2,10,43.34,2017-06-11,,,2017-01-21T08:47:32
Squat (Barbell),1,7,62.99,2015-10-27,,,2015-10-29T10:30:01
Lateral Raise (Dumbbells),1,8,173.67,2016-10-23,,,2016-11-23T03:30:09
Incline Bench Press (Barbell),3,9,18.75,2018-04-27,,,2018-04-16T22:13:08
Low Incline Dumbbell Bench,3,16,95.28,2018-07-27,,,2018-06-01T01:45:16
Rear delt fly,2,9,201.9,2018-09-23,,,2018-09-17T09:04:59
Bicep Curl (Barbell),2,6,8.71,2018-03-21,,,2017-12-02T02:49:37
Hammer seated row (CLOSE GRIP),1,8,7.88,2018-02-26,,,2017-09-11T03:44:18
Weighted dips,2,9,14.04,2017-02-22,,,2016-10-16T04:53:27
Chin Up,3,6,95.0,2018-06-07,,,2018-04-15T13:37:31
Bicep Curl (barbell ),2,11,285.89,2016-12-04,,,2016-12-12T09:51:02
Bicep Curl (Barbell),2,14,3.96,2018-02-07,,,2017-09-06T19:05:07
Shoulder Press (Standing),3,9,154.72,2018-06-28,,,2018-06-07T20:25:02
close grip Bench,2,11,322.16,2018-03-08,,,2017-11-02T06:56:00
Chin Up,3,8,35.04,2016-01-24,,,2016-02-11T02:39:58
Incline Bench Press (Barbell),3,9,157.51,2016-01-23,,,2016-01-05T23:55:24
Chin Up,3,8,26.28,2018-09-04,,,2018-06-30T12:50:51
Squat (Barbell),1,6,213.06,2018-09-27,,,2018-09-24T03:53:14
high bar squat,1,9,170.41,2018-07-06,,,2018-04-23T00:21:11
Incline Bench Press (Barbell),4,8,81.64,2016-09-21,,,2016-11-14T23:30:46
Good Morning (Barbell),3,6,126.27,2017-03-27,,,2017-03-08T20:54:41
Seated Military Press,2,7,159.56,2015-11-17,,,2015-11-14T11:16:39
Deadlift (Barbell),4,13,65.76,2016-02-01,,,2015-12-14T12:11:20
Leg press (hinge ),1,7,398.65,2015-12-17,,,2016-01-05T16:54:01
Leg press (hinge ),3,8,91.58,2016-09-30,,,2016-06-04T17:34:58
Hammer Row - Wide Grip,1,7,40.43,2018-09-12,,,2018-09-03T02:14:24
Bicep Curl (Barbell),4,14,117.56,2018-03-18,,,2017-09-18T15:07:19
Bicep Curl (Barbell),4,14,20.01,2016-09-23,,,2016-06-15T23:00:29
Incline Bench Press (Barbell),2,5,387.58,2016-01-26,,,2015-12-31T15:31:47
Seated Shoulder  Press (Barbell),1,11,198.68,2016-12-26,,,2016-09-30T12:31:31
Weighted dips,2,13,39.15,2018-06-06,,,2018-01-08T23:43:08
Squat (Barbell),2,5,54.29,2018-09-29,,,2018-09-29T12:16:04
Bicep Curl (Barbell),2,9,46.72,2018-08-19,,,2018-06-29T21:02:54
Bicep Curl (Barbell),4,17,125.69,2018-06-08,,,2018-04-15T12:55:50
Bicep Curl (Barbell),3,10,497.0,2017-10-11,,,2017-08-09T06:28:06
Leg press (hinge ),1,8,372.17,2016-06-30,,,2016-05-30T19:20:01
Seated Row,1,7,12.54,2018-09-10,,,2018-09-01T02:14:09
Lat Pulldown,5,9,211.71,2015-11-21,,,2015-11-14T16:48:52
Bicep Curl (Barbell),1,14,63.08,2017-02-03,,,2016-11-14T09:50:51
Bench Press (Barbell),3,16,307.14,2017-06-03,,,2017-02-03T06:16:34
Hammer Curl (Dumbbell ),2,9,165.21,2017-05-15,,,2016-12-29T09:31:46
Incline Bench Press (Barbell),2,8,64.33,2016-03-17,,,2016-04-28T20:37:29
Chin Up,5,13,115.51,2017-02-12,,,2016-10-02T22:44:01
Rear delt fly,6,13,91.11,2018-09-29,,,2018-09-28T11:03:48
Chin Up,4,6,68.85,2017-11-12,,,2017-05-10T23:19:51
Incline Bench Press (Barbell),3,6,12.51,2017-04-08,,,2017-02-20T03:56:39
Curl Dumbbell,2,7,4.37,2018-09-29,,,2018-09-29T14:35:32
Weighted dips,1,8,198.74,2016-05-09,,,2016-06-01T04:54:10
Incline Press (Dumbbell),2,11,301.41,2017-06-18,,,2017-01-04T03:06:29
Incline Bench Press (Barbell),2,6,313.04,2017-01-24,,,2017-01-18T01:31:03
Hammer seated row (CLOSE GRIP),7,11,36.42,2016-02-14,,,2016-02-07T00:51:54
Weighted dips,7,19,129.08,2016-06-06,,,2016-04-08T21:50:20
Weighted dips,3,13,22.95,2016-08-26,,,2016-07-24T19:45:52
Cable Fly,3,10,144.17,2018-09-15,,,2018-08-07T05:31:23
Hammer seated row (CLOSE GRIP),3,8,22.57,2018-08-30,,,2018-06-23T23:25:58
Squat (Barbell),3,4,583.66,2016-08-09,,,2016-05-31T06:41:24
Hammer seated row (CLOSE GRIP),2,9,175.35,2018-09-22,,,2018-09-02T06:34:58
Incline Press (Dumbbell),3,10,24.73,2016-04-24,,,2016-06-13T12:28:26
Leg curl,2,6,179.76,2016-04-28,,,2016-02-20T05:40:16
Hammer seated row (CLOSE GRIP),2,13,25.81,2018-07-25,,,2018-05-13T23:26:04
Seated Shoulder  Press (Barbell),3,9,14.99,2016-07-13,,,2016-05-13T17:28:12
Seated Row,2,6,572.31,2017-05-02,,,2016-09-26T12:57:59
Incline Bench Press (Barbell),4,7,96.51,2017-05-25,,,2017-07-19T12:53:38
Deadlift (Barbell),1,13,2.87,2017-10-07,,,2017-07-19T07:51:19
Lateral Raise,2,8,166.15,2018-07-27,,,2018-05-29T16:33:05
Lateral Raise (Dumbbells),2,7,30.84,2015-11-05,,,2015-11-07T08:39:45
Lateral Raise (Dumbbells),1,10,44.3,2017-05-03,,,2017-07-16T18:43:35
Romanian Deadlift (Barbell),1,11,166.78,2016-12-02,,,2016-09-27T14:25:24
Seated Shoulder Press (Dumbbell),3,13,39.16,2018-09-05,,,2018-07-12T16:28:34
Deadlift,2,9,296.39,2015-12-30,,,2015-12-12T14:50:05
Romanian Deadlift (Barbell),1,9,99.79,2018-09-03,,,2018-07-13T23:45:46
Incline Press (Dumbbell),3,13,214.27,2017-09-24,,,2017-08-09T12:26:04
Hammer seated row (CLOSE GRIP),4,15,89.6,2017-07-19,,,2017-05-06T10:43:51
Bent Over Row (Dumbbell),5,13,20.47,2016-05-13,,,2016-05-06T08:56:58
Hammer Curl (Dumbbell ),1,8,54.29,2016-12-25,,,2016-10-26T11:23:16
Skullcrusher (Barbell),1,5,158.13,2018-04-21,,,2018-04-06T08:33:22
Lat Pulldown,2,9,247.27,2017-12-12,,,2017-09-16T19:25:35
Face pull,5,5,135.57,2018-09-26,,,2018-09-23T00:36:48
Chin Up,2,9,125.58,2018-09-21,,,2018-09-13T21:04:30
Hammer Row - Wide Grip,2,14,82.88,2018-02-20,,,2017-11-07T23:47:06
Leg outward fly,1,9,96.73,2016-05-25,,,2016-06-13T08:05:39
Lateral Raise,1,14,17.09,2018-08-06,,,2018-06-11T18:55:13
Lat Pulldown,1,8,109.46,2018-09-16,,,2018-08-24T19:10:03
Leg curl,2,10,29.76,2016-12-18,,,2016-09-07T00:55:05
Lat Pulldown,5,9,57.21,2015-12-11,,,2015-12-03T17:43:21
Squat (Barbell),2,7,322.77,2015-10-28,,,2015-11-07T21:39:51
Leg press (hinge ),4,13,26.58,2017-06-25,,,2017-01-07T12:51:08
Squat (Barbell),3,10,134.81,2018-09-23,,,2018-09-16T04:47:09
Face pull,2,7,46.26,2018-05-28,,,2018-03-13T05:20:02
Hack Squat,3,8,117.0,2017-12-25,,,2017-07-20T20:49:34
Leg press (hinge ),1,4,238.18,2017-06-22,,,2016-11-08T23:41:24
Bicep Curl (barbell ),2,10,86.99,2018-03-06,,,2018-04-09T00:11:52
Seated Shoulder  Press (Barbell),5,8,279.73,2017-08-17,,,2017-06-01T05:26:21
Lat Pulldown,4,6,82.87,2017-05-04,,,2016-11-13T06:00:59
Weighted dips,3,6,249.81,2018-08-25,,,2018-06-24T17:50:21
Chin Up,3,4,270.8,2018-08-01,,,2018-05-25T11:29:04
Lat Pulldown,3,8,137.23,2016-05-02,,,2016-04-20T09:18:55
Lat Pulldown,3,9,159.98,2017-08-31,,,2017-06-17T14:24:46
Hammer seated row (CLOSE GRIP),2,10,670.71,2018-06-11,,,2018-05-30T14:22:27
Romanian Deadlift (Barbell),2,8,444.28,2018-08-17,,,2018-06-26T09:02:25
Weighted dips,4,10,158.88,2016-02-22,,,2016-01-15T22:44:37
Seated Shoulder  Press (Barbell),1,11,92.47,2018-03-28,,,2018-01-01T18:33:31
Leg outward fly,3,12,0.69,2016-12-18,,,2016-09-29T17:23:27
Lat Pulldown,2,9,323.63,2017-01-15,,,2017-01-03T14:27:33
kettlebell Swings,3,11,214.04,2018-08-20,,,2018-08-04T08:43:02
Shrugs,2,15,120.21,2017-12-20,,,2017-10-06T22:55:43
Deadlift - Trap Bar,3,9,151.42,2018-09-18,,,2018-08-25T10:49:37
Curl Dumbbell,1,9,619.29,2018-09-07,,,2018-08-19T07:36:42
Weighted dips,2,10,30.33,2018-09-29,,,2018-09-29T14:35:32
Weighted dips,2,5,343.87,2016-07-05,,,2016-06-15T22:50:39
T-bar Row,2,7,107.38,2017-11-07,,,2017-12-05T04:41:57
Deadlift (Barbell),4,6,188.56,2018-08-06,,,2018-05-21T03:20:21
Deadlift (Barbell),3,6,42.62,2018-05-22,,,2018-05-01T00:09:59
Seated Shoulder  Press (Barbell),4,9,274.5,2018-08-17,,,2018-03-11T01:17:22
Incline Bench Press (Barbell),7,7,156.05,2015-11-06,,,2015-10-30T12:28:46
Chin Up,3,8,66.53,2015-10-26,,,2015-10-28T06:32:05
Squat (Barbell),3,10,159.24,2018-05-03,,,2018-03-10T10:35:22
Deadlift (Barbell),4,13,98.75,2017-04-20,,,2017-02-23T18:02:01
Neutral Chin,2,8,174.89,2018-07-27,,,2018-06-09T13:09:24
Rear delt fly,2,8,24.96,2018-02-16,,,2017-11-25T01:05:47
Leg curl,2,10,317.64,2016-03-17,,,2016-01-03T16:17:08
Leg outward fly,3,11,145.57,2017-07-15,,,2016-12-06T12:44:18
Chin Up,1,11,189.24,2017-11-27,,,2017-07-18T08:50:52
Hammer Curl (Dumbbell ),5,4,511.28,2017-06-29,,,2017-01-05T12:58:37
Seated Shoulder  Press (Barbell),3,14,110.85,2017-01-02,,,2016-12-17T21:53:37
Bent Over Row (Dumbbell),1,6,376.18,2018-08-09,,,2018-07-16T11:33:00
Bent Over Row (Dumbbell),5,9,18.13,2016-12-02,,,2016-10-01T20:10:53
Bicep Curl (barbell ),5,12,120.61,2016-04-10,,,2016-04-20T19:27:27
Hammer Row - Wide Grip,3,14,86.76,2018-06-22,,,2018-02-10T17:25:07
Pull Up,2,10,105.88,2017-08-10,,,2017-03-23T12:11:54
Romanian Deadlift (Barbell),2,5,418.22,2016-08-18,,,2016-07-22T17:05:24
Bicep Curl (barbell ),4,7,262.65,2017-11-26,,,2017-07-18T09:11:11
Pull Up,2,6,117.92,2018-06-19,,,2018-05-04T18:56:19
Lateral Raise (Dumbbells),4,12,142.69,2015-10-30,,,2015-11-01T17:06:41
Squat (Barbell),6,9,5.97,2017-05-11,,,2017-03-13T07:59:07
Bent Over Row (Dumbbell),4,9,237.11,2018-04-07,,,2017-10-26T02:22:42
T-bar Row,2,11,28.25,2017-02-20,,,2016-08-24T01:21:23
Romanian Deadlift (Barbell),3,11,25.27,2018-04-15,,,2018-03-29T10:54:07
Tricep pushdown,2,8,211.53,2016-05-31,,,2016-02-27T05:55:51
Incline Bench Press (Barbell),3,9,86.46,2017-02-05,,,2017-04-07T18:44:22
Seated Shoulder  Press (Barbell),2,10,298.08,2016-03-03,,,2016-01-28T15:06:26
Squat (Barbell),3,8,834.89,2018-09-20,,,2018-09-02T05:47:15
Weighted dips,4,6,365.76,2017-02-09,,,2016-12-27T22:25:58
Lat Pulldown,2,10,157.63,2015-12-31,,,2015-11-30T21:30:48
Chin Up,2,12,292.44,2018-09-29,,,2018-09-29T14:35:32
Incline Bench Press (Barbell),3,10,278.69,2017-05-09,,,2016-11-02T08:03:59
Seated Military Press,3,4,678.42,2018-09-06,,,2018-08-01T00:37:46
Chin Up,1,5,10.59,2016-07-06,,,2016-08-01T23:04:36
Hammer shoulder press,1,7,197.46,2017-12-26,,,2018-02-04T12:41:13
Squat (Barbell),5,7,122.14,2015-12-23,,,2015-12-15T18:54:48
Hammer lat pulldown,2,10,52.17,2017-07-07,,,2017-04-14T05:17:52
Squat (Barbell),3,8,99.25,2016-02-14,,,2016-03-07T23:53:56
Weighted dips,2,6,148.22,2016-03-30,,,2016-01-18T08:16:15
Overhead Press (Barbell),2,6,212.28,2017-04-22,,,2017-07-13T03:28:54
Tricep pushdown,2,10,66.97,2018-05-26,,,2018-01-24T16:51:18
Weighted dips,3,4,437.0,2018-06-03,,,2018-02-24T19:31:27
Incline Press (Dumbbell),2,7,156.77,2016-01-27,,,2016-01-02T11:52:40
Leg press (hinge ),2,4,43.94,2018-05-23,,,2018-01-11T20:33:25
Seated Cable Row (close Grip),3,6,345.46,2015-12-23,,,2016-01-03T17:08:21
Chin Up,3,7,148.88,2016-02-13,,,2016-02-05T18:41:18
Squat (Barbell),2,10,257.77,2017-02-25,,,2016-10-28T20:51:23
Weighted dips,2,7,252.88,2017-03-16,,,2017-01-27T08:57:27
Good Morning (Barbell),2,7,266.24,2017-01-12,,,2017-02-14T09:00:47
Overhead Press (Barbell),2,6,600.75,2018-03-26,,,2017-11-01T14:29:20
Glute extension.,2,6,808.22,2016-12-31,,,2016-11-08T15:33:44
Incline Bench Press (Barbell),4,4,281.76,2015-12-19,,,2016-01-18T02:19:54
Shrugs (dumbbell),2,11,409.63,2018-08-19,,,2018-06-24T23:20:21
Tricep Extension,3,12,4.37,2018-08-11,,,2018-03-11T18:25:39
Hammer seated row (CLOSE GRIP),5,12,229.58,2017-01-17,,,2016-10-11T17:36:37
Neutral Chin,1,11,45.3,2015-11-16,,,2015-12-19T20:02:37
Seated Shoulder  Press (Barbell),2,5,362.07,2018-09-29,,,2018-09-29T14:35:32
Leg outward fly,1,12,152.4,2016-11-12,,,2016-10-23T15:40:36
Bench Press (Barbell),2,15,63.5,2016-07-16,,,2016-05-15T11:02:29
T-bar Row,3,12,7.0,2017-08-08,,,2017-07-30T07:38:26
Bicep Curl (Barbell),2,5,402.88,2016-06-27,,,2016-06-01T22:36:00
Rear delt fly,2,7,609.69,2018-06-06,,,2018-03-03T19:43:00
Bench Press (Barbell),3,11,88.01,2018-07-16,,,2018-06-03T19:02:00
Romanian Deadlift (Barbell),2,13,84.63,2018-01-17,,,2017-11-11T00:54:02
Squat,3,14,54.94,2016-04-08,,,2016-05-28T06:27:45
Seated Row,2,8,571.61,2018-03-28,,,2018-01-01T17:55:24
Overhead Press (Dumbbell),3,8,124.92,2018-09-29,,,2018-09-29T14:35:32
Weighted dips,3,10,85.88,2018-05-11,,,2018-03-18T23:52:23
Chin Up,1,9,78.89,2017-07-10,,,2016-11-17T05:19:22
