exercise,sets,reps,weight,date,rpe,rir,logged_at,actual_next_weight
Incline Bench Press,3,8,230.0,2015-10-23,,,2015-10-23T17:06:37,230.0
Incline Bench Press (Barbell),3,8,230.0,2015-10-23,,,2015-10-23T17:06:37,230.0
Weighted dips,6,8,315.0,2015-10-23,,,2015-10-23T17:06:37,220.0
Good Morning,2,8,115.0,2015-10-23,,,2015-10-23T22:01:34,95.0
Good Morning (Barbell),2,8,115.0,2015-10-23,,,2015-10-23T22:01:34,95.0
Leg press,3,10,430.0,2015-10-23,,,2015-10-23T22:01:34,360.0
Leg press (hinge ),3,10,430.0,2015-10-23,,,2015-10-23T22:01:34,360.0
Squat,3,6,315.0,2015-10-23,,,2015-10-23T22:01:34,295.0
Squat (Barbell),3,6,315.0,2015-10-23,,,2015-10-23T22:01:34,295.0
Chin Up,6,8,47.5,2015-10-24,,,2015-10-24T10:19:52,50.0
Lat Pulldown,4,10,150.0,2015-10-24,,,2015-10-24T10:19:52,155.0
Rear delt fly,6,12,120.0,2015-10-24,,,2015-10-24T10:19:52,115.0
Seated Cable Row (close Grip),4,8,130.0,2015-10-24,,,2015-10-24T10:19:52,175.0
Seated Row,4,8,130.0,2015-10-24,,,2015-10-24T10:19:52,175.0
Incline Bench Press,3,8,230.0,2015-10-30,,,2015-10-30T13:07:09,230.0
Incline Bench Press (Barbell),3,8,230.0,2015-10-30,,,2015-10-30T13:07:09,230.0
Weighted dips,6,8,220.0,2015-10-30,,,2015-10-30T13:07:09,0.0
Chin Up,6,8,50.0,2015-10-30,,,2015-10-30T17:47:44,50.0
Hammer Curl,1,8,80.0,2015-10-30,,,2015-10-30T17:47:44,80.0
Hammer Curl (Dumbbell ),1,8,80.0,2015-10-30,,,2015-10-30T17:47:44,80.0
Rear delt fly,6,10,115.0,2015-10-30,,,2015-10-30T17:47:44,115.0
Seated Cable Row (close Grip),3,10,175.0,2015-10-30,,,2015-10-30T17:47:44,160.0
Seated Row,3,10,175.0,2015-10-30,,,2015-10-30T17:47:44,160.0
Glute extension.,4,10,175.0,2015-11-01,,,2015-11-01T11:23:25,130.0
Squat,2,8,295.0,2015-11-01,,,2015-11-01T11:23:25,275.0
Squat (Barbell),2,8,295.0,2015-11-01,,,2015-11-01T11:23:25,275.0
Incline Bench Press,3,8,230.0,2015-11-04,,,2015-11-04T19:21:19,230.0
Incline Bench Press (Barbell),3,8,230.0,2015-11-04,,,2015-11-04T19:21:19,230.0
Seated Military Press,2,8,155.0,2015-11-04,,,2015-11-04T19:21:19,165.0
Seated Shoulder  Press (Barbell),2,8,155.0,2015-11-04,,,2015-11-04T19:21:19,165.0
Weighted dips,4,11,0.0,2015-11-04,,,2015-11-04T19:21:19,0.0
Chin Up,6,8,50.0,2015-11-06,,,2015-11-06T16:48:14,52.5
Lat Pulldown,4,12,155.0,2015-11-06,,,2015-11-06T16:48:14,150.0
Rear delt fly,8,14,115.0,2015-11-06,,,2015-11-06T16:48:14,120.0
Seated Cable Row (close Grip),2,8,160.0,2015-11-06,,,2015-11-06T16:48:14,190.0
Seated Row,2,8,160.0,2015-11-06,,,2015-11-06T16:48:14,190.0
Incline Bench Press,2,8,230.0,2015-11-08,,,2015-11-08T12:37:21,232.5
Incline Bench Press (Barbell),2,8,230.0,2015-11-08,,,2015-11-08T12:37:21,232.5
Seated Military Press,3,10,165.0,2015-11-08,,,2015-11-08T12:37:21,135.0
Seated Shoulder  Press (Barbell),3,10,165.0,2015-11-08,,,2015-11-08T12:37:21,135.0
Weighted dips,4,12,0.0,2015-11-08,,,2015-11-08T12:37:21,90.0
Glute extension.,4,10,130.0,2015-11-08,,,2015-11-08T17:45:26,130.0
Leg outward fly,6,15,100.0,2015-11-08,,,2015-11-08T17:45:26,110.0
Leg press,3,10,360.0,2015-11-08,,,2015-11-08T17:45:26,450.0
Leg press (hinge ),3,10,360.0,2015-11-08,,,2015-11-08T17:45:26,450.0
Squat,2,8,275.0,2015-11-08,,,2015-11-08T17:45:26,185.0
Squat (Barbell),2,8,275.0,2015-11-08,,,2015-11-08T17:45:26,185.0
Chin Up,6,8,52.5,2015-11-10,,,2015-11-10T17:10:12,52.5
Hammer Curl,2,15,80.0,2015-11-10,,,2015-11-10T17:10:12,80.0
Hammer Curl (Dumbbell ),2,15,80.0,2015-11-10,,,2015-11-10T17:10:12,80.0
Rear delt fly,4,12,120.0,2015-11-10,,,2015-11-10T17:10:12,115.0
Seated Cable Row (close Grip),2,10,190.0,2015-11-10,,,2015-11-10T17:10:12,130.0
Seated Row,2,10,190.0,2015-11-10,,,2015-11-10T17:10:12,130.0
Lateral Raise,2,14,40.0,2015-11-12,,,2015-11-12T18:24:01,50.0
Lateral Raise (Dumbbells),2,14,40.0,2015-11-12,,,2015-11-12T18:24:01,50.0
Seated Military Press (Dumbbell),3,10,180.0,2015-11-12,,,2015-11-12T18:24:01,180.0
Seated Shoulder Press (Dumbbell),3,10,180.0,2015-11-12,,,2015-11-12T18:24:01,180.0
Weighted dips,6,10,90.0,2015-11-12,,,2015-11-12T18:24:01,50.0
Leg press,3,12,450.0,2015-11-15,,,2015-11-15T11:30:55,500.01
Leg press (hinge ),3,12,450.0,2015-11-15,,,2015-11-15T11:30:55,500.01
Squat,2,7,185.0,2015-11-15,,,2015-11-15T11:30:55,225.0
Squat (Barbell),2,7,185.0,2015-11-15,,,2015-11-15T11:30:55,225.0
Bicep Curl (Barbell),2,14,70.0,2015-11-16,,,2015-11-16T18:10:32,80.0
Bicep Curl (barbell ),2,14,70.0,2015-11-16,,,2015-11-16T18:10:32,80.0
Chin Up,6,9,52.5,2015-11-16,,,2015-11-16T18:10:32,0.0
Seated Cable Row (close Grip),3,10,130.0,2015-11-16,,,2015-11-16T18:10:32,160.0
Seated Row,3,10,130.0,2015-11-16,,,2015-11-16T18:10:32,160.0
T-bar Row,4,10,100.0,2015-11-16,,,2015-11-16T18:10:32,115.0
Incline Bench Press,2,8,232.5,2015-11-18,,,2015-11-18T17:33:57,138.0
Incline Bench Press (Barbell),2,8,232.5,2015-11-18,,,2015-11-18T17:33:57,138.0
Incline Press (Dumbbell),2,11,120.0,2015-11-18,,,2015-11-18T17:33:57,150.0
Lateral Raise,3,12,50.0,2015-11-18,,,2015-11-18T17:33:57,50.0
Lateral Raise (Dumbbells),3,12,50.0,2015-11-18,,,2015-11-18T17:33:57,50.0
Tricep pushdown,4,15,70.0,2015-11-18,,,2015-11-18T17:33:57,80.0
Weighted dips,4,12,50.0,2015-11-18,,,2015-11-18T17:33:57,90.0
Bicep Curl (Barbell),3,12,80.0,2015-11-21,,,2015-11-21T18:32:29,80.0
Bicep Curl (barbell ),3,12,80.0,2015-11-21,,,2015-11-21T18:32:29,80.0
Chin Up,8,12,0.0,2015-11-21,,,2015-11-21T18:32:29,52.5
Rear delt fly,6,15,115.0,2015-11-21,,,2015-11-21T18:32:29,120.0
Seated Cable Row (close Grip),3,12,160.0,2015-11-21,,,2015-11-21T18:32:29,185.0
Seated Row,3,12,160.0,2015-11-21,,,2015-11-21T18:32:29,185.0
Incline Bench Press,1,10,138.0,2015-11-24,,,2015-11-24T16:45:06,230.0
Incline Bench Press (Barbell),1,10,138.0,2015-11-24,,,2015-11-24T16:45:06,230.0
Seated Military Press,2,11,135.0,2015-11-24,,,2015-11-24T16:45:06,155.0
Seated Military Press (Dumbbell),3,12,180.0,2015-11-24,,,2015-11-24T16:45:06,120.0
Seated Shoulder  Press (Barbell),2,11,135.0,2015-11-24,,,2015-11-24T16:45:06,155.0
Seated Shoulder Press (Dumbbell),3,12,180.0,2015-11-24,,,2015-11-24T16:45:06,120.0
Weighted dips,6,10,90.0,2015-11-24,,,2015-11-24T16:45:06,0.0
Squat,3,8,225.0,2015-11-25,,,2015-11-25T18:53:35,225.0
Squat (Barbell),3,8,225.0,2015-11-25,,,2015-11-25T18:53:35,225.0
Chin Up,6,8,52.5,2015-11-26,,,2015-11-26T11:43:16,25.0
Lat Pulldown,2,10,150.0,2015-11-26,,,2015-11-26T11:43:16,145.0
Rear delt fly,4,10,120.0,2015-11-26,,,2015-11-26T11:43:16,125.0
Seated Cable Row (close Grip),5,10,185.0,2015-11-26,,,2015-11-26T11:43:16,175.0
Seated Row,5,10,185.0,2015-11-26,,,2015-11-26T11:43:16,175.0
Incline Bench Press,2,8,230.0,2015-11-28,,,2015-11-28T16:28:30,235.0
Incline Bench Press (Barbell),2,8,230.0,2015-11-28,,,2015-11-28T16:28:30,235.0
Lateral Raise,3,12,50.0,2015-11-28,,,2015-11-28T16:28:30,50.0
Lateral Raise (Dumbbells),3,12,50.0,2015-11-28,,,2015-11-28T16:28:30,50.0
Tricep Extension,4,10,75.0,2015-11-28,,,2015-11-28T16:28:30,80.0
Weighted dips,8,12,0.0,2015-11-28,,,2015-11-28T16:28:30,0.0
Bicep Curl (Barbell),2,12,80.0,2015-11-30,,,2015-11-30T14:23:13,80.0
Bicep Curl (barbell ),2,12,80.0,2015-11-30,,,2015-11-30T14:23:13,80.0
Chin Up,8,12,25.0,2015-11-30,,,2015-11-30T14:23:13,0.0
Rear delt fly,6,13,125.0,2015-11-30,,,2015-11-30T14:23:13,115.0
Seated Cable Row (close Grip),3,10,175.0,2015-11-30,,,2015-11-30T14:23:13,175.0
Seated Row,3,10,175.0,2015-11-30,,,2015-11-30T14:23:13,175.0
Incline Bench Press,3,8,235.0,2015-12-02,,,2015-12-02T17:13:03,135.0
Incline Bench Press (Barbell),3,8,235.0,2015-12-02,,,2015-12-02T17:13:03,135.0
Lateral Raise,2,10,50.0,2015-12-02,,,2015-12-02T17:13:03,50.0
Lateral Raise (Dumbbells),2,10,50.0,2015-12-02,,,2015-12-02T17:13:03,50.0
Weighted dips,6,10,0.0,2015-12-02,,,2015-12-02T17:13:03,25.0
Squat,2,8,225.0,2015-12-02,,,2015-12-02T17:35:51,315.0
Squat (Barbell),2,8,225.0,2015-12-02,,,2015-12-02T17:35:51,315.0
Bent Over Row (Dumbbell),6,12,150.0,2015-12-04,,,2015-12-04T14:01:58,180.0
Bicep Curl (Barbell),3,12,80.0,2015-12-04,,,2015-12-04T14:01:58,80.0
Bicep Curl (barbell ),3,12,80.0,2015-12-04,,,2015-12-04T14:01:58,80.0
Chin Up,8,12,0.0,2015-12-04,,,2015-12-04T14:01:58,50.0
Lat Pulldown,2,9,145.0,2015-12-04,,,2015-12-04T14:01:58,150.0
Rear delt fly,6,14,115.0,2015-12-04,,,2015-12-04T14:01:58,125.0
Incline Bench Press,3,8,135.0,2015-12-06,,,2015-12-06T10:53:19,237.5
Incline Bench Press (Barbell),3,8,135.0,2015-12-06,,,2015-12-06T10:53:19,237.5
Seated Military Press,2,10,155.0,2015-12-06,,,2015-12-06T10:53:19,215.0
Seated Shoulder  Press (Barbell),2,10,155.0,2015-12-06,,,2015-12-06T10:53:19,215.0
Weighted dips,2,10,25.0,2015-12-06,,,2015-12-06T10:53:19,95.0
Good Morning,3,10,95.0,2015-12-07,,,2015-12-07T19:37:54,85.0
Good Morning (Barbell),3,10,95.0,2015-12-07,,,2015-12-07T19:37:54,85.0
Leg press,3,10,500.01,2015-12-07,,,2015-12-07T19:37:54,450.0
Leg press (hinge ),3,10,500.01,2015-12-07,,,2015-12-07T19:37:54,450.0
Squat,4,6,315.0,2015-12-07,,,2015-12-07T19:37:54,315.0
Squat (Barbell),4,6,315.0,2015-12-07,,,2015-12-07T19:37:54,315.0
Bicep Curl (Barbell),2,12,80.0,2015-12-09,,,2015-12-09T12:44:47,90.0
Bicep Curl (barbell ),2,12,80.0,2015-12-09,,,2015-12-09T12:44:47,90.0
Chin Up,6,8,50.0,2015-12-09,,,2015-12-09T12:44:47,52.5
Lat Pulldown,6,10,150.0,2015-12-09,,,2015-12-09T12:44:47,150.0
Rear delt fly,6,12,125.0,2015-12-09,,,2015-12-09T12:44:47,125.0
Seated Cable Row (close Grip),2,10,175.0,2015-12-09,,,2015-12-09T12:44:47,190.0
Seated Row,2,10,175.0,2015-12-09,,,2015-12-09T12:44:47,190.0
Incline Bench Press,3,8,237.5,2015-12-11,,,2015-12-11T16:21:05,237.5
Incline Bench Press (Barbell),3,8,237.5,2015-12-11,,,2015-12-11T16:21:05,237.5
Seated Military Press (Dumbbell),2,9,120.0,2015-12-11,,,2015-12-11T16:21:05,180.0
Seated Shoulder Press (Dumbbell),2,9,120.0,2015-12-11,,,2015-12-11T16:21:05,180.0
Tricep Extension,4,10,80.0,2015-12-11,,,2015-12-11T16:21:05,90.0
Leg curl,4,12,115.0,2015-12-12,,,2015-12-12T15:29:38,130.0
Squat,3,6,315.0,2015-12-12,,,2015-12-12T15:29:38,275.0
Squat (Barbell),3,6,315.0,2015-12-12,,,2015-12-12T15:29:38,275.0
Bicep Curl (Barbell),3,12,90.0,2015-12-15,,,2015-12-15T18:28:20,95.0
Bicep Curl (barbell ),3,12,90.0,2015-12-15,,,2015-12-15T18:28:20,95.0
Chin Up,4,8,52.5,2015-12-15,,,2015-12-15T18:28:20,52.5
Rear delt fly,6,15,125.0,2015-12-15,,,2015-12-15T18:28:20,130.0
Seated Cable Row (close Grip),3,10,190.0,2015-12-15,,,2015-12-15T18:28:20,130.0
Seated Row,3,10,190.0,2015-12-15,,,2015-12-15T18:28:20,130.0
Lateral Raise,2,12,50.0,2015-12-16,,,2015-12-16T18:08:00,30.0
Lateral Raise (Dumbbells),2,12,50.0,2015-12-16,,,2015-12-16T18:08:00,30.0
Seated Military Press (Dumbbell),3,12,180.0,2015-12-16,,,2015-12-16T18:08:00,180.0
Seated Shoulder Press (Dumbbell),3,12,180.0,2015-12-16,,,2015-12-16T18:08:00,180.0
Weighted dips,6,12,95.0,2015-12-16,,,2015-12-16T18:08:00,45.0
Leg curl,6,12,130.0,2015-12-18,,,2015-12-18T17:40:08,130.0
Squat,3,8,275.0,2015-12-18,,,2015-12-18T17:40:08,315.0
Squat (Barbell),3,8,275.0,2015-12-18,,,2015-12-18T17:40:08,315.0
Incline Bench Press,3,8,237.5,2015-12-20,,,2015-12-20T13:46:49,235.0
Incline Bench Press (Barbell),3,8,237.5,2015-12-20,,,2015-12-20T13:46:49,235.0
Incline Press (Dumbbell),2,10,150.0,2015-12-20,,,2015-12-20T13:46:49,120.0
Lateral Raise,2,12,30.0,2015-12-20,,,2015-12-20T13:46:49,40.0
Lateral Raise (Dumbbells),2,12,30.0,2015-12-20,,,2015-12-20T13:46:49,40.0
Tricep pushdown,6,10,80.0,2015-12-20,,,2015-12-20T13:46:49,130.0
Weighted dips,6,10,45.0,2015-12-20,,,2015-12-20T13:46:49,45.0
Bent Over Row (Dumbbell),6,10,180.0,2015-12-22,,,2015-12-22T17:22:42,85.0
Bicep Curl (Barbell),2,10,95.0,2015-12-22,,,2015-12-22T17:22:42,90.0
Bicep Curl (barbell ),2,10,95.0,2015-12-22,,,2015-12-22T17:22:42,90.0
Chin Up,6,8,52.5,2015-12-22,,,2015-12-22T17:22:42,35.0
Rear delt fly,4,12,130.0,2015-12-22,,,2015-12-22T17:22:42,130.0
Seated Cable Row (close Grip),2,12,130.0,2015-12-22,,,2015-12-22T17:22:42,160.0
Seated Row,2,12,130.0,2015-12-22,,,2015-12-22T17:22:42,160.0
Leg curl,4,10,130.0,2015-12-23,,,2015-12-23T17:53:46,125.0
Leg press,2,12,450.0,2015-12-23,,,2015-12-23T17:53:46,360.0
Leg press (hinge ),2,12,450.0,2015-12-23,,,2015-12-23T17:53:46,360.0
Squat,3,6,315.0,2015-12-23,,,2015-12-23T17:53:46,275.0
Squat (Barbell),3,6,315.0,2015-12-23,,,2015-12-23T17:53:46,275.0
Incline Bench Press,3,8,235.0,2015-12-24,,,2015-12-24T11:40:14,240.0
Incline Bench Press (Barbell),3,8,235.0,2015-12-24,,,2015-12-24T11:40:14,240.0
Lateral Raise,2,12,40.0,2015-12-24,,,2015-12-24T11:40:14,20.0
Lateral Raise (Dumbbells),2,12,40.0,2015-12-24,,,2015-12-24T11:40:14,20.0
Military Press (Standing),1,10,80.0,2015-12-24,,,2015-12-24T11:40:14,100.0
Shoulder Press (Standing),1,10,80.0,2015-12-24,,,2015-12-24T11:40:14,100.0
Weighted dips,4,12,45.0,2015-12-24,,,2015-12-24T11:40:14,100.0
Chin Up,6,8,35.0,2015-12-26,,,2015-12-26T14:34:33,0.0
Hammer Curl,1,8,80.0,2015-12-26,,,2015-12-26T14:34:33,60.0
Hammer Curl (Dumbbell ),1,8,80.0,2015-12-26,,,2015-12-26T14:34:33,60.0
Lat Pulldown,6,12,150.0,2015-12-26,,,2015-12-26T14:34:33,150.0
Rear delt fly,6,12,130.0,2015-12-26,,,2015-12-26T14:34:33,130.0
Seated Cable Row (close Grip),3,10,160.0,2015-12-26,,,2015-12-26T14:34:33,175.0
Seated Row,3,10,160.0,2015-12-26,,,2015-12-26T14:34:33,175.0
Deadlift,2,5,275.0,2015-12-27,,,2015-12-27T15:07:20,345.0
Deadlift (Barbell),2,5,275.0,2015-12-27,,,2015-12-27T15:07:20,345.0
Squat,2,6,275.0,2015-12-27,,,2015-12-27T15:07:20,225.0
Squat (Barbell),2,6,275.0,2015-12-27,,,2015-12-27T15:07:20,225.0
Lateral Raise,1,12,20.0,2015-12-28,,,2015-12-28T19:05:32,50.0
Lateral Raise (Dumbbells),1,12,20.0,2015-12-28,,,2015-12-28T19:05:32,50.0
Military Press (Standing),3,10,100.0,2015-12-28,,,2015-12-28T19:05:32,45.0
Seated Military Press (Dumbbell),3,12,180.0,2015-12-28,,,2015-12-28T19:05:32,180.0
Seated Shoulder Press (Dumbbell),3,12,180.0,2015-12-28,,,2015-12-28T19:05:32,180.0
Shoulder Press (Standing),3,10,100.0,2015-12-28,,,2015-12-28T19:05:32,45.0
Weighted dips,6,10,100.0,2015-12-28,,,2015-12-28T19:05:32,90.0
Bicep Curl (Barbell),3,10,90.0,2015-12-31,,,2015-12-31T17:38:40,90.0
Bicep Curl (barbell ),3,10,90.0,2015-12-31,,,2015-12-31T17:38:40,90.0
Chin Up,8,10,0.0,2015-12-31,,,2015-12-31T17:38:40,0.0
Hammer Curl,2,10,60.0,2015-12-31,,,2015-12-31T17:38:40,65.0
Hammer Curl (Dumbbell ),2,10,60.0,2015-12-31,,,2015-12-31T17:38:40,65.0
Lat Pulldown,6,12,150.0,2015-12-31,,,2015-12-31T17:38:40,145.0
Rear delt fly,6,12,130.0,2015-12-31,,,2015-12-31T17:38:40,115.0
Seated Cable Row (close Grip),3,10,175.0,2015-12-31,,,2015-12-31T17:38:40,190.0
Seated Row,3,10,175.0,2015-12-31,,,2015-12-31T17:38:40,190.0
Squat,4,9,225.0,2016-01-01,,,2016-01-01T08:59:41,185.0
Squat (Barbell),4,9,225.0,2016-01-01,,,2016-01-01T08:59:41,185.0
Incline Bench Press,3,8,240.0,2016-01-02,,,2016-01-02T13:58:40,245.0
Incline Bench Press (Barbell),3,8,240.0,2016-01-02,,,2016-01-02T13:58:40,245.0
Lateral Raise,2,12,50.0,2016-01-02,,,2016-01-02T13:58:40,60.0
Lateral Raise (Dumbbells),2,12,50.0,2016-01-02,,,2016-01-02T13:58:40,60.0
Weighted dips,4,8,90.0,2016-01-02,,,2016-01-02T13:58:40,115.0
Incline Bench Press,3,8,245.0,2016-01-06,,,2016-01-06T18:08:52,240.0
Incline Bench Press (Barbell),3,8,245.0,2016-01-06,,,2016-01-06T18:08:52,240.0
Weighted dips,4,8,115.0,2016-01-06,,,2016-01-06T18:08:52,90.0
Chin Up,6,12,0.0,2016-01-06,,,2016-01-06T18:32:40,35.0
Hammer Curl,2,12,65.0,2016-01-06,,,2016-01-06T18:32:40,60.0
Hammer Curl (Dumbbell ),2,12,65.0,2016-01-06,,,2016-01-06T18:32:40,60.0
Hammer back row wide 45 angle,8,10,180.0,2016-01-06,,,2016-01-06T18:32:40,210.0
Lat Pulldown,4,8,145.0,2016-01-06,,,2016-01-06T18:32:40,145.0
Squat,2,6,185.0,2016-01-08,,,2016-01-08T17:50:44,315.0
Squat (Barbell),2,6,185.0,2016-01-08,,,2016-01-08T17:50:44,315.0
Lateral Raise,2,10,60.0,2016-01-10,,,2016-01-10T08:03:39,50.0
Lateral Raise (Dumbbells),2,10,60.0,2016-01-10,,,2016-01-10T08:03:39,50.0
Seated Military Press,2,8,215.0,2016-01-10,,,2016-01-10T08:03:39,165.0
Seated Shoulder  Press (Barbell),2,8,215.0,2016-01-10,,,2016-01-10T08:03:39,165.0
Weighted dips,6,8,90.0,2016-01-10,,,2016-01-10T08:03:39,0.0
Chin Up,8,10,35.0,2016-01-12,,,2016-01-12T19:52:07,0.0
Hammer back row wide 45 angle,6,8,210.0,2016-01-12,,,2016-01-12T19:52:07,180.0
Squat,3,8,315.0,2016-01-13,,,2016-01-13T21:01:52,335.0
Squat (Barbell),3,8,315.0,2016-01-13,,,2016-01-13T21:01:52,335.0
Incline Bench Press,2,8,240.0,2016-01-15,,,2016-01-15T20:06:48,235.0
Incline Bench Press (Barbell),2,8,240.0,2016-01-15,,,2016-01-15T20:06:48,235.0
Seated Military Press,3,10,165.0,2016-01-15,,,2016-01-15T20:06:48,185.0
Seated Shoulder  Press (Barbell),3,10,165.0,2016-01-15,,,2016-01-15T20:06:48,185.0
Weighted dips,6,11,0.0,2016-01-15,,,2016-01-15T20:06:48,0.0
Chin Up,6,8,0.0,2016-01-23,,,2016-01-23T14:20:50,50.0
Incline Bench Press,3,8,235.0,2016-01-23,,,2016-01-23T14:20:50,240.0
Incline Bench Press (Barbell),3,8,235.0,2016-01-23,,,2016-01-23T14:20:50,240.0
Lateral Raise,3,10,50.0,2016-01-23,,,2016-01-23T14:20:50,50.0
Lateral Raise (Dumbbells),3,10,50.0,2016-01-23,,,2016-01-23T14:20:50,50.0
Weighted dips,8,8,0.0,2016-01-23,,,2016-01-23T14:20:50,100.0
Bicep Curl (Barbell),1,12,90.0,2016-01-24,,,2016-01-24T12:18:25,70.0
Bicep Curl (barbell ),1,12,90.0,2016-01-24,,,2016-01-24T12:18:25,70.0
Chin Up,6,10,50.0,2016-01-24,,,2016-01-24T12:18:25,52.5
Rear delt fly,6,15,115.0,2016-01-24,,,2016-01-24T12:18:25,125.0
Seated Cable Row (close Grip),3,10,190.0,2016-01-24,,,2016-01-24T12:18:25,190.0
Seated Row,3,10,190.0,2016-01-24,,,2016-01-24T12:18:25,190.0
Leg curl,2,10,125.0,2016-01-25,,,2016-01-25T20:01:01,135.0
Squat,2,6,335.0,2016-01-25,,,2016-01-25T20:01:01,185.0
Squat (Barbell),2,6,335.0,2016-01-25,,,2016-01-25T20:01:01,185.0
Seated Military Press (Dumbbell),3,11,180.0,2016-01-28,,,2016-01-28T20:17:28,140.0
Seated Shoulder Press (Dumbbell),3,11,180.0,2016-01-28,,,2016-01-28T20:17:28,140.0
Weighted dips,6,10,100.0,2016-01-28,,,2016-01-28T20:17:28,115.0
Chin Up,6,9,52.5,2016-01-30,,,2016-01-30T15:01:17,45.0
Hammer lat pulldown,6,10,180.0,2016-01-30,,,2016-01-30T15:01:17,180.0
Rear delt fly,4,15,125.0,2016-01-30,,,2016-01-30T15:01:17,115.0
Seated Cable Row (close Grip),2,8,190.0,2016-01-30,,,2016-01-30T15:01:17,190.0
Seated Row,2,8,190.0,2016-01-30,,,2016-01-30T15:01:17,190.0
Deadlift (Barbell),3,5,345.0,2016-01-31,,,2016-01-31T15:20:03,275.0
Squat,3,6,185.0,2016-01-31,,,2016-01-31T15:20:03,275.0
Squat (Barbell),3,6,185.0,2016-01-31,,,2016-01-31T15:20:03,275.0
Incline Bench Press,3,8,240.0,2016-02-01,,,2016-02-01T18:09:30,240.0
Incline Bench Press (Barbell),3,8,240.0,2016-02-01,,,2016-02-01T18:09:30,240.0
Lateral Raise,1,8,50.0,2016-02-01,,,2016-02-01T18:09:30,50.0
Lateral Raise (Dumbbells),1,8,50.0,2016-02-01,,,2016-02-01T18:09:30,50.0
Weighted dips,2,8,115.0,2016-02-01,,,2016-02-01T18:09:30,0.0
Chin Up,6,12,45.0,2016-02-04,,,2016-02-04T18:37:10,0.0
T-bar Row,6,12,115.0,2016-02-04,,,2016-02-04T18:37:10,115.0
Incline Bench Press,4,8,240.0,2016-02-05,,,2016-02-05T20:09:54,225.0
Incline Bench Press (Barbell),4,8,240.0,2016-02-05,,,2016-02-05T20:09:54,225.0
Weighted dips,6,8,0.0,2016-02-05,,,2016-02-05T20:09:54,115.0
Bicep Curl (Barbell),2,10,70.0,2016-02-11,,,2016-02-11T13:33:03,95.0
Bicep Curl (barbell ),2,10,70.0,2016-02-11,,,2016-02-11T13:33:03,95.0
Chin Up,12,10,0.0,2016-02-11,,,2016-02-11T13:33:03,45.0
Hammer back row wide 45 angle,4,10,180.0,2016-02-11,,,2016-02-11T13:33:03,140.0
Lat Pulldown,6,10,145.0,2016-02-11,,,2016-02-11T13:33:03,150.0
Rear delt fly,4,10,115.0,2016-02-11,,,2016-02-11T13:33:03,115.0
Incline Bench Press,3,8,225.0,2016-02-11,,,2016-02-11T17:29:56,235.0
Incline Bench Press (Barbell),3,8,225.0,2016-02-11,,,2016-02-11T17:29:56,235.0
Seated Military Press,2,8,185.0,2016-02-11,,,2016-02-11T17:29:56,195.0
Seated Shoulder  Press (Barbell),2,8,185.0,2016-02-11,,,2016-02-11T17:29:56,195.0
Bicep Curl (Barbell),3,10,95.0,2016-02-15,,,2016-02-15T15:25:09,95.0
Bicep Curl (barbell ),3,10,95.0,2016-02-15,,,2016-02-15T15:25:09,95.0
Chin Up,8,11,45.0,2016-02-15,,,2016-02-15T15:25:09,52.5
Rear delt fly,6,15,115.0,2016-02-15,,,2016-02-15T15:25:09,130.0
Seated Cable Row (close Grip),3,10,190.0,2016-02-15,,,2016-02-15T15:25:09,150.0
Seated Row,3,10,190.0,2016-02-15,,,2016-02-15T15:25:09,150.0
Squat,4,8,275.0,2016-02-15,,,2016-02-15T18:39:10,315.0
Squat (Barbell),4,8,275.0,2016-02-15,,,2016-02-15T18:39:10,315.0
Incline Bench Press,3,8,235.0,2016-02-16,,,2016-02-16T18:39:10,235.0
Incline Bench Press (Barbell),3,8,235.0,2016-02-16,,,2016-02-16T18:39:10,235.0
Weighted dips,6,8,115.0,2016-02-16,,,2016-02-16T18:39:10,45.0
Lateral Raise,2,12,50.0,2016-02-23,,,2016-02-23T13:32:12,50.0
Lateral Raise (Dumbbells),2,12,50.0,2016-02-23,,,2016-02-23T13:32:12,50.0
Seated Military Press,2,8,195.0,2016-02-23,,,2016-02-23T13:32:12,175.0
Seated Shoulder  Press (Barbell),2,8,195.0,2016-02-23,,,2016-02-23T13:32:12,175.0
Weighted dips,6,10,45.0,2016-02-23,,,2016-02-23T13:32:12,90.0
Squat,3,8,315.0,2016-02-23,,,2016-02-23T21:04:09,315.0
Squat (Barbell),3,8,315.0,2016-02-23,,,2016-02-23T21:04:09,315.0
Incline Bench Press,3,8,235.0,2016-02-28,,,2016-02-28T14:04:22,245.0
Incline Bench Press (Barbell),3,8,235.0,2016-02-28,,,2016-02-28T14:04:22,245.0
Lateral Raise,3,10,50.0,2016-02-28,,,2016-02-28T14:04:22,70.0
Lateral Raise (Dumbbells),3,10,50.0,2016-02-28,,,2016-02-28T14:04:22,70.0
Seated Military Press,3,10,175.0,2016-02-28,,,2016-02-28T14:04:22,210.0
Seated Shoulder  Press (Barbell),3,10,175.0,2016-02-28,,,2016-02-28T14:04:22,210.0
Bicep Curl (Barbell),3,10,95.0,2016-02-28,,,2016-02-28T19:32:44,95.0
Bicep Curl (barbell ),3,10,95.0,2016-02-28,,,2016-02-28T19:32:44,95.0
Chin Up,4,10,52.5,2016-02-28,,,2016-02-28T19:32:44,52.5
Rear delt fly,6,12,130.0,2016-02-28,,,2016-02-28T19:32:44,115.0
Seated Cable Row (close Grip),4,12,150.0,2016-02-28,,,2016-02-28T19:32:44,145.0
Seated Row,4,12,150.0,2016-02-28,,,2016-02-28T19:32:44,145.0
Leg outward fly,6,12,110.0,2016-02-29,,,2016-02-29T19:08:37,110.0
Squat,3,8,315.0,2016-02-29,,,2016-02-29T19:08:37,320.0
Squat (Barbell),3,8,315.0,2016-02-29,,,2016-02-29T19:08:37,320.0
Seated Military Press,2,8,210.0,2016-03-03,,,2016-03-03T12:52:05,210.0
Seated Shoulder  Press (Barbell),2,8,210.0,2016-03-03,,,2016-03-03T12:52:05,210.0
Weighted dips,4,10,90.0,2016-03-03,,,2016-03-03T12:52:05,0.0
Squat,2,6,320.0,2016-03-03,,,2016-03-03T17:39:01,185.0
Squat (Barbell),2,6,320.0,2016-03-03,,,2016-03-03T17:39:01,185.0
Bicep Curl (Barbell),2,12,95.0,2016-03-05,,,2016-03-05T11:37:57,90.0
Bicep Curl (barbell ),2,12,95.0,2016-03-05,,,2016-03-05T11:37:57,90.0
Chin Up,6,10,52.5,2016-03-05,,,2016-03-05T11:37:57,55.0
Rear delt fly,4,11,115.0,2016-03-05,,,2016-03-05T11:37:57,130.0
Seated Cable Row (close Grip),2,11,145.0,2016-03-05,,,2016-03-05T11:37:57,130.0
Seated Row,2,11,145.0,2016-03-05,,,2016-03-05T11:37:57,130.0
Incline Bench Press,2,6,245.0,2016-03-06,,,2016-03-06T12:25:22,240.0
Incline Bench Press (Barbell),2,6,245.0,2016-03-06,,,2016-03-06T12:25:22,240.0
Seated Shoulder Press (Dumbbell),3,10,140.0,2016-03-06,,,2016-03-06T12:25:22,60.0
Tricep Extension,4,10,90.0,2016-03-06,,,2016-03-06T12:25:22,80.0
Weighted dips,2,8,0.0,2016-03-06,,,2016-03-06T12:25:22,90.0
Leg curl,4,12,135.0,2016-03-08,,,2016-03-08T18:32:16,95.0
Leg press,3,12,360.0,2016-03-08,,,2016-03-08T18:32:16,360.0
Leg press (hinge ),3,12,360.0,2016-03-08,,,2016-03-08T18:32:16,360.0
Squat,2,6,185.0,2016-03-08,,,2016-03-08T18:32:16,275.0
Squat (Barbell),2,6,185.0,2016-03-08,,,2016-03-08T18:32:16,275.0
Chin Up,6,12,55.0,2016-03-10,,,2016-03-10T16:35:14,0.0
Rear delt fly,2,12,130.0,2016-03-10,,,2016-03-10T16:35:14,115.0
T-bar Row,8,10,115.0,2016-03-10,,,2016-03-10T16:35:14,117.5
Lateral Raise,1,12,70.0,2016-03-11,,,2016-03-11T18:08:23,60.0
Lateral Raise (Dumbbells),1,12,70.0,2016-03-11,,,2016-03-11T18:08:23,60.0
Seated Military Press,2,8,210.0,2016-03-11,,,2016-03-11T18:08:23,185.0
Seated Shoulder  Press (Barbell),2,8,210.0,2016-03-11,,,2016-03-11T18:08:23,185.0
Weighted dips,8,10,90.0,2016-03-11,,,2016-03-11T18:08:23,0.0
Bent Over Row (Dumbbell),6,12,85.0,2016-03-14,,,2016-03-14T17:35:39,190.0
Bicep Curl (Barbell),2,8,90.0,2016-03-14,,,2016-03-14T17:35:39,95.0
Bicep Curl (barbell ),2,8,90.0,2016-03-14,,,2016-03-14T17:35:39,95.0
Chin Up,8,12,0.0,2016-03-14,,,2016-03-14T17:35:39,55.0
Rear delt fly,4,12,115.0,2016-03-14,,,2016-03-14T17:35:39,130.0
Incline Bench Press,2,8,240.0,2016-03-15,,,2016-03-15T19:03:46,240.0
Incline Bench Press (Barbell),2,8,240.0,2016-03-15,,,2016-03-15T19:03:46,240.0
Seated Military Press,3,8,185.0,2016-03-15,,,2016-03-15T19:03:46,215.0
Seated Shoulder  Press (Barbell),3,8,185.0,2016-03-15,,,2016-03-15T19:03:46,215.0
Weighted dips,4,15,0.0,2016-03-15,,,2016-03-15T19:03:46,115.0
Squat,2,7,275.0,2016-03-17,,,2016-03-17T19:45:00,320.0
Squat (Barbell),2,7,275.0,2016-03-17,,,2016-03-17T19:45:00,320.0
Leg curl,6,12,95.0,2016-03-18,,,2016-03-18T19:45:00,135.0
Bicep Curl (Barbell),2,10,95.0,2016-03-19,,,2016-03-19T15:58:41,95.0
Bicep Curl (barbell ),2,10,95.0,2016-03-19,,,2016-03-19T15:58:41,95.0
Chin Up,4,8,55.0,2016-03-19,,,2016-03-19T15:58:41,0.0
Hammer Curl,2,10,60.0,2016-03-19,,,2016-03-19T15:58:41,70.0
Hammer Curl (Dumbbell ),2,10,60.0,2016-03-19,,,2016-03-19T15:58:41,70.0
Rear delt fly,4,12,130.0,2016-03-19,,,2016-03-19T15:58:41,120.0
Seated Cable Row (close Grip),2,12,130.0,2016-03-19,,,2016-03-19T15:58:41,145.0
Seated Row,2,12,130.0,2016-03-19,,,2016-03-19T15:58:41,145.0
T-bar Row,4,10,117.5,2016-03-19,,,2016-03-19T15:58:41,90.0
Military Press (Standing),2,10,45.0,2016-03-20,,,2016-03-20T10:09:05,85.0
Seated Military Press,3,8,215.0,2016-03-20,,,2016-03-20T10:09:05,220.0
Seated Shoulder  Press (Barbell),3,8,215.0,2016-03-20,,,2016-03-20T10:09:05,220.0
Shoulder Press (Standing),2,10,45.0,2016-03-20,,,2016-03-20T10:09:05,85.0
Weighted dips,4,8,115.0,2016-03-20,,,2016-03-20T10:09:05,90.0
Good Morning,2,12,85.0,2016-03-21,,,2016-03-21T11:33:11,105.0
Good Morning (Barbell),2,12,85.0,2016-03-21,,,2016-03-21T11:33:11,105.0
Leg press,3,12,360.0,2016-03-21,,,2016-03-21T11:33:11,410.0
Leg press (hinge ),3,12,360.0,2016-03-21,,,2016-03-21T11:33:11,410.0
Squat,2,6,320.0,2016-03-21,,,2016-03-21T11:33:11,305.0
Squat (Barbell),2,6,320.0,2016-03-21,,,2016-03-21T11:33:11,305.0
Chin Up,10,12,0.0,2016-03-23,,,2016-03-23T18:35:22,0.0
Incline Bench Press,3,6,240.0,2016-03-25,,,2016-03-25T16:22:01,240.0
Incline Bench Press (Barbell),3,6,240.0,2016-03-25,,,2016-03-25T16:22:01,240.0
Squat,2,8,305.0,2016-03-28,,,2016-03-28T15:20:15,315.0
Squat (Barbell),2,8,305.0,2016-03-28,,,2016-03-28T15:20:15,315.0
Chin Up,10,12,0.0,2016-03-30,,,2016-03-30T20:18:42,52.5
T-bar Row,6,8,90.0,2016-03-30,,,2016-03-30T20:18:42,125.0
Seated Military Press,2,8,220.0,2016-04-03,,,2016-04-03T13:08:05,165.0
Seated Shoulder  Press (Barbell),2,8,220.0,2016-04-03,,,2016-04-03T13:08:05,165.0
Shoulder Press (Standing),2,9,85.0,2016-04-03,,,2016-04-03T13:08:05,95.0
Weighted dips,6,8,90.0,2016-04-03,,,2016-04-03T13:08:05,45.0
Bicep Curl (Barbell),3,10,95.0,2016-04-03,,,2016-04-03T17:02:40,100.0
Bicep Curl (barbell ),3,10,95.0,2016-04-03,,,2016-04-03T17:02:40,100.0
Chin Up,6,8,52.5,2016-04-03,,,2016-04-03T17:02:40,55.0
Rear delt fly,6,15,120.0,2016-04-03,,,2016-04-03T17:02:40,125.0
Seated Cable Row (close Grip),1,12,145.0,2016-04-03,,,2016-04-03T17:02:40,145.0
Seated Row,1,12,145.0,2016-04-03,,,2016-04-03T17:02:40,145.0
T-bar Row,4,10,125.0,2016-04-03,,,2016-04-03T17:02:40,120.0
Good Morning,2,11,105.0,2016-04-05,,,2016-04-05T18:38:00,115.0
Good Morning (Barbell),2,11,105.0,2016-04-05,,,2016-04-05T18:38:00,115.0
Leg outward fly,6,12,110.0,2016-04-05,,,2016-04-05T18:38:00,130.0
Squat,2,6,315.0,2016-04-05,,,2016-04-05T18:38:00,315.0
Squat (Barbell),2,6,315.0,2016-04-05,,,2016-04-05T18:38:00,315.0
Incline Bench Press,3,7,240.0,2016-04-07,,,2016-04-07T19:04:52,235.0
Incline Bench Press (Barbell),3,7,240.0,2016-04-07,,,2016-04-07T19:04:52,235.0
Lateral Raise,2,14,60.0,2016-04-07,,,2016-04-07T19:04:52,40.0
Lateral Raise (Dumbbells),2,14,60.0,2016-04-07,,,2016-04-07T19:04:52,40.0
Seated Military Press,3,10,165.0,2016-04-07,,,2016-04-07T19:04:52,220.0
Seated Shoulder  Press (Barbell),3,10,165.0,2016-04-07,,,2016-04-07T19:04:52,220.0
Tricep Extension,2,8,80.0,2016-04-07,,,2016-04-07T19:04:52,75.0
Weighted dips,4,10,45.0,2016-04-07,,,2016-04-07T19:04:52,100.0
Bicep Curl (Barbell),2,8,100.0,2016-04-08,,,2016-04-08T20:11:24,100.0
Bicep Curl (barbell ),2,8,100.0,2016-04-08,,,2016-04-08T20:11:24,100.0
Chin Up,6,10,55.0,2016-04-08,,,2016-04-08T20:11:24,55.0
Rear delt fly,6,12,125.0,2016-04-08,,,2016-04-08T20:11:24,125.0
Seated Cable Row (close Grip),4,12,145.0,2016-04-08,,,2016-04-08T20:11:24,130.0
Seated Row,4,12,145.0,2016-04-08,,,2016-04-08T20:11:24,130.0
Squat,2,6,315.0,2016-04-10,,,2016-04-10T14:11:29,225.0
Squat (Barbell),2,6,315.0,2016-04-10,,,2016-04-10T14:11:29,225.0
Lateral Raise (Dumbbells),1,10,40.0,2016-04-12,,,2016-04-12T17:30:32,50.0
Seated Military Press,3,8,220.0,2016-04-12,,,2016-04-12T17:30:32,205.0
Seated Shoulder  Press (Barbell),3,8,220.0,2016-04-12,,,2016-04-12T17:30:32,205.0
Weighted dips,6,9,100.0,2016-04-12,,,2016-04-12T17:30:32,90.0
Bicep Curl (Barbell),2,9,100.0,2016-04-14,,,2016-04-14T17:47:15,85.0
Bicep Curl (barbell ),2,9,100.0,2016-04-14,,,2016-04-14T17:47:15,85.0
Chin Up,6,10,55.0,2016-04-14,,,2016-04-14T17:47:15,55.0
Hammer seated row,2,10,140.0,2016-04-14,,,2016-04-14T17:47:15,150.0
Hammer seated row (CLOSE GRIP),2,10,140.0,2016-04-14,,,2016-04-14T17:47:15,150.0
Rear delt fly,6,15,125.0,2016-04-14,,,2016-04-14T17:47:15,130.0
Chin Up,6,10,55.0,2016-04-21,,,2016-04-21T18:48:19,0.0
Hammer seated row,4,12,150.0,2016-04-21,,,2016-04-21T18:48:19,160.0
Hammer seated row (CLOSE GRIP),4,12,150.0,2016-04-21,,,2016-04-21T18:48:19,160.0
Seated Military Press,4,6,205.0,2016-04-22,,,2016-04-22T19:39:02,175.0
Seated Shoulder  Press (Barbell),4,6,205.0,2016-04-22,,,2016-04-22T19:39:02,175.0
Weighted dips,6,12,90.0,2016-04-22,,,2016-04-22T19:39:02,0.0
Good Morning,3,10,115.0,2016-04-23,,,2016-04-23T19:51:23,120.0
Good Morning (Barbell),3,10,115.0,2016-04-23,,,2016-04-23T19:51:23,120.0
Squat,3,8,225.0,2016-04-23,,,2016-04-23T19:51:23,245.0
Squat (Barbell),3,8,225.0,2016-04-23,,,2016-04-23T19:51:23,245.0
Bicep Curl (Barbell),4,12,85.0,2016-04-26,,,2016-04-26T22:29:37,95.0
Bicep Curl (barbell ),4,12,85.0,2016-04-26,,,2016-04-26T22:29:37,95.0
Chin Up,8,15,0.0,2016-04-26,,,2016-04-26T22:29:37,57.5
Hammer seated row,4,12,160.0,2016-04-26,,,2016-04-26T22:29:37,165.0
Hammer seated row (CLOSE GRIP),4,12,160.0,2016-04-26,,,2016-04-26T22:29:37,165.0
Rear delt fly,6,12,130.0,2016-04-26,,,2016-04-26T22:29:37,130.0
Incline Bench Press,3,8,235.0,2016-04-27,,,2016-04-27T18:13:30,225.0
Incline Bench Press (Barbell),3,8,235.0,2016-04-27,,,2016-04-27T18:13:30,225.0
Seated Military Press,2,10,175.0,2016-04-27,,,2016-04-27T18:13:30,185.0
Seated Shoulder  Press (Barbell),2,10,175.0,2016-04-27,,,2016-04-27T18:13:30,185.0
Tricep pushdown,6,15,130.0,2016-04-27,,,2016-04-27T18:13:30,120.0
Weighted dips,6,10,0.0,2016-04-27,,,2016-04-27T18:13:30,45.0
Good Morning,2,10,120.0,2016-04-29,,,2016-04-29T19:33:54,120.0
Good Morning (Barbell),2,10,120.0,2016-04-29,,,2016-04-29T19:33:54,120.0
Leg press,2,10,410.0,2016-04-29,,,2016-04-29T19:33:54,360.0
Leg press (hinge ),2,10,410.0,2016-04-29,,,2016-04-29T19:33:54,360.0
Squat,2,8,245.0,2016-04-29,,,2016-04-29T19:33:54,250.0
Squat (Barbell),2,8,245.0,2016-04-29,,,2016-04-29T19:33:54,250.0
Bicep Curl (Barbell),3,10,95.0,2016-04-30,,,2016-04-30T18:42:16,95.0
Bicep Curl (barbell ),3,10,95.0,2016-04-30,,,2016-04-30T18:42:16,95.0
Chin Up,6,8,57.5,2016-04-30,,,2016-04-30T18:42:16,0.0
Hammer seated row,2,10,165.0,2016-04-30,,,2016-04-30T18:42:16,145.0
Hammer seated row (CLOSE GRIP),2,10,165.0,2016-04-30,,,2016-04-30T18:42:16,145.0
Rear delt fly,4,12,130.0,2016-04-30,,,2016-04-30T18:42:16,130.0
Incline Bench Press,3,8,225.0,2016-05-01,,,2016-05-01T15:43:54,185.0
Incline Bench Press (Barbell),3,8,225.0,2016-05-01,,,2016-05-01T15:43:54,185.0
Seated Military Press,2,8,185.0,2016-05-01,,,2016-05-01T15:43:54,155.0
Seated Shoulder  Press (Barbell),2,8,185.0,2016-05-01,,,2016-05-01T15:43:54,155.0
Chin Up,6,12,0.0,2016-05-05,,,2016-05-05T18:43:48,0.0
Hammer Curl,2,14,70.0,2016-05-05,,,2016-05-05T18:43:48,70.0
Hammer Curl (Dumbbell ),2,14,70.0,2016-05-05,,,2016-05-05T18:43:48,70.0
Pull Up,4,10,0.0,2016-05-05,,,2016-05-05T18:43:48,25.0
Rear delt fly,4,15,130.0,2016-05-05,,,2016-05-05T18:43:48,130.0
Seated Cable Row (close Grip),3,15,130.0,2016-05-05,,,2016-05-05T18:43:48,175.0
Seated Row,3,15,130.0,2016-05-05,,,2016-05-05T18:43:48,175.0
Good Morning (Barbell),2,8,120.0,2016-05-06,,,2016-05-06T18:56:50,100.0
Squat,2,8,250.0,2016-05-06,,,2016-05-06T18:56:50,265.0
Squat (Barbell),2,8,250.0,2016-05-06,,,2016-05-06T18:56:50,265.0
Incline Bench Press,3,10,185.0,2016-05-10,,,2016-05-10T20:54:16,245.0
Incline Bench Press (Barbell),3,10,185.0,2016-05-10,,,2016-05-10T20:54:16,245.0
Seated Military Press,2,10,155.0,2016-05-10,,,2016-05-10T20:54:16,135.0
Seated Shoulder  Press (Barbell),2,10,155.0,2016-05-10,,,2016-05-10T20:54:16,135.0
Weighted dips,2,8,45.0,2016-05-10,,,2016-05-10T20:54:16,45.0
Chin Up,10,12,0.0,2016-05-11,,,2016-05-11T17:15:39,55.0
Hammer seated row,4,12,145.0,2016-05-11,,,2016-05-11T17:15:39,130.0
Hammer seated row (CLOSE GRIP),4,12,145.0,2016-05-11,,,2016-05-11T17:15:39,130.0
Seated Military Press,3,6,135.0,2016-05-15,,,2016-05-15T16:48:18,165.0
Seated Shoulder  Press (Barbell),3,6,135.0,2016-05-15,,,2016-05-15T16:48:18,165.0
Weighted dips,8,12,45.0,2016-05-15,,,2016-05-15T16:48:18,0.0
Glute extension.,2,12,130.0,2016-05-18,,,2016-05-18T18:06:17,115.0
Leg outward fly,2,10,130.0,2016-05-18,,,2016-05-18T18:06:17,110.0
Squat,2,8,265.0,2016-05-18,,,2016-05-18T18:06:17,235.0
Squat (Barbell),2,8,265.0,2016-05-18,,,2016-05-18T18:06:17,235.0
Incline Bench Press,3,5,245.0,2016-05-20,,,2016-05-20T18:42:16,225.0
Incline Bench Press (Barbell),3,5,245.0,2016-05-20,,,2016-05-20T18:42:16,225.0
Seated Military Press,2,8,165.0,2016-05-20,,,2016-05-20T18:42:16,185.0
Seated Shoulder  Press (Barbell),2,8,165.0,2016-05-20,,,2016-05-20T18:42:16,185.0
Weighted dips,4,10,0.0,2016-05-20,,,2016-05-20T18:42:16,70.0
Bicep Curl (Barbell),3,12,95.0,2016-05-21,,,2016-05-21T14:44:18,95.0
Bicep Curl (barbell ),3,12,95.0,2016-05-21,,,2016-05-21T14:44:18,95.0
Chin Up,6,10,55.0,2016-05-21,,,2016-05-21T14:44:18,45.0
Hammer seated row,2,12,130.0,2016-05-21,,,2016-05-21T14:44:18,145.0
Hammer seated row (CLOSE GRIP),2,12,130.0,2016-05-21,,,2016-05-21T14:44:18,145.0
Lat Pulldown,4,12,150.0,2016-05-21,,,2016-05-21T14:44:18,165.0
Seated Military Press,3,8,185.0,2016-06-02,,,2016-06-02T19:23:06,155.0
Seated Shoulder  Press (Barbell),3,8,185.0,2016-06-02,,,2016-06-02T19:23:06,155.0
Weighted dips,2,8,70.0,2016-06-02,,,2016-06-02T19:23:06,0.0
Incline Bench Press,3,8,225.0,2016-06-06,,,2016-06-06T20:41:36,225.0
Incline Bench Press (Barbell),3,8,225.0,2016-06-06,,,2016-06-06T20:41:36,225.0
Seated Military Press,2,8,155.0,2016-06-06,,,2016-06-06T20:41:36,185.0
Seated Shoulder  Press (Barbell),2,8,155.0,2016-06-06,,,2016-06-06T20:41:36,185.0
Weighted dips,4,10,0.0,2016-06-06,,,2016-06-06T20:41:36,90.0
Bicep Curl (Barbell),2,10,95.0,2016-06-07,,,2016-06-07T14:02:59,95.0
Bicep Curl (barbell ),2,10,95.0,2016-06-07,,,2016-06-07T14:02:59,100.0
Chin Up,8,8,45.0,2016-06-07,,,2016-06-07T14:02:59,35.0
Hammer seated row (CLOSE GRIP),3,10,145.0,2016-06-07,,,2016-06-07T14:02:59,130.0
Rear delt fly,6,12,130.0,2016-06-07,,,2016-06-07T14:02:59,135.0
Chin Up,4,8,35.0,2016-06-11,,,2016-06-11T18:49:41,35.0
Seated Cable Row (close Grip),4,9,175.0,2016-06-11,,,2016-06-11T18:49:41,150.0
Seated Row,4,9,175.0,2016-06-11,,,2016-06-11T18:49:41,150.0
Leg press,4,12,360.0,2016-06-12,,,2016-06-12T13:30:36,550.0
Leg press (hinge ),4,12,360.0,2016-06-12,,,2016-06-12T13:30:36,450.0
Squat,2,8,235.0,2016-06-12,,,2016-06-12T13:30:36,225.0
Squat (Barbell),2,8,235.0,2016-06-12,,,2016-06-12T13:30:36,225.0
Seated Military Press,2,8,185.0,2016-06-15,,,2016-06-15T06:04:11,195.0
Seated Shoulder  Press (Barbell),2,8,185.0,2016-06-15,,,2016-06-15T06:04:11,195.0
Weighted dips,4,8,90.0,2016-06-15,,,2016-06-15T06:04:11,45.0
Chin Up,8,8,35.0,2016-06-18,,,2016-06-18T12:39:27,45.0
Rear delt fly,8,15,135.0,2016-06-18,,,2016-06-18T12:39:27,135.0
Seated Cable Row (close Grip),4,10,150.0,2016-06-18,,,2016-06-18T12:39:27,160.0
Seated Row,4,10,150.0,2016-06-18,,,2016-06-18T12:39:27,160.0
Squat,2,8,225.0,2016-06-19,,,2016-06-19T12:39:27,265.0
Squat (Barbell),2,8,225.0,2016-06-19,,,2016-06-19T12:39:27,265.0
Seated Military Press,2,8,195.0,2016-06-20,,,2016-06-20T17:06:00,165.0
Seated Shoulder  Press (Barbell),2,8,195.0,2016-06-20,,,2016-06-20T17:06:00,165.0
Weighted dips,4,12,45.0,2016-06-20,,,2016-06-20T17:06:00,45.0
Chin Up,8,8,45.0,2016-06-24,,,2016-06-24T18:24:09,35.0
Hammer Curl,3,15,70.0,2016-06-24,,,2016-06-24T18:24:09,60.0
Hammer Curl (Dumbbell ),3,15,70.0,2016-06-24,,,2016-06-24T18:24:09,80.0
Rear delt fly,6,8,135.0,2016-06-24,,,2016-06-24T18:24:09,135.0
Seated Cable Row (close Grip),3,12,160.0,2016-06-24,,,2016-06-24T18:24:09,160.0
Hammer shoulder press,6,10,140.0,2016-06-25,,,2016-06-25T16:55:10,140.0
Incline Bench Press,3,8,225.0,2016-06-25,,,2016-06-25T16:55:10,225.0
Incline Bench Press (Barbell),3,8,225.0,2016-06-25,,,2016-06-25T16:55:10,225.0
Tricep pushdown,4,15,120.0,2016-06-25,,,2016-06-25T16:55:10,65.0
Squat (Barbell),2,8,265.0,2016-06-26,,,2016-06-26T14:01:34,225.0
Incline Bench Press (Barbell),3,8,225.0,2016-06-30,,,2016-06-30T22:07:32,225.0
Seated Shoulder  Press (Barbell),2,8,165.0,2016-06-30,,,2016-06-30T22:07:32,205.0
Weighted dips,6,10,45.0,2016-06-30,,,2016-06-30T22:07:32,0.0
Bicep Curl (Barbell),2,10,95.0,2016-07-17,,,2016-07-17T17:21:08,95.0
Chin Up,5,8,35.0,2016-07-17,,,2016-07-17T17:21:08,37.5
Hammer Curl (Dumbbell ),1,10,80.0,2016-07-17,,,2016-07-17T17:21:08,60.0
Lat Pulldown,2,10,165.0,2016-07-17,,,2016-07-17T17:21:08,135.0
Rear delt fly,3,15,135.0,2016-07-17,,,2016-07-17T17:21:08,140.0
T-bar Row,2,10,120.0,2016-07-17,,,2016-07-17T17:21:08,125.0
Incline Bench Press (Barbell),3,8,225.0,2016-07-30,,,2016-07-30T14:46:46,225.0
Overhead Press (Dumbbell),3,10,120.0,2016-07-30,,,2016-07-30T14:46:46,40.0
Weighted dips,1,12,0.0,2016-07-30,,,2016-07-30T14:46:46,90.0
Squat (Barbell),3,8,225.0,2016-07-31,,,2016-07-31T17:39:34,255.0
Bicep Curl (Barbell),3,10,95.0,2016-08-04,,,2016-08-04T19:23:57,95.0
Chin Up,6,10,37.5,2016-08-04,,,2016-08-04T19:23:57,35.0
Hammer Curl (Dumbbell ),2,12,60.0,2016-08-04,,,2016-08-04T19:23:57,70.0
Rear delt fly,3,12,140.0,2016-08-04,,,2016-08-04T19:23:57,145.0
Seated Cable Row (close Grip),3,10,160.0,2016-08-04,,,2016-08-04T19:23:57,160.0
Deadlift (Barbell),2,6,275.0,2016-08-05,,,2016-08-05T21:52:25,275.0
Squat (Barbell),2,8,255.0,2016-08-05,,,2016-08-05T21:52:25,280.0
Incline Bench Press (Barbell),3,8,225.0,2016-08-07,,,2016-08-07T14:21:23,135.0
Overhead Press (Barbell),2,10,155.0,2016-08-07,,,2016-08-07T14:21:23,185.0
Shoulder Press (Standing),1,8,95.0,2016-08-07,,,2016-08-07T14:21:23,80.0
Chin Up,4,10,35.0,2016-08-09,,,2016-08-09T18:10:05,45.0
Seated Cable Row (close Grip),3,10,160.0,2016-08-09,,,2016-08-09T18:10:05,175.0
Seated Shoulder  Press (Barbell),2,8,205.0,2016-08-13,,,2016-08-13T16:01:20,185.0
Shoulder Press (Standing),2,8,80.0,2016-08-13,,,2016-08-13T16:01:20,105.0
Weighted dips,3,8,90.0,2016-08-13,,,2016-08-13T16:01:20,90.0
Deadlift (Barbell),3,5,275.0,2016-08-13,,,2016-08-13T19:27:54,285.0
Squat (Barbell),3,5,280.0,2016-08-13,,,2016-08-13T19:27:54,285.0
Chin Up,5,8,45.0,2016-08-15,,,2016-08-15T19:30:15,50.0
Rear delt fly,3,10,145.0,2016-08-15,,,2016-08-15T19:30:15,145.0
Seated Cable Row (close Grip),3,8,175.0,2016-08-15,,,2016-08-15T19:30:15,155.0
Deadlift (Barbell),2,6,285.0,2016-08-19,,,2016-08-19T17:32:28,300.0
Leg press (hinge ),3,10,450.0,2016-08-19,,,2016-08-19T17:32:28,450.0
Squat (Barbell),3,8,285.0,2016-08-19,,,2016-08-19T17:32:28,315.0
Bicep Curl (Barbell),2,11,95.0,2016-08-20,,,2016-08-20T19:18:20,75.0
Chin Up,4,8,50.0,2016-08-20,,,2016-08-20T19:18:20,50.0
Pull Up,2,8,25.0,2016-08-20,,,2016-08-20T19:18:20,50.0
Rear delt fly,1,12,145.0,2016-08-20,,,2016-08-20T19:18:20,135.0
T-bar Row,3,8,125.0,2016-08-20,,,2016-08-20T19:18:20,127.5
Seated Shoulder  Press (Barbell),2,10,185.0,2016-08-22,,,2016-08-22T12:49:10,215.0
Weighted dips,3,8,90.0,2016-08-22,,,2016-08-22T12:49:10,90.0
Deadlift (Barbell),3,6,300.0,2016-08-24,,,2016-08-24T21:08:23,315.0
Leg press (hinge ),3,10,450.0,2016-08-24,,,2016-08-24T21:08:23,450.0
Squat (Barbell),3,5,315.0,2016-08-24,,,2016-08-24T21:08:23,315.0
Bicep Curl (Barbell),3,12,75.0,2016-08-25,,,2016-08-25T22:09:45,100.0
Chin Up,3,9,50.0,2016-08-25,,,2016-08-25T22:09:45,52.5
Hammer Curl (Dumbbell ),1,12,70.0,2016-08-25,,,2016-08-25T22:09:45,50.0
Pull Up,2,8,50.0,2016-08-25,,,2016-08-25T22:09:45,27.5
Seated Cable Row (close Grip),1,12,155.0,2016-08-25,,,2016-08-25T22:09:45,175.0
T-bar Row,3,10,127.5,2016-08-25,,,2016-08-25T22:09:45,135.0
Bench Press (Barbell),2,5,185.0,2016-08-26,,,2016-08-26T17:05:57,275.0
Incline Bench Press (Barbell),3,5,135.0,2016-08-26,,,2016-08-26T17:05:57,135.0
Overhead Press (Barbell),3,8,185.0,2016-08-26,,,2016-08-26T17:05:57,40.0
Tricep pushdown,4,12,65.0,2016-08-26,,,2016-08-26T17:05:57,60.0
Deadlift (Barbell),2,6,315.0,2016-08-28,,,2016-08-28T17:39:36,325.0
Leg press (hinge ),3,10,450.0,2016-08-28,,,2016-08-28T17:39:36,450.0
Squat (Barbell),3,6,315.0,2016-08-28,,,2016-08-28T17:39:36,320.0
Incline Press (Dumbbell),3,10,120.0,2016-08-30,,,2016-08-30T20:43:40,140.0
Seated Shoulder  Press (Barbell),3,8,215.0,2016-08-30,,,2016-08-30T20:43:40,205.0
Weighted dips,3,9,90.0,2016-08-30,,,2016-08-30T20:43:40,100.0
Bicep Curl (Barbell),1,9,100.0,2016-08-31,,,2016-08-31T14:10:02,75.0
Chin Up,3,9,52.5,2016-08-31,,,2016-08-31T14:10:02,55.0
Hammer seated row (CLOSE GRIP),3,10,130.0,2016-08-31,,,2016-08-31T14:10:02,165.0
Pull Up,3,10,27.5,2016-08-31,,,2016-08-31T14:10:02,30.0
Rear delt fly,2,12,135.0,2016-08-31,,,2016-08-31T14:10:02,130.0
T-bar Row,3,9,135.0,2016-08-31,,,2016-08-31T14:10:02,100.0
Front Squat (Barbell),1,5,175.0,2016-09-02,,,2016-09-02T04:51:09,225.0
Leg curl,3,10,135.0,2016-09-02,,,2016-09-02T04:51:09,125.0
Leg press (hinge ),4,12,450.0,2016-09-02,,,2016-09-02T04:51:09,470.0
Squat (Barbell),3,6,320.0,2016-09-02,,,2016-09-02T04:51:09,330.0
Incline Bench Press (Barbell),2,7,135.0,2016-09-03,,,2016-09-03T10:36:20,225.0
Overhead Press (Dumbbell),3,12,40.0,2016-09-03,,,2016-09-03T10:36:20,60.0
Tricep pushdown,3,15,60.0,2016-09-03,,,2016-09-03T10:36:20,70.0
Weighted dips,3,8,100.0,2016-09-03,,,2016-09-03T10:36:20,90.0
Bent Over Row (Dumbbell),3,10,190.0,2016-09-04,,,2016-09-04T16:24:32,160.0
Chin Up,4,9,55.0,2016-09-04,,,2016-09-04T16:24:32,55.0
Hammer Curl (Dumbbell ),4,7,50.0,2016-09-04,,,2016-09-04T16:24:32,50.0
Lat Pulldown,2,10,135.0,2016-09-04,,,2016-09-04T16:24:32,135.0
Pull Up,2,10,30.0,2016-09-04,,,2016-09-04T16:24:32,35.0
T-bar Row,2,12,100.0,2016-09-04,,,2016-09-04T16:24:32,137.5
Deadlift (Barbell),3,5,325.0,2016-09-06,,,2016-09-06T19:56:20,350.0
Leg Extension (Machine),2,15,135.0,2016-09-06,,,2016-09-06T19:56:20,125.0
Leg curl,3,10,125.0,2016-09-06,,,2016-09-06T19:56:20,140.0
Leg press (hinge ),2,15,470.0,2016-09-06,,,2016-09-06T19:56:20,475.0
Squat (Barbell),2,6,330.0,2016-09-06,,,2016-09-06T19:56:20,320.0
Seated Shoulder  Press (Barbell),2,8,205.0,2016-09-07,,,2016-09-07T15:59:06,225.0
Seated Shoulder Press (Dumbbell),2,12,60.0,2016-09-07,,,2016-09-07T15:59:06,100.0
Weighted dips,2,9,90.0,2016-09-07,,,2016-09-07T15:59:06,105.0
Bicep Curl (Barbell),2,12,75.0,2016-09-09,,,2016-09-09T14:22:08,95.0
Chin Up,3,10,55.0,2016-09-09,,,2016-09-09T14:22:08,50.0
Lat Pulldown,2,10,135.0,2016-09-09,,,2016-09-09T14:22:08,140.0
Pull Up,2,10,35.0,2016-09-09,,,2016-09-09T14:22:08,25.0
Rear delt fly,3,15,130.0,2016-09-09,,,2016-09-09T14:22:08,130.0
Seated Cable Row (close Grip),2,8,175.0,2016-09-09,,,2016-09-09T14:22:08,190.0
T-bar Row,2,10,137.5,2016-09-09,,,2016-09-09T14:22:08,137.5
Leg outward fly,3,12,110.0,2016-09-10,,,2016-09-10T14:22:28,120.0
Leg press (hinge ),3,12,475.0,2016-09-10,,,2016-09-10T14:22:28,500.0
Squat (Barbell),2,8,320.0,2016-09-10,,,2016-09-10T14:22:28,225.0
Incline Press (Dumbbell),2,12,140.0,2016-09-11,,,2016-09-11T11:50:14,180.0
Lateral Raise (Dumbbells),2,10,50.0,2016-09-11,,,2016-09-11T11:50:14,50.0
Overhead Press (Dumbbell),1,10,60.0,2016-09-11,,,2016-09-11T11:50:14,120.0
Seated Shoulder  Press (Barbell),1,8,225.0,2016-09-11,,,2016-09-11T11:50:14,135.0
Weighted dips,3,9,105.0,2016-09-11,,,2016-09-11T11:50:14,107.5
Bicep Curl (Barbell),3,10,95.0,2016-09-13,,,2016-09-13T06:51:12,97.5
Chin Up,4,10,50.0,2016-09-13,,,2016-09-13T06:51:12,57.5
Hammer seated row (CLOSE GRIP),2,10,165.0,2016-09-13,,,2016-09-13T06:51:12,125.0
Lat Pulldown,1,10,140.0,2016-09-13,,,2016-09-13T06:51:12,155.0
Pull Up,1,11,25.0,2016-09-13,,,2016-09-13T06:51:12,0.0
Rear delt fly,3,15,130.0,2016-09-13,,,2016-09-13T06:51:12,130.0
T-bar Row,2,10,137.5,2016-09-13,,,2016-09-13T06:51:12,125.0
Deadlift (Barbell),1,5,350.0,2016-09-14,,,2016-09-14T15:21:27,255.0
Good Morning (Barbell),2,10,100.0,2016-09-14,,,2016-09-14T15:21:27,100.0
Leg outward fly,2,12,120.0,2016-09-14,,,2016-09-14T15:21:27,120.0
Squat (Barbell),2,5,225.0,2016-09-14,,,2016-09-14T15:21:27,265.0
Incline Bench Press (Barbell),2,8,225.0,2016-09-15,,,2016-09-15T18:46:12,227.5
Incline Press (Dumbbell),2,9,180.0,2016-09-15,,,2016-09-15T18:46:12,170.0
Landmine Press,3,8,105.0,2016-09-15,,,2016-09-15T18:46:12,115.0
Lateral Raise (Dumbbells),1,15,50.0,2016-09-15,,,2016-09-15T18:46:12,40.0
Tricep Extension,1,12,75.0,2016-09-15,,,2016-09-15T18:46:12,85.0
Bicep Curl (Barbell),3,10,97.5,2016-09-18,,,2016-09-18T13:42:54,100.0
Bicep Curl (Dumbbell),2,14,40.0,2016-09-18,,,2016-09-18T13:42:54,50.0
Chin Up,5,8,57.5,2016-09-18,,,2016-09-18T13:42:54,60.0
Hammer seated row (CLOSE GRIP),3,12,125.0,2016-09-18,,,2016-09-18T13:42:54,160.0
Pull Up,1,7,0.0,2016-09-18,,,2016-09-18T13:42:54,35.0
Rear delt fly,3,15,130.0,2016-09-18,,,2016-09-18T13:42:54,135.0
T-bar Row,4,8,125.0,2016-09-18,,,2016-09-18T13:42:54,135.0
Good Morning (Barbell),3,10,100.0,2016-09-19,,,2016-09-19T17:41:11,95.0
Leg curl,2,12,140.0,2016-09-19,,,2016-09-19T17:41:11,140.0
Leg press (hinge ),3,11,500.0,2016-09-19,,,2016-09-19T17:41:11,505.0
Squat (Barbell),4,5,265.0,2016-09-19,,,2016-09-19T17:41:11,320.0
Lateral Raise (Dumbbells),2,15,40.0,2016-09-20,,,2016-09-20T14:53:34,24.0
Seated Shoulder  Press (Barbell),2,6,135.0,2016-09-20,,,2016-09-20T14:53:34,135.0
Weighted dips,3,8,107.5,2016-09-20,,,2016-09-20T14:53:34,110.0
Chin Up,3,9,60.0,2016-09-22,,,2016-09-22T16:51:04,62.5
Hammer Curl (Dumbbell ),3,12,50.0,2016-09-22,,,2016-09-22T16:51:04,50.0
Lat Pulldown,2,12,155.0,2016-09-22,,,2016-09-22T16:51:04,155.0
Pull Up,1,9,35.0,2016-09-22,,,2016-09-22T16:51:04,0.0
Rear delt fly,3,12,135.0,2016-09-22,,,2016-09-22T16:51:04,135.0
Good Morning (Barbell),2,11,95.0,2016-09-23,,,2016-09-23T22:01:35,205.0
Leg curl,3,12,140.0,2016-09-23,,,2016-09-23T22:01:35,140.0
Leg outward fly,4,13,120.0,2016-09-23,,,2016-09-23T22:01:35,120.0
Leg press (hinge ),2,12,505.0,2016-09-23,,,2016-09-23T22:01:35,510.0
Squat (Barbell),4,6,320.0,2016-09-23,,,2016-09-23T22:01:35,325.0
Incline Bench Press (Barbell),2,8,227.5,2016-09-24,,,2016-09-24T17:16:20,230.0
Incline Press (Dumbbell),2,10,170.0,2016-09-24,,,2016-09-24T17:16:20,180.0
Lateral Raise (Dumbbells),2,18,24.0,2016-09-24,,,2016-09-24T17:16:20,30.0
Overhead Press (Dumbbell),1,12,120.0,2016-09-24,,,2016-09-24T17:16:20,140.0
Bicep Curl (Barbell),2,10,100.0,2016-09-26,,,2016-09-26T17:12:59,100.0
Bicep Curl (Dumbbell),2,12,50.0,2016-09-26,,,2016-09-26T17:12:59,40.0
Chin Up,2,8,62.5,2016-09-26,,,2016-09-26T17:12:59,65.0
Hammer Curl (Dumbbell ),1,10,50.0,2016-09-26,,,2016-09-26T17:12:59,50.0
Hammer seated row (CLOSE GRIP),3,12,160.0,2016-09-26,,,2016-09-26T17:12:59,160.0
Pull Up,1,10,0.0,2016-09-26,,,2016-09-26T17:12:59,35.0
Rear delt fly,2,13,135.0,2016-09-26,,,2016-09-26T17:12:59,145.0
T-bar Row,3,10,135.0,2016-09-26,,,2016-09-26T17:12:59,100.0
Lateral Raise (Dumbbells),2,14,30.0,2016-09-28,,,2016-09-28T15:33:16,40.0
Seated Shoulder  Press (Barbell),4,5,135.0,2016-09-28,,,2016-09-28T15:33:16,225.0
Seated Shoulder Press (Dumbbell),3,10,100.0,2016-09-28,,,2016-09-28T15:33:16,80.0
Weighted dips,4,10,110.0,2016-09-28,,,2016-09-28T15:33:16,0.0
Leg press (hinge ),2,12,510.0,2016-09-29,,,2016-09-29T21:58:16,520.0
Squat (Barbell),4,6,325.0,2016-09-29,,,2016-09-29T21:58:16,185.0
Bent Over Row (Dumbbell),3,10,160.0,2016-09-30,,,2016-09-30T21:54:37,100.0
Bicep Curl (Barbell),3,10,100.0,2016-09-30,,,2016-09-30T21:54:37,100.0
Bicep Curl (Dumbbell),1,16,40.0,2016-09-30,,,2016-09-30T21:54:37,50.0
Chin Up,3,8,65.0,2016-09-30,,,2016-09-30T21:54:37,70.0
Hammer seated row (CLOSE GRIP),3,12,160.0,2016-09-30,,,2016-09-30T21:54:37,145.0
Incline Bench Press (Barbell),3,8,230.0,2016-10-02,,,2016-10-02T19:03:54,135.0
Incline Press (Dumbbell),3,11,180.0,2016-10-02,,,2016-10-02T19:03:54,190.0
Weighted dips,2,11,0.0,2016-10-02,,,2016-10-02T19:03:54,125.0
Leg curl,2,10,140.0,2016-10-04,,,2016-10-04T11:11:42,145.0
Leg press (hinge ),2,12,520.0,2016-10-04,,,2016-10-04T11:11:42,550.0
Squat (Barbell),3,5,185.0,2016-10-04,,,2016-10-04T11:11:42,225.0
Bicep Curl (Barbell),3,10,100.0,2016-10-06,,,2016-10-06T17:41:20,75.0
Chin Up,3,8,70.0,2016-10-06,,,2016-10-06T17:41:20,70.0
Hammer Curl (Dumbbell ),2,12,50.0,2016-10-06,,,2016-10-06T17:41:20,70.0
Hammer seated row (CLOSE GRIP),1,12,145.0,2016-10-06,,,2016-10-06T17:41:20,150.0
Rear delt fly,3,12,145.0,2016-10-06,,,2016-10-06T17:41:20,145.0
Seated Cable Row (close Grip),2,10,190.0,2016-10-06,,,2016-10-06T17:41:20,190.0
Seated Shoulder  Press (Barbell),3,8,225.0,2016-10-07,,,2016-10-07T14:32:11,225.0
Shoulder Press (Standing),2,8,105.0,2016-10-07,,,2016-10-07T14:32:11,65.0
Weighted dips,3,8,125.0,2016-10-07,,,2016-10-07T14:32:11,125.0
Leg curl,3,12,145.0,2016-10-09,,,2016-10-09T17:05:27,150.0
Leg outward fly,3,12,120.0,2016-10-09,,,2016-10-09T17:05:27,120.0
Leg press (hinge ),3,11,550.0,2016-10-09,,,2016-10-09T17:05:27,560.0
Squat (Barbell),2,6,225.0,2016-10-09,,,2016-10-09T17:05:27,365.0
Bicep Curl (Barbell),2,12,75.0,2016-10-11,,,2016-10-11T17:17:44,100.0
Chin Up,4,8,70.0,2016-10-11,,,2016-10-11T17:17:44,70.0
Rear delt fly,3,15,145.0,2016-10-11,,,2016-10-11T17:17:44,135.0
Seated Cable Row (close Grip),4,10,190.0,2016-10-11,,,2016-10-11T17:17:44,205.0
Incline Bench Press (Barbell),3,5,135.0,2016-10-12,,,2016-10-12T17:38:23,145.0
Incline Press (Dumbbell),2,10,190.0,2016-10-12,,,2016-10-12T17:38:23,180.0
Overhead Press (Barbell),2,12,40.0,2016-10-12,,,2016-10-12T17:38:23,130.0
Leg curl,2,12,150.0,2016-10-13,,,2016-10-13T16:31:51,140.0
Leg outward fly,3,14,120.0,2016-10-13,,,2016-10-13T16:31:51,120.0
Leg press (hinge ),3,10,560.0,2016-10-13,,,2016-10-13T16:31:51,540.0
Romanian Deadlift (Barbell),3,10,135.0,2016-10-13,,,2016-10-13T16:31:51,145.0
Squat (Barbell),1,5,365.0,2016-10-13,,,2016-10-13T16:31:51,370.0
Bicep Curl (Barbell),1,10,100.0,2016-10-15,,,2016-10-15T18:08:55,85.0
Bicep Curl (Dumbbell),3,12,50.0,2016-10-15,,,2016-10-15T18:08:55,50.0
Chin Up,3,9,70.0,2016-10-15,,,2016-10-15T18:08:55,72.5
Hammer seated row (CLOSE GRIP),3,10,150.0,2016-10-15,,,2016-10-15T18:08:55,160.0
Rear delt fly,2,12,135.0,2016-10-15,,,2016-10-15T18:08:55,140.0
Seated Shoulder  Press (Barbell),6,8,225.0,2016-10-16,,,2016-10-16T16:15:25,230.0
Seated Shoulder Press (Dumbbell),6,12,80.0,2016-10-16,,,2016-10-16T16:15:25,80.0
Weighted dips,4,10,125.0,2016-10-16,,,2016-10-16T16:15:25,90.0
Leg Extension (Machine),2,12,125.0,2016-10-17,,,2016-10-17T16:43:20,155.0
Romanian Deadlift (Barbell),3,10,145.0,2016-10-17,,,2016-10-17T16:43:20,185.0
Squat (Barbell),2,5,370.0,2016-10-17,,,2016-10-17T16:43:20,225.0
Chin Up,3,8,72.5,2016-10-19,,,2016-10-19T18:17:58,75.0
Lat Pulldown,3,12,155.0,2016-10-19,,,2016-10-19T18:17:58,185.0
Rear delt fly,3,12,140.0,2016-10-19,,,2016-10-19T18:17:58,140.0
Incline Bench Press (Barbell),2,5,145.0,2016-10-20,,,2016-10-20T22:11:16,237.5
Incline Press (Dumbbell),2,12,180.0,2016-10-20,,,2016-10-20T22:11:16,190.0
Leg outward fly,3,12,120.0,2016-10-21,,,2016-10-21T19:25:08,130.0
Leg press (hinge ),3,12,540.0,2016-10-21,,,2016-10-21T19:25:08,610.0
Romanian Deadlift (Barbell),3,10,185.0,2016-10-21,,,2016-10-21T19:25:08,215.0
Squat (Barbell),2,5,225.0,2016-10-21,,,2016-10-21T19:25:08,315.0
Bicep Curl (Barbell),2,12,85.0,2016-10-23,,,2016-10-23T13:14:37,105.0
Chin Up,5,6,75.0,2016-10-23,,,2016-10-23T13:14:37,80.0
Hammer seated row (CLOSE GRIP),4,11,160.0,2016-10-23,,,2016-10-23T13:14:37,170.0
Lat Pulldown,1,9,185.0,2016-10-23,,,2016-10-23T13:14:37,170.0
Rear delt fly,3,12,140.0,2016-10-23,,,2016-10-23T13:14:37,140.0
Incline Bench Press (Barbell),3,8,237.5,2016-10-24,,,2016-10-24T14:07:25,250.0
Incline Press (Dumbbell),2,10,190.0,2016-10-24,,,2016-10-24T14:07:25,180.0
Overhead Press (Barbell),2,10,130.0,2016-10-24,,,2016-10-24T14:07:25,165.0
Leg press (hinge ),3,10,610.0,2016-10-26,,,2016-10-26T18:05:53,630.0
Romanian Deadlift (Barbell),2,6,215.0,2016-10-26,,,2016-10-26T18:05:53,240.0
Squat (Barbell),2,4,315.0,2016-10-26,,,2016-10-26T18:05:53,365.0
Bicep Curl (Barbell),2,8,105.0,2016-10-27,,,2016-10-27T20:33:09,85.0
Chin Up,4,6,80.0,2016-10-27,,,2016-10-27T20:33:09,82.5
Lat Pulldown,2,9,170.0,2016-10-27,,,2016-10-27T20:33:09,180.0
Seated Cable Row (close Grip),4,10,205.0,2016-10-27,,,2016-10-27T20:33:09,205.0
Seated Shoulder  Press (Barbell),4,6,230.0,2016-10-28,,,2016-10-28T20:25:53,235.0
Shoulder Press (Standing),1,10,65.0,2016-10-28,,,2016-10-28T20:25:53,95.0
Weighted dips,3,11,90.0,2016-10-28,,,2016-10-28T20:25:53,127.5
Leg Extension (Machine),2,10,155.0,2016-10-30,,,2016-10-30T17:36:16,155.0
Leg outward fly,2,10,130.0,2016-10-30,,,2016-10-30T17:36:16,120.0
Leg press (hinge ),2,10,630.0,2016-10-30,,,2016-10-30T17:36:16,630.0
Romanian Deadlift (Barbell),1,7,240.0,2016-10-30,,,2016-10-30T17:36:16,245.0
Squat (Barbell),3,5,365.0,2016-10-30,,,2016-10-30T17:36:16,390.0
Chin Up,3,6,82.5,2016-10-31,,,2016-10-31T18:42:22,10.0
Hammer seated row (CLOSE GRIP),2,10,170.0,2016-10-31,,,2016-10-31T18:42:22,155.0
Lat Pulldown,3,10,180.0,2016-10-31,,,2016-10-31T18:42:22,195.0
Rear delt fly,3,12,140.0,2016-10-31,,,2016-10-31T18:42:22,145.0
Incline Bench Press (Barbell),2,6,250.0,2016-11-01,,,2016-11-01T18:21:54,252.5
Incline Press (Dumbbell),2,10,180.0,2016-11-01,,,2016-11-01T18:21:54,190.0
Shoulder Press (Standing),2,8,95.0,2016-11-01,,,2016-11-01T18:21:54,80.0
Squat (Barbell),1,3,390.0,2016-11-04,,,2016-11-04T18:41:56,365.0
Seated Shoulder  Press (Barbell),3,6,235.0,2016-11-05,,,2016-11-05T15:04:23,235.0
Shoulder Press (Standing),2,10,80.0,2016-11-05,,,2016-11-05T15:04:23,105.0
Weighted dips,2,8,127.5,2016-11-05,,,2016-11-05T15:04:23,127.5
Chin Up,3,60,10.0,2016-11-06,,,2016-11-06T14:07:16,70.0
Rear delt fly,3,10,145.0,2016-11-06,,,2016-11-06T14:07:16,140.0
Seated Cable Row (close Grip),2,10,205.0,2016-11-06,,,2016-11-06T14:07:16,205.0
Leg press (hinge ),3,10,630.0,2016-11-07,,,2016-11-07T17:28:02,360.0
Romanian Deadlift (Barbell),2,6,245.0,2016-11-07,,,2016-11-07T17:28:02,255.0
Squat (Barbell),2,5,365.0,2016-11-07,,,2016-11-07T17:28:02,335.0
Incline Bench Press (Barbell),2,5,252.5,2016-11-09,,,2016-11-09T16:51:30,255.0
Incline Press (Dumbbell),3,8,190.0,2016-11-09,,,2016-11-09T16:51:30,190.0
Bicep Curl (Barbell),4,10,85.0,2016-11-11,,,2016-11-11T18:50:03,95.0
Chin Up,3,9,70.0,2016-11-11,,,2016-11-11T18:50:03,72.5
Lat Pulldown,1,10,195.0,2016-11-11,,,2016-11-11T18:50:03,150.0
Rear delt fly,3,15,140.0,2016-11-11,,,2016-11-11T18:50:03,145.0
Seated Cable Row (close Grip),4,10,205.0,2016-11-11,,,2016-11-11T18:50:03,165.0
Leg press (hinge ),2,15,360.0,2016-11-12,,,2016-11-12T12:29:26,270.0
Romanian Deadlift (Barbell),2,6,255.0,2016-11-12,,,2016-11-12T12:29:26,255.0
Squat (Barbell),2,6,335.0,2016-11-12,,,2016-11-12T12:29:26,345.0
Lateral Raise (Dumbbells),2,10,40.0,2016-11-13,,,2016-11-13T16:30:45,30.0
Seated Shoulder  Press (Barbell),4,6,235.0,2016-11-13,,,2016-11-13T16:30:45,235.0
Shoulder Press (Standing),1,6,105.0,2016-11-13,,,2016-11-13T16:30:45,65.0
Tricep pushdown,3,10,70.0,2016-11-13,,,2016-11-13T16:30:45,160.0
Weighted dips,3,8,127.5,2016-11-13,,,2016-11-13T16:30:45,125.0
Bicep Curl (Barbell),3,11,95.0,2016-11-15,,,2016-11-15T17:17:46,97.5
Chin Up,1,9,72.5,2016-11-15,,,2016-11-15T17:17:46,55.0
Pull Up,2,9,35.0,2016-11-15,,,2016-11-15T17:17:46,25.0
Rear delt fly,3,15,145.0,2016-11-15,,,2016-11-15T17:17:46,135.0
Seated Cable Row (close Grip),2,10,165.0,2016-11-15,,,2016-11-15T17:17:46,205.0
Front Squat (Barbell),2,4,225.0,2016-11-16,,,2016-11-16T15:43:06,155.0
Leg curl,1,10,140.0,2016-11-16,,,2016-11-16T15:43:06,140.0
Squat (Barbell),2,6,345.0,2016-11-16,,,2016-11-16T15:43:06,375.0
Incline Bench Press (Barbell),2,5,255.0,2016-11-18,,,2016-11-18T15:18:43,257.5
Incline Press (Dumbbell),3,10,190.0,2016-11-18,,,2016-11-18T15:18:43,180.0
Shoulder Press (Standing),1,6,65.0,2016-11-18,,,2016-11-18T15:18:43,70.0
Bent Over Row (Dumbbell),3,10,100.0,2016-11-19,,,2016-11-19T11:55:36,100.0
Bicep Curl (Barbell),3,10,97.5,2016-11-19,,,2016-11-19T11:55:36,100.0
Chin Up,4,10,55.0,2016-11-19,,,2016-11-19T11:55:36,25.0
Lat Pulldown,1,10,150.0,2016-11-19,,,2016-11-19T11:55:36,185.0
Rear delt fly,3,15,135.0,2016-11-19,,,2016-11-19T11:55:36,135.0
Deadlift (Barbell),1,5,255.0,2016-11-21,,,2016-11-21T19:04:22,295.0
Front Squat (Barbell),1,5,155.0,2016-11-21,,,2016-11-21T19:04:22,225.0
Leg press (hinge ),1,10,270.0,2016-11-21,,,2016-11-21T19:04:22,360.0
Romanian Deadlift (Barbell),3,5,255.0,2016-11-21,,,2016-11-21T19:04:22,255.0
Squat (Barbell),1,5,375.0,2016-11-21,,,2016-11-21T19:04:22,275.0
Lateral Raise (Dumbbells),2,15,30.0,2016-11-22,,,2016-11-22T20:18:19,50.0
Seated Shoulder  Press (Barbell),3,6,235.0,2016-11-22,,,2016-11-22T20:18:19,135.0
Seated Shoulder Press (Dumbbell),1,10,80.0,2016-11-22,,,2016-11-22T20:18:19,170.0
Weighted dips,2,8,125.0,2016-11-22,,,2016-11-22T20:18:19,45.0
Bent Over Row (Dumbbell),4,10,100.0,2016-11-23,,,2016-11-23T17:08:52,100.0
Bicep Curl (Barbell),3,10,100.0,2016-11-23,,,2016-11-23T17:08:52,101.25
Chin Up,4,10,25.0,2016-11-23,,,2016-11-23T17:08:52,90.0
Pull Up,2,10,25.0,2016-11-23,,,2016-11-23T17:08:52,30.0
Rear delt fly,3,12,135.0,2016-11-23,,,2016-11-23T17:08:52,145.0
Leg press (hinge ),2,10,360.0,2016-11-25,,,2016-11-25T21:50:31,520.0
Squat (Barbell),1,5,275.0,2016-11-25,,,2016-11-25T21:50:31,345.0
Incline Bench Press (Barbell),3,5,257.5,2016-11-26,,,2016-11-26T15:07:27,255.0
Overhead Press (Barbell),2,8,165.0,2016-11-26,,,2016-11-26T15:07:27,185.0
Weighted dips,2,8,45.0,2016-11-26,,,2016-11-26T15:07:27,90.0
Bicep Curl (Barbell),3,9,101.25,2016-11-27,,,2016-11-27T16:59:48,100.0
Chin Up,2,5,90.0,2016-11-27,,,2016-11-27T16:59:48,60.0
Pull Up,3,10,30.0,2016-11-27,,,2016-11-27T16:59:48,10.0
Rear delt fly,3,15,145.0,2016-11-27,,,2016-11-27T16:59:48,145.0
Seated Cable Row (close Grip),2,10,205.0,2016-11-27,,,2016-11-27T16:59:48,190.0
Squat (Barbell),2,5,345.0,2016-11-28,,,2016-11-28T21:49:56,325.0
Seated Shoulder  Press (Barbell),2,4,135.0,2016-11-30,,,2016-11-30T19:27:51,135.0
Seated Shoulder Press (Dumbbell),3,8,170.0,2016-11-30,,,2016-11-30T19:27:51,55.0
Weighted dips,5,8,90.0,2016-11-30,,,2016-11-30T19:27:51,0.0
Bicep Curl (Barbell),3,10,100.0,2016-12-01,,,2016-12-01T20:28:46,100.0
Chin Up,2,10,60.0,2016-12-01,,,2016-12-01T20:28:46,60.0
Rear delt fly,3,15,145.0,2016-12-01,,,2016-12-01T20:28:46,140.0
Seated Cable Row (close Grip),2,10,190.0,2016-12-01,,,2016-12-01T20:28:46,190.0
Leg press (hinge ),2,8,520.0,2016-12-03,,,2016-12-03T17:22:02,540.0
Squat (Barbell),2,5,325.0,2016-12-03,,,2016-12-03T17:22:02,325.0
Incline Bench Press (Barbell),3,5,255.0,2016-12-04,,,2016-12-04T19:22:39,255.0
Overhead Press (Barbell),1,10,185.0,2016-12-04,,,2016-12-04T19:22:39,195.0
Weighted dips,2,10,0.0,2016-12-04,,,2016-12-04T19:22:39,115.0
Bent Over Row (Dumbbell),4,10,100.0,2016-12-06,,,2016-12-06T19:09:08,100.0
Bicep Curl (Barbell),3,10,100.0,2016-12-06,,,2016-12-06T19:09:08,102.5
Chin Up,5,10,60.0,2016-12-06,,,2016-12-06T19:09:08,62.5
Seated Shoulder  Press (Barbell),2,5,135.0,2016-12-08,,,2016-12-08T18:55:10,225.0
Weighted dips,2,10,115.0,2016-12-08,,,2016-12-08T18:55:10,60.0
Leg press (hinge ),2,10,540.0,2016-12-10,,,2016-12-10T16:51:16,360.0
Romanian Deadlift (Barbell),2,6,255.0,2016-12-10,,,2016-12-10T16:51:16,205.0
Squat (Barbell),3,5,325.0,2016-12-10,,,2016-12-10T16:51:16,315.0
Incline Bench Press (Barbell),2,5,255.0,2016-12-11,,,2016-12-11T21:04:38,260.0
Incline Press (Dumbbell),3,10,180.0,2016-12-11,,,2016-12-11T21:04:38,150.0
Weighted dips,2,8,60.0,2016-12-11,,,2016-12-11T21:04:38,105.0
Bicep Curl (Barbell),6,8,102.5,2016-12-13,,,2016-12-13T18:16:12,85.0
Chin Up,6,8,62.5,2016-12-13,,,2016-12-13T18:16:12,62.5
Rear delt fly,6,12,140.0,2016-12-13,,,2016-12-13T18:16:12,145.0
Seated Cable Row (close Grip),6,10,190.0,2016-12-13,,,2016-12-13T18:16:12,180.0
Incline Bench Press (Barbell),2,5,260.0,2016-12-16,,,2016-12-16T18:08:19,245.0
Weighted dips,3,8,105.0,2016-12-16,,,2016-12-16T18:08:19,90.0
Bent Over Row (Dumbbell),3,10,100.0,2016-12-18,,,2016-12-18T18:34:52,90.0
Chin Up,3,8,62.5,2016-12-18,,,2016-12-18T18:34:52,60.0
Hammer seated row (CLOSE GRIP),1,10,155.0,2016-12-18,,,2016-12-18T18:34:52,140.0
Seated Shoulder  Press (Barbell),3,8,225.0,2016-12-26,,,2016-12-26T16:01:02,225.0
Weighted dips,3,10,90.0,2016-12-26,,,2016-12-26T16:01:02,90.0
Bicep Curl (Barbell),3,10,85.0,2016-12-27,,,2016-12-27T20:08:18,100.0
Chin Up,3,7,60.0,2016-12-27,,,2016-12-27T20:08:18,0.0
Hammer seated row (CLOSE GRIP),2,10,140.0,2016-12-27,,,2016-12-27T20:08:18,205.0
Rear delt fly,3,12,145.0,2016-12-27,,,2016-12-27T20:08:18,130.0
Chin Up,4,12,0.0,2016-12-31,,,2016-12-31T17:16:15,50.0
Seated Cable Row (close Grip),4,10,180.0,2016-12-31,,,2016-12-31T17:16:15,190.0
Leg press (hinge ),4,10,360.0,2017-01-01,,,2017-01-01T16:16:32,500.0
Squat (Barbell),2,5,315.0,2017-01-01,,,2017-01-01T16:16:32,315.0
Lateral Raise (Dumbbells),3,10,50.0,2017-01-03,,,2017-01-03T18:34:44,60.0
Seated Shoulder  Press (Barbell),3,8,225.0,2017-01-03,,,2017-01-03T18:34:44,230.0
Weighted dips,3,10,90.0,2017-01-03,,,2017-01-03T18:34:44,100.0
Bent Over Row (Dumbbell),2,11,90.0,2017-01-05,,,2017-01-05T19:10:20,180.0
Bicep Curl (Barbell),3,10,100.0,2017-01-05,,,2017-01-05T19:10:20,90.0
Chin Up,4,10,50.0,2017-01-05,,,2017-01-05T19:10:20,35.0
Rear delt fly,3,12,130.0,2017-01-05,,,2017-01-05T19:10:20,145.0
Incline Bench Press (Barbell),3,6,245.0,2017-01-08,,,2017-01-08T06:09:37,235.0
Incline Press (Dumbbell),2,11,150.0,2017-01-08,,,2017-01-08T06:09:37,180.0
Bicep Curl (Barbell),4,10,90.0,2017-01-09,,,2017-01-09T06:09:51,90.0
Chin Up,4,10,35.0,2017-01-09,,,2017-01-09T06:09:51,45.0
Lat Pulldown,1,12,185.0,2017-01-09,,,2017-01-09T06:09:51,170.0
Pull Up,2,12,10.0,2017-01-09,,,2017-01-09T06:09:51,0.0
Rear delt fly,2,12,145.0,2017-01-09,,,2017-01-09T06:09:51,115.0
Seated Cable Row (close Grip),2,10,190.0,2017-01-09,,,2017-01-09T06:09:51,180.0
Leg press (hinge ),6,10,500.0,2017-01-11,,,2017-01-11T20:33:08,430.0
Romanian Deadlift (Barbell),4,6,205.0,2017-01-11,,,2017-01-11T20:33:08,265.0
Squat (Barbell),6,5,315.0,2017-01-11,,,2017-01-11T20:33:08,315.0
Seated Shoulder  Press (Barbell),2,6,230.0,2017-01-12,,,2017-01-12T20:38:44,230.0
Weighted dips,2,8,100.0,2017-01-12,,,2017-01-12T20:38:44,115.0
Chin Up,5,10,45.0,2017-01-14,,,2017-01-14T18:59:31,50.0
Incline Bench Press (Barbell),2,8,235.0,2017-01-17,,,2017-01-17T20:48:00,225.0
Leg press (hinge ),2,10,430.0,2017-01-18,,,2017-01-18T19:40:32,400.0
Romanian Deadlift (Barbell),2,6,265.0,2017-01-18,,,2017-01-18T19:40:32,225.0
Squat (Barbell),2,6,315.0,2017-01-18,,,2017-01-18T19:40:32,345.0
Chin Up,3,10,50.0,2017-01-20,,,2017-01-20T15:57:19,52.5
Seated Cable Row (close Grip),2,10,180.0,2017-01-20,,,2017-01-20T15:57:19,210.0
Seated Shoulder  Press (Barbell),2,6,230.0,2017-01-22,,,2017-01-22T18:53:10,225.0
Weighted dips,2,10,115.0,2017-01-22,,,2017-01-22T18:53:10,115.0
Leg press (hinge ),3,10,400.0,2017-01-24,,,2017-01-24T21:08:28,450.0
Romanian Deadlift (Barbell),2,8,225.0,2017-01-24,,,2017-01-24T21:08:28,185.0
Squat (Barbell),2,6,345.0,2017-01-24,,,2017-01-24T21:08:28,245.0
Chin Up,4,9,52.5,2017-01-25,,,2017-01-25T21:10:44,60.0
Incline Bench Press (Barbell),2,8,225.0,2017-01-28,,,2017-01-28T14:51:22,230.0
Leg press (hinge ),4,10,450.0,2017-01-29,,,2017-01-29T19:23:58,450.0
Squat (Barbell),2,8,245.0,2017-01-29,,,2017-01-29T19:23:58,275.0
Seated Shoulder  Press (Barbell),3,8,225.0,2017-02-02,,,2017-02-02T21:06:41,230.0
Weighted dips,2,9,115.0,2017-02-02,,,2017-02-02T21:06:41,0.0
Leg press (hinge ),3,10,450.0,2017-02-04,,,2017-02-04T19:03:35,360.0
Squat (Barbell),3,6,275.0,2017-02-04,,,2017-02-04T19:03:35,295.0
Bicep Curl (Barbell),3,10,90.0,2017-02-07,,,2017-02-07T08:52:17,100.0
Chin Up,3,10,60.0,2017-02-07,,,2017-02-07T08:52:17,77.5
Hammer seated row (CLOSE GRIP),3,10,205.0,2017-02-07,,,2017-02-07T08:52:17,210.0
Rear delt fly,2,12,115.0,2017-02-07,,,2017-02-07T08:52:17,120.0
Squat (Barbell),2,6,295.0,2017-02-08,,,2017-02-08T07:17:51,275.0
Bench Press (Barbell),2,6,275.0,2017-02-10,,,2017-02-10T15:18:03,280.0
Lateral Raise (Dumbbells),2,10,60.0,2017-02-10,,,2017-02-10T15:18:03,60.0
Seated Shoulder  Press (Barbell),3,6,230.0,2017-02-10,,,2017-02-10T15:18:03,225.0
Weighted dips,2,10,0.0,2017-02-10,,,2017-02-10T15:18:03,90.0
Bicep Curl (Barbell),2,12,100.0,2017-02-11,,,2017-02-11T14:33:10,95.0
Chin Up,1,6,77.5,2017-02-11,,,2017-02-11T14:33:10,80.0
Deadlift (Barbell),1,6,295.0,2017-02-11,,,2017-02-11T14:33:10,205.0
Hammer seated row (CLOSE GRIP),3,10,210.0,2017-02-11,,,2017-02-11T14:33:10,210.0
Neutral Chin,2,10,35.0,2017-02-11,,,2017-02-11T14:33:10,37.5
Incline Bench Press (Barbell),3,8,230.0,2017-02-14,,,2017-02-14T20:59:03,235.0
Squat (Barbell),3,6,275.0,2017-02-15,,,2017-02-15T22:11:14,315.0
Chin Up,1,6,80.0,2017-02-16,,,2017-02-16T12:06:00,60.0
Deadlift (Barbell),1,5,205.0,2017-02-16,,,2017-02-16T12:06:00,235.0
Hammer seated row (CLOSE GRIP),3,10,210.0,2017-02-16,,,2017-02-16T12:06:00,210.0
Neutral Chin,2,12,37.5,2017-02-16,,,2017-02-16T12:06:00,40.0
Bench Press (Barbell),1,5,280.0,2017-02-18,,,2017-02-18T12:17:42,290.0
Incline Bench Press (Barbell),2,8,235.0,2017-02-18,,,2017-02-18T12:17:42,240.0
Leg press (hinge ),8,10,360.0,2017-02-19,,,2017-02-19T10:59:10,450.0
Squat (Barbell),6,6,315.0,2017-02-19,,,2017-02-19T10:59:10,205.0
Chin Up,3,10,60.0,2017-02-21,,,2017-02-21T21:05:28,80.0
Hammer Curl (Dumbbell ),3,12,70.0,2017-02-21,,,2017-02-21T21:05:28,60.0
Hammer seated row (CLOSE GRIP),3,12,210.0,2017-02-21,,,2017-02-21T21:05:28,190.0
Neutral Chin,3,10,40.0,2017-02-21,,,2017-02-21T21:05:28,20.0
Rear delt fly,1,15,120.0,2017-02-21,,,2017-02-21T21:05:28,135.0
Seated Shoulder  Press (Barbell),2,6,225.0,2017-02-22,,,2017-02-22T16:51:05,225.0
Weighted dips,2,10,90.0,2017-02-22,,,2017-02-22T16:51:05,90.0
Leg press (hinge ),3,12,450.0,2017-02-25,,,2017-02-25T15:30:23,500.0
Squat (Barbell),2,6,205.0,2017-02-25,,,2017-02-25T15:30:23,315.0
Chin Up,2,6,80.0,2017-02-27,,,2017-02-27T07:26:38,60.0
Hammer seated row (CLOSE GRIP),4,12,190.0,2017-02-27,,,2017-02-27T07:26:38,215.0
Rear delt fly,2,12,135.0,2017-02-27,,,2017-02-27T07:26:38,145.0
T-bar Row,2,10,100.0,2017-02-27,,,2017-02-27T07:26:38,115.0
Incline Bench Press (Barbell),6,8,240.0,2017-03-02,,,2017-03-02T21:41:27,240.0
Overhead Press (Dumbbell),6,10,140.0,2017-03-02,,,2017-03-02T21:41:27,90.0
Weighted dips,4,10,90.0,2017-03-02,,,2017-03-02T21:41:27,115.0
Bench Press (Barbell),1,4,290.0,2017-03-07,,,2017-03-07T06:38:00,285.0
Seated Shoulder  Press (Barbell),3,7,225.0,2017-03-07,,,2017-03-07T06:38:00,225.0
Chin Up,2,10,60.0,2017-03-08,,,2017-03-08T06:23:04,70.0
Hammer seated row (CLOSE GRIP),5,10,215.0,2017-03-08,,,2017-03-08T06:23:04,220.0
Leg press (hinge ),4,10,500.0,2017-03-10,,,2017-03-10T15:23:27,360.0
Squat (Barbell),2,6,315.0,2017-03-10,,,2017-03-10T15:23:27,315.0
Incline Bench Press (Barbell),3,8,240.0,2017-03-11,,,2017-03-11T12:56:33,235.0
Weighted dips,2,10,115.0,2017-03-11,,,2017-03-11T12:56:33,105.0
Chin Up,4,7,70.0,2017-03-12,,,2017-03-12T12:42:34,0.0
Chin Up,6,10,0.0,2017-03-16,,,2017-03-16T09:04:48,62.5
Leg curl,3,12,140.0,2017-03-18,,,2017-03-18T09:05:26,145.0
Squat (Barbell),3,6,315.0,2017-03-18,,,2017-03-18T09:05:26,330.0
Bench Press (Barbell),1,5,285.0,2017-03-19,,,2017-03-19T06:19:29,290.0
Incline Bench Press (Barbell),3,8,235.0,2017-03-19,,,2017-03-19T06:19:29,237.5
Chin Up,3,10,62.5,2017-03-21,,,2017-03-21T20:19:48,60.0
Hammer Curl (Dumbbell ),3,15,60.0,2017-03-21,,,2017-03-21T20:19:48,60.0
Hammer seated row (CLOSE GRIP),3,10,220.0,2017-03-21,,,2017-03-21T20:19:48,235.0
Rear delt fly,2,12,145.0,2017-03-21,,,2017-03-21T20:19:48,145.0
Chin Up,2,10,60.0,2017-03-25,,,2017-03-25T14:52:18,50.0
Hammer seated row (CLOSE GRIP),3,8,235.0,2017-03-25,,,2017-03-25T14:52:18,230.0
Rear delt fly,2,10,145.0,2017-03-25,,,2017-03-25T14:52:18,85.0
Bench Press (Barbell),1,5,290.0,2017-03-27,,,2017-03-27T20:43:26,280.0
Incline Bench Press (Barbell),3,8,237.5,2017-03-27,,,2017-03-27T20:43:26,225.0
Lateral Raise (Dumbbells),2,13,60.0,2017-03-27,,,2017-03-27T20:43:26,20.0
Squat (Barbell),2,6,330.0,2017-04-02,,,2017-04-02T10:30:48,335.0
Incline Bench Press (Barbell),2,9,225.0,2017-04-05,,,2017-04-05T00:38:48,235.0
Overhead Press (Dumbbell),2,8,90.0,2017-04-05,,,2017-04-05T00:38:48,130.0
Incline Bench Press (Barbell),3,8,235.0,2017-04-07,,,2017-04-07T12:16:04,237.5
Bicep Curl (Barbell),2,10,95.0,2017-04-09,,,2017-04-09T19:16:18,65.0
Chin Up,4,10,50.0,2017-04-09,,,2017-04-09T19:16:18,60.0
Hammer seated row (CLOSE GRIP),2,12,230.0,2017-04-09,,,2017-04-09T19:16:18,250.0
Lat Pulldown,2,10,170.0,2017-04-09,,,2017-04-09T19:16:18,190.0
Rear delt fly,3,12,85.0,2017-04-09,,,2017-04-09T19:16:18,100.0
Bench Press (Barbell),1,7,280.0,2017-04-12,,,2017-04-12T22:01:51,255.0
Seated Shoulder  Press (Barbell),2,8,225.0,2017-04-12,,,2017-04-12T22:01:51,225.0
Chin Up,3,10,60.0,2017-04-13,,,2017-04-13T15:14:59,0.0
Hammer seated row (CLOSE GRIP),4,10,250.0,2017-04-13,,,2017-04-13T15:14:59,210.0
Incline Bench Press (Barbell),2,8,237.5,2017-04-16,,,2017-04-16T15:15:15,240.0
Weighted dips,2,10,105.0,2017-04-16,,,2017-04-16T15:15:15,105.0
Leg curl,2,12,145.0,2017-04-18,,,2017-04-18T08:30:12,145.0
Leg press (hinge ),2,10,360.0,2017-04-18,,,2017-04-18T08:30:12,520.0
Squat (Barbell),2,6,335.0,2017-04-18,,,2017-04-18T08:30:12,295.0
Seated Shoulder  Press (Barbell),3,8,225.0,2017-04-21,,,2017-04-21T11:51:57,205.0
Weighted dips,3,10,105.0,2017-04-21,,,2017-04-21T11:51:57,70.0
Leg curl,3,10,145.0,2017-04-23,,,2017-04-23T16:23:07,130.0
Squat (Barbell),2,8,295.0,2017-04-23,,,2017-04-23T16:23:07,275.0
Bench Press (Barbell),2,8,255.0,2017-04-27,,,2017-04-27T12:29:06,280.0
Incline Bench Press (Barbell),2,8,240.0,2017-04-27,,,2017-04-27T12:29:06,235.0
Seated Shoulder  Press (Barbell),3,10,205.0,2017-05-03,,,2017-05-03T20:07:57,225.0
Weighted dips,3,10,70.0,2017-05-03,,,2017-05-03T20:07:57,0.0
Chin Up,5,12,0.0,2017-05-04,,,2017-05-04T15:26:50,35.0
Seated Cable Row (close Grip),2,10,210.0,2017-05-04,,,2017-05-04T15:26:50,180.0
Leg outward fly,3,12,120.0,2017-05-06,,,2017-05-06T11:41:46,120.0
Romanian Deadlift (Barbell),2,8,185.0,2017-05-06,,,2017-05-06T11:41:46,225.0
Squat (Barbell),2,7,275.0,2017-05-06,,,2017-05-06T11:41:46,135.0
Incline Bench Press (Barbell),2,8,235.0,2017-05-07,,,2017-05-07T12:55:29,235.0
Incline Press (Dumbbell),2,11,180.0,2017-05-07,,,2017-05-07T12:55:29,190.0
Lateral Raise (Dumbbells),2,15,20.0,2017-05-07,,,2017-05-07T12:55:29,50.0
Weighted dips,2,10,0.0,2017-05-07,,,2017-05-07T12:55:29,105.0
Good Morning (Barbell),2,8,205.0,2017-05-10,,,2017-05-10T21:21:37,100.0
Leg outward fly,3,12,120.0,2017-05-10,,,2017-05-10T21:21:37,140.0
Squat (Barbell),2,6,135.0,2017-05-10,,,2017-05-10T21:21:37,315.0
Lateral Raise (Dumbbells),3,12,50.0,2017-05-12,,,2017-05-12T10:54:08,40.0
Seated Shoulder  Press (Barbell),3,8,225.0,2017-05-12,,,2017-05-12T10:54:08,225.0
Weighted dips,4,10,105.0,2017-05-12,,,2017-05-12T10:54:08,45.0
Bent Over Row (Dumbbell),3,10,180.0,2017-05-14,,,2017-05-14T11:20:36,100.0
Bicep Curl (Barbell),1,10,65.0,2017-05-14,,,2017-05-14T11:20:36,80.0
Chin Up,3,10,35.0,2017-05-14,,,2017-05-14T11:20:36,40.0
Seated Cable Row (close Grip),3,12,180.0,2017-05-14,,,2017-05-14T11:20:36,170.0
Squat (Barbell),2,7,315.0,2017-05-15,,,2017-05-15T18:02:56,320.0
Bench Press (Barbell),1,7,280.0,2017-05-16,,,2017-05-16T22:54:45,225.0
Incline Bench Press (Barbell),3,8,235.0,2017-05-16,,,2017-05-16T22:54:45,230.0
Weighted dips,1,6,45.0,2017-05-16,,,2017-05-16T22:54:45,115.0
Lateral Raise (Dumbbells),4,10,40.0,2017-05-21,,,2017-05-21T12:14:15,40.0
Seated Shoulder  Press (Barbell),6,8,225.0,2017-05-21,,,2017-05-21T12:14:15,225.0
Shoulder Press (Standing),4,10,70.0,2017-05-21,,,2017-05-21T12:14:15,85.0
Weighted dips,4,8,115.0,2017-05-21,,,2017-05-21T12:14:15,115.0
Bent Over Row (Dumbbell),4,12,100.0,2017-05-23,,,2017-05-23T21:03:11,90.0
Chin Up,3,12,40.0,2017-05-23,,,2017-05-23T21:03:11,60.0
Hammer Curl (Dumbbell ),1,10,60.0,2017-05-23,,,2017-05-23T21:03:11,70.0
Pull Up,1,8,0.0,2017-05-23,,,2017-05-23T21:03:11,0.0
Leg outward fly,2,10,140.0,2017-05-30,,,2017-05-30T21:15:03,150.0
Romanian Deadlift (Barbell),3,6,225.0,2017-05-30,,,2017-05-30T21:15:03,235.0
Squat (Barbell),2,6,320.0,2017-05-30,,,2017-05-30T21:15:03,245.0
Seated Shoulder  Press (Barbell),3,8,225.0,2017-05-31,,,2017-05-31T19:40:23,230.0
Weighted dips,3,10,115.0,2017-05-31,,,2017-05-31T19:40:23,110.0
Deadlift (Barbell),2,6,235.0,2017-06-03,,,2017-06-03T13:21:47,225.0
Romanian Deadlift (Barbell),2,8,235.0,2017-06-03,,,2017-06-03T13:21:47,215.0
Squat (Barbell),2,8,245.0,2017-06-03,,,2017-06-03T13:21:47,345.0
Incline Bench Press (Barbell),2,8,230.0,2017-06-04,,,2017-06-04T00:50:32,185.0
Incline Press (Dumbbell),2,9,190.0,2017-06-04,,,2017-06-04T00:50:32,180.0
Shoulder Press (Standing),2,10,85.0,2017-06-04,,,2017-06-04T00:50:32,75.0
Bicep Curl (Barbell),2,10,80.0,2017-06-05,,,2017-06-05T19:50:48,95.0
Chin Up,3,10,60.0,2017-06-05,,,2017-06-05T19:50:48,50.0
Hammer seated row (CLOSE GRIP),2,8,210.0,2017-06-05,,,2017-06-05T19:50:48,200.0
Bicep Curl (Barbell),1,10,95.0,2017-07-17,,,2017-07-17T13:29:23,95.0
Chin Up,3,10,50.0,2017-07-17,,,2017-07-17T13:29:23,50.0
Seated Cable Row (close Grip),3,10,170.0,2017-07-17,,,2017-07-17T13:29:23,170.0
Incline Bench Press (Barbell),2,5,185.0,2017-07-20,,,2017-07-20T21:58:46,230.0
Incline Press (Dumbbell),3,10,180.0,2017-07-20,,,2017-07-20T21:58:46,180.0
Rope Never Ending,1,0,450.0,2017-07-20,,,2017-07-20T21:58:46,1000.0
Lateral Raise (Dumbbells),2,12,40.0,2017-07-24,,,2017-07-24T12:48:01,40.0
Rope Never Ending,1,5,1000.0,2017-07-24,,,2017-07-24T12:48:01,1100.0
Seated Shoulder  Press (Barbell),3,8,230.0,2017-07-24,,,2017-07-24T12:48:01,235.0
Shoulder Press (Standing),1,10,75.0,2017-07-24,,,2017-07-24T12:48:01,90.0
Weighted dips,3,10,110.0,2017-07-24,,,2017-07-24T12:48:01,72.0
Incline Bench Press (Barbell),2,9,230.0,2017-07-28,,,2017-07-28T22:34:27,255.0
Lateral Raise (Dumbbells),2,15,40.0,2017-07-28,,,2017-07-28T22:34:27,50.0
Shoulder Press (Standing),2,10,90.0,2017-07-28,,,2017-07-28T22:34:27,125.0
Weighted dips,3,12,72.0,2017-07-28,,,2017-07-28T22:34:27,123.2
Bent Over Row (Dumbbell),3,10,90.0,2017-07-29,,,2017-07-29T20:19:26,90.0
Chin Up,3,9,50.0,2017-07-29,,,2017-07-29T20:19:26,40.0
Hammer Curl (Dumbbell ),2,10,70.0,2017-07-29,,,2017-07-29T20:19:26,80.0
Pull Up,2,10,0.0,2017-07-29,,,2017-07-29T20:19:26,10.0
Deadlift (Barbell),2,5,225.0,2017-07-30,,,2017-07-30T22:07:52,345.0
Leg curl,1,10,130.0,2017-07-30,,,2017-07-30T22:07:52,140.0
Leg outward fly,3,12,150.0,2017-07-30,,,2017-07-30T22:07:52,150.0
Squat (Barbell),1,6,345.0,2017-07-30,,,2017-07-30T22:07:52,345.0
Seated Shoulder  Press (Barbell),4,7,235.0,2017-08-01,,,2017-08-01T22:27:44,240.0
Shoulder Press (Standing),1,6,125.0,2017-08-01,,,2017-08-01T22:27:44,135.0
Weighted dips,4,8,123.2,2017-08-01,,,2017-08-01T22:27:44,70.5
Bicep Curl (Barbell),3,9,95.0,2017-08-02,,,2017-08-02T19:31:57,95.0
Chin Up,3,10,40.0,2017-08-02,,,2017-08-02T19:31:57,45.0
Face pull,1,10,90.0,2017-08-02,,,2017-08-02T19:31:57,100.0
Hammer seated row (CLOSE GRIP),2,12,200.0,2017-08-02,,,2017-08-02T19:31:57,210.0
Incline Bench Press (Barbell),2,5,255.0,2017-08-05,,,2017-08-05T14:59:00,257.5
Incline Press (Dumbbell),2,10,180.0,2017-08-05,,,2017-08-05T14:59:00,180.0
Leg press (hinge ),3,12,520.0,2017-08-06,,,2017-08-06T20:13:19,360.0
Squat (Barbell),2,5,345.0,2017-08-06,,,2017-08-06T20:13:19,355.0
Bicep Curl (Barbell),2,10,95.0,2017-08-07,,,2017-08-07T22:47:36,100.0
Chin Up,2,10,45.0,2017-08-07,,,2017-08-07T22:47:36,50.0
Neutral Chin,2,8,20.0,2017-08-07,,,2017-08-07T22:47:36,25.0
Rear delt fly,3,12,100.0,2017-08-07,,,2017-08-07T22:47:36,110.0
Seated Cable Row (close Grip),2,10,170.0,2017-08-07,,,2017-08-07T22:47:36,180.0
Seated Shoulder  Press (Barbell),2,8,240.0,2017-08-09,,,2017-08-09T21:16:36,240.0
Shoulder Press (Standing),2,6,135.0,2017-08-09,,,2017-08-09T21:16:36,95.0
Weighted dips,4,10,70.5,2017-08-09,,,2017-08-09T21:16:36,0.0
Deadlift (Barbell),1,5,345.0,2017-08-11,,,2017-08-11T23:16:08,375.0
Leg outward fly,3,12,150.0,2017-08-11,,,2017-08-11T23:16:08,160.0
Leg press (hinge ),2,12,360.0,2017-08-11,,,2017-08-11T23:16:08,540.0
Squat (Barbell),2,6,355.0,2017-08-11,,,2017-08-11T23:16:08,280.0
Bent Over Row (Dumbbell),1,10,90.0,2017-08-13,,,2017-08-13T14:23:34,95.0
Bicep Curl (Barbell),3,8,100.0,2017-08-13,,,2017-08-13T14:23:34,100.0
Chin Up,3,8,50.0,2017-08-13,,,2017-08-13T14:23:34,50.0
Face pull,3,10,100.0,2017-08-13,,,2017-08-13T14:23:34,30.0
Pull Up,1,8,10.0,2017-08-13,,,2017-08-13T14:23:34,12.5
Seated Cable Row (close Grip),2,10,180.0,2017-08-13,,,2017-08-13T14:23:34,190.0
Incline Bench Press (Barbell),4,5,257.5,2017-08-14,,,2017-08-14T11:07:27,225.0
Incline Press (Dumbbell),4,10,180.0,2017-08-14,,,2017-08-14T11:07:27,170.0
Weighted dips,4,12,0.0,2017-08-14,,,2017-08-14T11:07:27,107.0
Chin Up,4,8,50.0,2017-08-17,,,2017-08-17T23:57:04,52.5
Seated Cable Row (close Grip),3,8,190.0,2017-08-17,,,2017-08-17T23:57:04,190.0
Seated Shoulder  Press (Barbell),3,6,240.0,2017-08-18,,,2017-08-18T21:20:37,235.0
Weighted dips,2,10,107.0,2017-08-18,,,2017-08-18T21:20:37,101.5
Deadlift (Barbell),2,5,375.0,2017-08-19,,,2017-08-19T16:49:58,325.0
Squat (Barbell),3,6,280.0,2017-08-19,,,2017-08-19T16:49:58,315.0
Bent Over Row (Dumbbell),1,10,95.0,2017-08-21,,,2017-08-21T19:15:32,100.0
Chin Up,3,9,52.5,2017-08-21,,,2017-08-21T19:15:32,55.0
Pull Up,2,10,12.5,2017-08-21,,,2017-08-21T19:15:32,12.5
Seated Shoulder  Press (Barbell),2,8,235.0,2017-08-22,,,2017-08-22T20:19:36,235.0
Shoulder Press (Standing),2,8,95.0,2017-08-22,,,2017-08-22T20:19:36,65.0
Weighted dips,3,8,101.5,2017-08-22,,,2017-08-22T20:19:36,0.0
Leg press (hinge ),2,10,540.0,2017-08-25,,,2017-08-25T18:09:58,510.0
Squat (Barbell),2,6,315.0,2017-08-25,,,2017-08-25T18:09:58,315.0
Bent Over Row (Dumbbell),2,10,100.0,2017-08-26,,,2017-08-26T13:07:44,100.0
Bicep Curl (Barbell),3,8,100.0,2017-08-26,,,2017-08-26T13:07:44,100.0
Chin Up,4,9,55.0,2017-08-26,,,2017-08-26T13:07:44,0.0
Hammer seated row (CLOSE GRIP),2,10,210.0,2017-08-26,,,2017-08-26T13:07:44,215.0
Incline Bench Press (Barbell),2,8,225.0,2017-08-27,,,2017-08-27T18:48:13,230.0
Incline Press (Dumbbell),3,10,170.0,2017-08-27,,,2017-08-27T18:48:13,190.0
Weighted dips,1,10,0.0,2017-08-27,,,2017-08-27T18:48:13,0.0
Leg outward fly,3,12,160.0,2017-08-30,,,2017-08-30T19:34:41,160.0
Squat (Barbell),3,6,315.0,2017-08-30,,,2017-08-30T19:34:41,330.0
Chin Up,4,15,0.0,2017-08-31,,,2017-08-31T17:53:15,45.0
Hammer Curl (Dumbbell ),3,12,80.0,2017-08-31,,,2017-08-31T17:53:15,80.0
Hammer seated row (CLOSE GRIP),3,11,215.0,2017-08-31,,,2017-08-31T17:53:15,220.0
Seated Cable Row (close Grip),3,10,190.0,2017-08-31,,,2017-08-31T17:53:15,160.0
Bench Press (Barbell),2,8,225.0,2017-09-01,,,2017-09-01T18:24:39,250.0
Lateral Raise (Dumbbells),2,8,50.0,2017-09-01,,,2017-09-01T18:24:39,40.0
Seated Shoulder  Press (Barbell),2,6,235.0,2017-09-01,,,2017-09-01T18:24:39,230.0
Bent Over Row (Dumbbell),2,10,100.0,2017-09-03,,,2017-09-03T13:38:41,100.0
Chin Up,3,10,45.0,2017-09-03,,,2017-09-03T13:38:41,52.5
Hammer Curl (Dumbbell ),2,10,80.0,2017-09-03,,,2017-09-03T13:38:41,60.0
Lat Pulldown,1,8,190.0,2017-09-03,,,2017-09-03T13:38:41,170.0
Seated Cable Row (close Grip),2,10,160.0,2017-09-03,,,2017-09-03T13:38:41,175.0
Deadlift (Barbell),4,5,325.0,2017-09-04,,,2017-09-04T16:17:35,315.0
Good Morning (Barbell),6,12,100.0,2017-09-04,,,2017-09-04T16:17:35,100.0
Leg press (hinge ),4,9,510.0,2017-09-04,,,2017-09-04T16:17:35,520.0
Squat (Barbell),2,6,330.0,2017-09-04,,,2017-09-04T16:17:35,325.0
Incline Bench Press (Barbell),3,8,230.0,2017-09-05,,,2017-09-05T20:52:32,235.0
Incline Press (Dumbbell),2,8,190.0,2017-09-05,,,2017-09-05T20:52:32,170.0
Tricep pushdown,2,10,160.0,2017-09-05,,,2017-09-05T20:52:32,140.0
Weighted dips,2,10,0.0,2017-09-05,,,2017-09-05T20:52:32,0.0
Bent Over Row (Dumbbell),2,10,100.0,2017-09-08,,,2017-09-08T18:09:53,100.0
Bicep Curl (Barbell),2,10,100.0,2017-09-08,,,2017-09-08T18:09:53,90.0
Chin Up,3,10,52.5,2017-09-08,,,2017-09-08T18:09:53,55.0
Hammer seated row (CLOSE GRIP),2,13,220.0,2017-09-08,,,2017-09-08T18:09:53,230.0
Deadlift - Trap Bar,2,6,325.0,2017-09-09,,,2017-09-09T11:57:53,225.0
Leg outward fly,2,12,160.0,2017-09-09,,,2017-09-09T11:57:53,140.0
Squat (Barbell),3,5,325.0,2017-09-09,,,2017-09-09T11:57:53,335.0
Bench Press (Barbell),2,6,250.0,2017-09-10,,,2017-09-10T17:59:56,185.0
Overhead Press (Dumbbell),1,12,130.0,2017-09-10,,,2017-09-10T17:59:56,120.0
Seated Shoulder  Press (Barbell),3,8,230.0,2017-09-10,,,2017-09-10T17:59:56,235.0
Shoulder Press (Standing),2,12,65.0,2017-09-10,,,2017-09-10T17:59:56,110.0
Bicep Curl (Barbell),3,12,90.0,2017-09-12,,,2017-09-12T20:17:20,100.0
Chin Up,2,9,55.0,2017-09-12,,,2017-09-12T20:17:20,0.0
Hammer Curl (Dumbbell ),1,12,60.0,2017-09-12,,,2017-09-12T20:17:20,70.0
Hammer seated row (CLOSE GRIP),3,12,230.0,2017-09-12,,,2017-09-12T20:17:20,230.0
Lat Pulldown,2,10,170.0,2017-09-12,,,2017-09-12T20:17:20,150.0
Deadlift (Barbell),1,5,315.0,2017-09-13,,,2017-09-13T20:38:36,225.0
Glute extension.,2,12,115.0,2017-09-13,,,2017-09-13T20:38:36,130.0
Good Morning (Barbell),2,12,100.0,2017-09-13,,,2017-09-13T20:38:36,115.0
Leg outward fly,2,12,140.0,2017-09-13,,,2017-09-13T20:38:36,150.0
Leg press (hinge ),2,12,520.0,2017-09-13,,,2017-09-13T20:38:36,540.0
Squat (Barbell),2,6,335.0,2017-09-13,,,2017-09-13T20:38:36,185.0
Bench Press (Barbell),2,8,185.0,2017-09-15,,,2017-09-15T00:13:35,260.0
Incline Bench Press (Barbell),3,8,235.0,2017-09-15,,,2017-09-15T00:13:35,240.0
Bicep Curl (Barbell),2,8,100.0,2017-09-16,,,2017-09-16T12:52:48,100.0
Chin Up,5,12,0.0,2017-09-16,,,2017-09-16T12:52:48,55.0
Hammer seated row (CLOSE GRIP),3,12,230.0,2017-09-16,,,2017-09-16T12:52:48,230.0
Seated Cable Row (close Grip),2,12,175.0,2017-09-16,,,2017-09-16T12:52:48,190.0
Squat (Barbell),2,5,185.0,2017-09-17,,,2017-09-17T14:07:44,325.0
Bench Press (Barbell),1,7,260.0,2017-09-18,,,2017-09-18T21:39:00,260.0
Seated Shoulder  Press (Barbell),3,7,235.0,2017-09-18,,,2017-09-18T21:39:00,190.0
Chin Up,4,10,55.0,2017-09-20,,,2017-09-20T19:46:03,37.5
Hammer seated row (CLOSE GRIP),5,12,230.0,2017-09-20,,,2017-09-20T19:46:03,230.0
Good Morning (Barbell),2,12,115.0,2017-09-22,,,2017-09-22T18:32:43,115.0
Leg curl,4,10,140.0,2017-09-22,,,2017-09-22T18:32:43,120.0
Squat (Barbell),4,5,325.0,2017-09-22,,,2017-09-22T18:32:43,330.0
Incline Bench Press (Barbell),2,7,240.0,2017-09-23,,,2017-09-23T12:26:10,235.0
Weighted dips,4,10,0.0,2017-09-23,,,2017-09-23T12:26:10,0.0
Bicep Curl (Barbell),3,11,100.0,2017-09-24,,,2017-09-24T13:35:45,70.0
Chin Up,3,10,37.5,2017-09-24,,,2017-09-24T13:35:45,55.0
Hammer Curl (Dumbbell ),2,13,70.0,2017-09-24,,,2017-09-24T13:35:45,80.0
Seated Cable Row (close Grip),2,10,190.0,2017-09-24,,,2017-09-24T13:35:45,190.0
Incline Bench Press (Barbell),2,8,235.0,2017-10-03,,,2017-10-03T20:21:54,240.0
Seated Shoulder  Press (Barbell),1,10,190.0,2017-10-03,,,2017-10-03T20:21:54,230.0
Bicep Curl (Barbell),3,12,70.0,2017-10-04,,,2017-10-04T19:13:58,80.0
Chin Up,3,10,55.0,2017-10-04,,,2017-10-04T19:13:58,35.0
Hammer Curl (Dumbbell ),3,12,80.0,2017-10-04,,,2017-10-04T19:13:58,70.0
Seated Cable Row (close Grip),2,10,190.0,2017-10-04,,,2017-10-04T19:13:58,120.0
Good Morning (Barbell),2,11,115.0,2017-10-05,,,2017-10-05T19:09:24,115.0
Squat (Barbell),2,5,330.0,2017-10-05,,,2017-10-05T19:09:24,335.0
Bench Press (Barbell),1,5,260.0,2017-10-07,,,2017-10-07T12:57:09,265.0
Lateral Raise (Dumbbells),2,15,40.0,2017-10-07,,,2017-10-07T12:57:09,40.0
Seated Shoulder  Press (Barbell),2,8,230.0,2017-10-07,,,2017-10-07T12:57:09,230.0
Bent Over Row (Dumbbell),2,10,100.0,2017-10-08,,,2017-10-08T13:12:58,160.0
Bicep Curl (Barbell),1,12,80.0,2017-10-08,,,2017-10-08T13:12:58,90.0
Chin Up,4,9,35.0,2017-10-08,,,2017-10-08T13:12:58,60.0
Hammer seated row (CLOSE GRIP),3,15,230.0,2017-10-08,,,2017-10-08T13:12:58,240.0
Good Morning (Barbell),2,11,115.0,2017-10-10,,,2017-10-10T19:18:13,125.0
Leg curl,2,15,120.0,2017-10-10,,,2017-10-10T19:18:13,130.0
Leg outward fly,3,15,150.0,2017-10-10,,,2017-10-10T19:18:13,140.0
Squat (Barbell),2,6,335.0,2017-10-10,,,2017-10-10T19:18:13,235.0
Bench Press (Barbell),2,6,265.0,2017-10-11,,,2017-10-11T21:26:28,280.0
Lateral Raise (Dumbbells),1,15,40.0,2017-10-11,,,2017-10-11T21:26:28,50.0
Seated Shoulder  Press (Barbell),2,8,230.0,2017-10-11,,,2017-10-11T21:26:28,235.0
Tricep pushdown,2,20,140.0,2017-10-11,,,2017-10-11T21:26:28,140.0
Bicep Curl (Barbell),2,12,90.0,2017-10-12,,,2017-10-12T21:59:19,95.0
Chin Up,3,7,60.0,2017-10-12,,,2017-10-12T21:59:19,62.5
Hammer Curl (Dumbbell ),1,15,70.0,2017-10-12,,,2017-10-12T21:59:19,50.0
Hammer seated row (CLOSE GRIP),2,9,240.0,2017-10-12,,,2017-10-12T21:59:19,240.0
Rear delt fly,1,10,110.0,2017-10-12,,,2017-10-12T21:59:19,80.0
Leg curl,1,12,130.0,2017-10-14,,,2017-10-14T10:28:15,130.0
Squat (Barbell),3,8,235.0,2017-10-14,,,2017-10-14T10:28:15,345.0
Incline Bench Press (Barbell),2,8,240.0,2017-10-15,,,2017-10-15T14:06:19,250.0
Incline Press (Dumbbell),2,12,170.0,2017-10-15,,,2017-10-15T14:06:19,200.0
Shoulder Press (Standing),1,8,110.0,2017-10-15,,,2017-10-15T14:06:19,105.0
Bicep Curl (Barbell),2,10,95.0,2017-10-16,,,2017-10-16T21:50:06,95.0
Chin Up,3,8,62.5,2017-10-16,,,2017-10-16T21:50:06,75.0
Hammer Curl (Dumbbell ),2,12,50.0,2017-10-16,,,2017-10-16T21:50:06,80.0
Hammer seated row (CLOSE GRIP),2,10,240.0,2017-10-16,,,2017-10-16T21:50:06,240.0
Leg curl,3,12,130.0,2017-10-18,,,2017-10-18T22:29:34,135.0
Leg press (hinge ),3,12,540.0,2017-10-18,,,2017-10-18T22:29:34,570.0
Squat (Barbell),1,5,345.0,2017-10-18,,,2017-10-18T22:29:34,315.0
Bench Press (Barbell),2,5,280.0,2017-10-19,,,2017-10-19T18:47:04,285.0
Seated Shoulder  Press (Barbell),6,7,235.0,2017-10-19,,,2017-10-19T18:47:04,235.0
Tricep pushdown,2,10,140.0,2017-10-19,,,2017-10-19T18:47:04,130.0
Bicep Curl (Barbell),3,8,95.0,2017-10-20,,,2017-10-20T19:45:59,70.0
Chin Up,4,5,75.0,2017-10-20,,,2017-10-20T19:45:59,77.5
Hammer seated row (CLOSE GRIP),3,12,240.0,2017-10-20,,,2017-10-20T19:45:59,245.0
Good Morning (Barbell),1,10,125.0,2017-10-22,,,2017-10-22T13:55:17,115.0
Leg outward fly,3,12,140.0,2017-10-22,,,2017-10-22T13:55:17,140.0
Leg press (hinge ),2,12,570.0,2017-10-22,,,2017-10-22T13:55:17,550.0
Squat (Barbell),2,6,315.0,2017-10-22,,,2017-10-22T13:55:17,245.0
Incline Bench Press (Barbell),1,5,250.0,2017-10-23,,,2017-10-23T18:57:50,250.0
Incline Press (Dumbbell),1,10,200.0,2017-10-23,,,2017-10-23T18:57:50,200.0
Overhead Press (Dumbbell),2,12,120.0,2017-10-23,,,2017-10-23T18:57:50,150.0
Bicep Curl (Barbell),1,10,70.0,2017-10-24,,,2017-10-24T18:22:02,50.0
Chin Up,3,5,77.5,2017-10-24,,,2017-10-24T18:22:02,55.0
Hammer Curl (Dumbbell ),3,12,80.0,2017-10-24,,,2017-10-24T18:22:02,50.0
Hammer seated row (CLOSE GRIP),3,10,245.0,2017-10-24,,,2017-10-24T18:22:02,180.0
Good Morning (Barbell),2,10,115.0,2017-10-26,,,2017-10-26T19:47:20,105.0
Leg outward fly,3,12,140.0,2017-10-26,,,2017-10-26T19:47:20,130.0
Squat (Barbell),3,5,245.0,2017-10-26,,,2017-10-26T19:47:20,335.0
Bench Press (Barbell),1,5,285.0,2017-10-27,,,2017-10-27T17:40:15,290.0
Lateral Raise (Dumbbells),3,12,50.0,2017-10-27,,,2017-10-27T17:40:15,30.0
Seated Shoulder  Press (Barbell),3,8,235.0,2017-10-27,,,2017-10-27T17:40:15,240.0
Tricep pushdown,3,20,130.0,2017-10-27,,,2017-10-27T17:40:15,140.0
Weighted dips,2,10,0.0,2017-10-27,,,2017-10-27T17:40:15,108.0
Chin Up,4,9,55.0,2017-10-28,,,2017-10-28T14:02:47,80.0
Hammer seated row (CLOSE GRIP),3,12,180.0,2017-10-28,,,2017-10-28T14:02:47,220.0
Incline Bench Press (Barbell),2,7,250.0,2017-10-31,,,2017-10-31T21:33:00,247.5
Incline Press (Dumbbell),3,9,200.0,2017-10-31,,,2017-10-31T21:33:00,200.0
Tricep pushdown,1,10,140.0,2017-10-31,,,2017-10-31T21:33:00,100.0
Leg curl,1,10,135.0,2017-11-01,,,2017-11-01T20:32:27,140.0
Leg outward fly,1,10,130.0,2017-11-01,,,2017-11-01T20:32:27,130.0
Leg press (hinge ),3,13,550.0,2017-11-01,,,2017-11-01T20:32:27,610.0
Squat (Barbell),2,5,335.0,2017-11-01,,,2017-11-01T20:32:27,345.0
Chin Up,3,5,80.0,2017-11-02,,,2017-11-02T18:39:23,57.5
Deadlift (Barbell),2,5,225.0,2017-11-02,,,2017-11-02T18:39:23,405.0
Hammer seated row (CLOSE GRIP),4,12,220.0,2017-11-02,,,2017-11-02T18:39:23,245.0
Leg curl,2,9,140.0,2017-11-05,,,2017-11-05T13:05:49,110.0
Leg press (hinge ),4,11,610.0,2017-11-05,,,2017-11-05T13:05:49,630.0
Squat (Barbell),2,5,345.0,2017-11-05,,,2017-11-05T13:05:49,365.0
Chin Up,4,10,57.5,2017-11-06,,,2017-11-06T18:43:57,60.0
Deadlift (Barbell),1,1,405.0,2017-11-06,,,2017-11-06T18:43:57,450.0
Hammer Curl,2,12,60.0,2017-11-06,,,2017-11-06T18:43:57,70.0
Hammer seated row (CLOSE GRIP),3,10,245.0,2017-11-06,,,2017-11-06T18:43:57,250.0
Lat Pulldown,2,8,150.0,2017-11-06,,,2017-11-06T18:43:57,140.0
Incline Bench Press (Barbell),2,8,247.5,2017-11-08,,,2017-11-08T21:20:47,250.0
Incline Press (Dumbbell),2,10,200.0,2017-11-08,,,2017-11-08T21:20:47,210.0
Lateral Raise (Dumbbells),4,15,30.0,2017-11-08,,,2017-11-08T21:20:47,40.0
Good Morning (Barbell),2,8,105.0,2017-11-09,,,2017-11-09T18:38:19,115.0
Leg curl,1,9,110.0,2017-11-09,,,2017-11-09T18:38:19,130.0
Leg press (hinge ),4,10,630.0,2017-11-09,,,2017-11-09T18:38:19,680.0
Squat (Barbell),1,5,365.0,2017-11-09,,,2017-11-09T18:38:19,365.0
Bicep Curl (barbell ),2,9,100.0,2017-11-10,,,2017-11-10T20:18:54,75.0
Chin Up,3,10,60.0,2017-11-10,,,2017-11-10T20:18:54,62.5
Hammer seated row (CLOSE GRIP),2,10,250.0,2017-11-10,,,2017-11-10T20:18:54,252.5
Bench Press (Barbell),6,5,290.0,2017-11-12,,,2017-11-12T17:55:28,295.0
Lateral Raise (Dumbbells),6,12,40.0,2017-11-12,,,2017-11-12T17:55:28,40.0
Overhead Press (Dumbbell),2,10,150.0,2017-11-12,,,2017-11-12T17:55:28,130.0
Seated Shoulder  Press (Barbell),6,8,240.0,2017-11-12,,,2017-11-12T17:55:28,240.0
Leg curl,3,9,130.0,2017-11-13,,,2017-11-13T19:51:24,120.0
Romanian Deadlift (Barbell),2,6,215.0,2017-11-13,,,2017-11-13T19:51:24,135.0
Squat (Barbell),2,5,365.0,2017-11-13,,,2017-11-13T19:51:24,380.0
Chin Up,5,9,62.5,2017-11-14,,,2017-11-14T22:32:35,65.0
Hammer Curl,2,10,70.0,2017-11-14,,,2017-11-14T22:32:35,50.0
Hammer seated row (CLOSE GRIP),4,10,252.5,2017-11-14,,,2017-11-14T22:32:35,250.0
Incline Bench Press (Barbell),3,8,250.0,2017-11-16,,,2017-11-16T21:17:53,255.0
Incline Press (Dumbbell),3,8,210.0,2017-11-16,,,2017-11-16T21:17:53,160.0
Tricep pushdown,1,12,100.0,2017-11-16,,,2017-11-16T21:17:53,60.0
Leg curl,2,10,120.0,2017-11-18,,,2017-11-18T18:40:39,120.0
Leg outward fly,2,12,130.0,2017-11-18,,,2017-11-18T18:40:39,130.0
Leg press (hinge ),2,8,680.0,2017-11-18,,,2017-11-18T18:40:39,720.0
Squat (Barbell),1,5,380.0,2017-11-18,,,2017-11-18T18:40:39,365.0
Chin Up,4,8,65.0,2017-11-19,,,2017-11-19T15:24:57,65.0
Hammer seated row (CLOSE GRIP),3,10,250.0,2017-11-19,,,2017-11-19T15:24:57,210.0
Bench Press (Barbell),2,5,295.0,2017-11-20,,,2017-11-20T20:13:37,285.0
Incline Press (Dumbbell),3,11,160.0,2017-11-20,,,2017-11-20T20:13:37,200.0
Seated Shoulder  Press (Barbell),2,6,240.0,2017-11-20,,,2017-11-20T20:13:37,225.0
Leg outward fly,2,12,130.0,2017-11-22,,,2017-11-22T14:59:09,120.0
Leg press (hinge ),3,9,720.0,2017-11-22,,,2017-11-22T14:59:09,630.0
Romanian Deadlift (Barbell),2,8,135.0,2017-11-22,,,2017-11-22T14:59:09,185.0
Squat (Barbell),3,5,365.0,2017-11-22,,,2017-11-22T14:59:09,365.0
Chin Up,6,8,65.0,2017-11-23,,,2017-11-23T13:16:47,65.0
Face pull,4,14,30.0,2017-11-23,,,2017-11-23T13:16:47,110.0
Hammer Curl,4,12,50.0,2017-11-23,,,2017-11-23T13:16:47,60.0
Hammer seated row (CLOSE GRIP),6,12,210.0,2017-11-23,,,2017-11-23T13:16:47,180.0
Incline Bench Press (Barbell),3,7,255.0,2017-11-24,,,2017-11-24T13:09:49,245.0
Incline Press (Dumbbell),3,10,200.0,2017-11-24,,,2017-11-24T13:09:49,170.0
Leg curl,2,10,120.0,2017-11-26,,,2017-11-26T17:35:57,135.0
Leg press (hinge ),3,10,630.0,2017-11-26,,,2017-11-26T17:35:57,270.0
Romanian Deadlift (Barbell),2,9,185.0,2017-11-26,,,2017-11-26T17:35:57,225.0
Squat (Barbell),2,4,365.0,2017-11-26,,,2017-11-26T17:35:57,365.0
Chin Up,3,8,65.0,2017-11-27,,,2017-11-27T21:50:25,0.0
Hammer seated row (CLOSE GRIP),3,11,180.0,2017-11-27,,,2017-11-27T21:50:25,230.0
Romanian Deadlift (Barbell),3,8,225.0,2017-11-30,,,2017-11-30T16:57:05,225.0
Squat (Barbell),2,5,365.0,2017-11-30,,,2017-11-30T16:57:05,365.0
Chin Up,5,13,0.0,2017-12-02,,,2017-12-02T00:14:13,70.0
Hammer lat pulldown,2,10,180.0,2017-12-02,,,2017-12-02T00:14:13,195.0
Hammer seated row (CLOSE GRIP),4,12,230.0,2017-12-02,,,2017-12-02T00:14:13,230.0
Incline Bench Press (Barbell),3,8,245.0,2017-12-03,,,2017-12-03T13:23:06,230.0
Overhead Press (Dumbbell),2,10,130.0,2017-12-03,,,2017-12-03T13:23:06,130.0
Weighted dips,2,9,108.0,2017-12-03,,,2017-12-03T13:23:06,93.0
Bicep Curl (Barbell),2,14,50.0,2017-12-05,,,2017-12-05T22:56:50,50.0
Chin Up,2,8,70.0,2017-12-05,,,2017-12-05T22:56:50,70.0
Hammer seated row (CLOSE GRIP),4,10,230.0,2017-12-05,,,2017-12-05T22:56:50,240.0
Front Squat (Barbell),3,4,225.0,2017-12-06,,,2017-12-06T21:13:03,135.0
Squat (Barbell),1,5,365.0,2017-12-06,,,2017-12-06T21:13:03,365.0
Bench Press (Barbell),3,6,285.0,2017-12-07,,,2017-12-07T20:30:37,290.0
Seated Shoulder  Press (Barbell),3,6,225.0,2017-12-07,,,2017-12-07T20:30:37,230.0
Weighted dips,2,10,93.0,2017-12-07,,,2017-12-07T20:30:37,35.0
Chin Up,5,7,70.0,2017-12-09,,,2017-12-09T15:27:51,75.0
Hammer lat pulldown,2,10,195.0,2017-12-09,,,2017-12-09T15:27:51,195.0
Hammer seated row (CLOSE GRIP),3,12,240.0,2017-12-09,,,2017-12-09T15:27:51,190.0
Good Morning (Barbell),2,10,115.0,2017-12-10,,,2017-12-10T12:46:23,115.0
Leg curl,1,10,135.0,2017-12-10,,,2017-12-10T12:46:23,120.0
Leg outward fly,3,15,120.0,2017-12-10,,,2017-12-10T12:46:23,120.0
Leg press (hinge ),1,10,270.0,2017-12-10,,,2017-12-10T12:46:23,720.0
Romanian Deadlift (Barbell),1,8,225.0,2017-12-10,,,2017-12-10T12:46:23,195.0
Squat (Barbell),2,5,365.0,2017-12-10,,,2017-12-10T12:46:23,185.0
Incline Bench Press (Barbell),3,6,230.0,2017-12-11,,,2017-12-11T22:59:23,250.0
Weighted dips,2,10,35.0,2017-12-11,,,2017-12-11T22:59:23,0.0
Chin Up,4,6,75.0,2017-12-13,,,2017-12-13T19:12:53,75.0
Hammer Row Stand 1armed,2,10,270.0,2017-12-13,,,2017-12-13T19:12:53,270.0
Hammer seated row (CLOSE GRIP),3,10,190.0,2017-12-13,,,2017-12-13T19:12:53,255.0
Squat (Barbell),2,5,185.0,2017-12-14,,,2017-12-14T17:37:35,315.0
Incline Bench Press (Barbell),2,8,250.0,2017-12-15,,,2017-12-15T21:36:35,250.0
Incline Press (Dumbbell),3,11,170.0,2017-12-15,,,2017-12-15T21:36:35,160.0
Weighted dips,1,10,0.0,2017-12-15,,,2017-12-15T21:36:35,110.0
Squat (Barbell),2,5,315.0,2017-12-16,,,2017-12-16T10:03:23,335.0
Chin Up,4,6,75.0,2017-12-17,,,2017-12-17T11:07:59,55.0
Hammer lat pulldown,1,10,195.0,2017-12-17,,,2017-12-17T11:07:59,200.0
Hammer seated row (CLOSE GRIP),1,10,255.0,2017-12-17,,,2017-12-17T11:07:59,260.0
Bench Press (Barbell),1,5,290.0,2017-12-19,,,2017-12-19T13:34:07,290.0
Seated Shoulder  Press (Barbell),4,7,230.0,2017-12-19,,,2017-12-19T13:34:07,240.0
Sling Shot Bench,1,7,315.0,2017-12-19,,,2017-12-19T13:34:07,320.0
Leg press (hinge ),2,9,720.0,2017-12-20,,,2017-12-20T22:04:10,540.0
Squat (Barbell),3,5,335.0,2017-12-20,,,2017-12-20T22:04:10,355.0
Chin Up,4,10,55.0,2017-12-21,,,2017-12-21T00:10:03,62.5
Hammer lat pulldown,2,10,200.0,2017-12-21,,,2017-12-21T00:10:03,100.0
Hammer seated row (CLOSE GRIP),4,12,260.0,2017-12-21,,,2017-12-21T00:10:03,270.0
Incline Bench Press (Barbell),3,8,250.0,2017-12-23,,,2017-12-23T15:46:53,250.0
Incline Press (Dumbbell),1,12,160.0,2017-12-23,,,2017-12-23T15:46:53,140.0
Lateral Raise (Dumbbells),2,12,40.0,2017-12-23,,,2017-12-23T15:46:53,30.0
Overhead Press (Dumbbell),1,11,130.0,2017-12-23,,,2017-12-23T15:46:53,100.0
Sling Shot Incline,2,6,270.0,2017-12-23,,,2017-12-23T15:46:53,275.0
Good Morning (Barbell),1,10,115.0,2017-12-24,,,2017-12-24T14:49:04,100.0
Hack Squat,1,10,170.0,2017-12-24,,,2017-12-24T14:49:04,270.0
Squat (Barbell),2,5,355.0,2017-12-24,,,2017-12-24T14:49:04,375.0
Chin Up,3,8,62.5,2017-12-25,,,2017-12-25T15:32:32,45.0
Hammer seated row (CLOSE GRIP),3,10,270.0,2017-12-25,,,2017-12-25T15:32:32,280.0
Bench Press (Barbell),2,5,290.0,2017-12-27,,,2017-12-27T13:37:00,285.0
Seated Shoulder  Press (Barbell),2,6,240.0,2017-12-27,,,2017-12-27T13:37:00,85.0
Shoulder Press (Standing),2,8,105.0,2017-12-27,,,2017-12-27T13:37:00,95.0
Sling Shot Bench,2,6,320.0,2017-12-27,,,2017-12-27T13:37:00,330.0
Deadlift (Barbell),1,2,450.0,2017-12-28,,,2017-12-28T18:23:58,325.0
Hack Squat,1,8,270.0,2017-12-28,,,2017-12-28T18:23:58,275.0
Squat (Barbell),2,4,375.0,2017-12-28,,,2017-12-28T18:23:58,315.0
Chin Up,2,10,45.0,2017-12-29,,,2017-12-29T13:43:12,47.5
Hammer Row - Wide Grip,3,10,240.0,2017-12-29,,,2017-12-29T13:43:12,240.0
Hammer seated row (CLOSE GRIP),2,10,280.0,2017-12-29,,,2017-12-29T13:43:12,270.0
Lat Pulldown,1,8,140.0,2017-12-29,,,2017-12-29T13:43:12,100.0
Rear delt fly,2,12,80.0,2017-12-29,,,2017-12-29T13:43:12,90.0
Incline Bench Press (Barbell),2,8,250.0,2017-12-31,,,2017-12-31T11:39:05,255.0
Seated Shoulder  Press (Barbell),2,10,85.0,2017-12-31,,,2017-12-31T11:39:05,240.0
Shoulder Press (Standing),1,7,95.0,2017-12-31,,,2017-12-31T11:39:05,95.0
Sling Shot Incline,3,5,275.0,2017-12-31,,,2017-12-31T11:39:05,265.0
Tricep pushdown,2,15,60.0,2017-12-31,,,2017-12-31T11:39:05,60.0
Hack Squat,2,8,275.0,2018-01-01,,,2018-01-01T11:23:23,280.0
Romanian Deadlift (Barbell),3,7,195.0,2018-01-01,,,2018-01-01T11:23:23,195.0
Squat (Barbell),3,5,315.0,2018-01-01,,,2018-01-01T11:23:23,385.0
Chin Up,3,10,47.5,2018-01-02,,,2018-01-02T21:03:19,67.5
Hammer Row - Wide Grip,3,11,240.0,2018-01-02,,,2018-01-02T21:03:19,245.0
Hammer seated row (CLOSE GRIP),3,10,270.0,2018-01-02,,,2018-01-02T21:03:19,275.0
Lat Pulldown,2,10,100.0,2018-01-02,,,2018-01-02T21:03:19,100.0
Bench Press (Barbell),2,5,285.0,2018-01-04,,,2018-01-04T19:43:55,295.0
Seated Shoulder  Press (Barbell),2,6,240.0,2018-01-04,,,2018-01-04T19:43:55,175.0
Hack Squat,2,8,280.0,2018-01-05,,,2018-01-05T20:05:01,290.0
Romanian Deadlift (Barbell),1,8,195.0,2018-01-05,,,2018-01-05T20:05:01,195.0
Squat (Barbell),2,4,385.0,2018-01-05,,,2018-01-05T20:05:01,325.0
Chin Up,4,6,67.5,2018-01-06,,,2018-01-06T12:02:36,75.0
Hammer Row - Wide Grip,3,9,245.0,2018-01-06,,,2018-01-06T12:02:36,240.0
Hammer seated row (CLOSE GRIP),3,10,275.0,2018-01-06,,,2018-01-06T12:02:36,280.0
Lat Pulldown,2,10,100.0,2018-01-06,,,2018-01-06T12:02:36,150.0
Rear delt fly,3,15,90.0,2018-01-06,,,2018-01-06T12:02:36,90.0
Shrugs,4,5,315.0,2018-01-06,,,2018-01-06T12:02:36,275.0
Face pull,4,13,110.0,2018-01-08,,,2018-01-08T20:51:23,60.0
Incline Bench Press (Barbell),5,5,255.0,2018-01-08,,,2018-01-08T20:51:23,257.5
Incline Press (Dumbbell),3,12,140.0,2018-01-08,,,2018-01-08T20:51:23,120.0
Weighted dips,4,6,110.0,2018-01-08,,,2018-01-08T20:51:23,62.0
Hack Squat,4,6,290.0,2018-01-09,,,2018-01-09T19:44:07,300.0
Rack Pull - 1 Pin,3,5,365.0,2018-01-09,,,2018-01-09T19:44:07,325.0
Squat (Barbell),5,5,325.0,2018-01-09,,,2018-01-09T19:44:07,390.0
Chin Up,5,5,75.0,2018-01-10,,,2018-01-10T19:40:42,50.0
Face pull,3,12,60.0,2018-01-10,,,2018-01-10T19:40:42,40.0
Hammer Curl (Dumbbell ),2,14,50.0,2018-01-10,,,2018-01-10T19:40:42,50.0
Hammer High Row - 1 Arm,2,10,70.0,2018-01-10,,,2018-01-10T19:40:42,150.0
Hammer Row - Wide Grip,2,10,240.0,2018-01-10,,,2018-01-10T19:40:42,250.0
Hammer lat pulldown,2,12,100.0,2018-01-10,,,2018-01-10T19:40:42,180.0
Hammer seated row (CLOSE GRIP),2,9,280.0,2018-01-10,,,2018-01-10T19:40:42,250.0
Bench Press (Barbell),2,5,295.0,2018-01-12,,,2018-01-12T18:34:57,300.0
Incline Press (Dumbbell),2,11,120.0,2018-01-12,,,2018-01-12T18:34:57,140.0
Seated Shoulder  Press (Barbell),2,8,175.0,2018-01-12,,,2018-01-12T18:34:57,235.0
Sling Shot Bench,1,5,330.0,2018-01-12,,,2018-01-12T18:34:57,325.0
Deadlift (Barbell),1,3,325.0,2018-01-13,,,2018-01-13T11:03:55,430.0
Hack Squat,1,8,300.0,2018-01-13,,,2018-01-13T11:03:55,300.0
Romanian Deadlift (Barbell),4,7,195.0,2018-01-13,,,2018-01-13T11:03:55,205.0
Squat (Barbell),2,4,390.0,2018-01-13,,,2018-01-13T11:03:55,330.0
Bent Over Row (Dumbbell),1,10,160.0,2018-01-14,,,2018-01-14T14:21:26,160.0
Bicep Curl (Barbell),2,10,50.0,2018-01-14,,,2018-01-14T14:21:26,40.0
Chin Up,4,9,50.0,2018-01-14,,,2018-01-14T14:21:26,70.0
Hammer Row - Wide Grip,2,11,250.0,2018-01-14,,,2018-01-14T14:21:26,250.0
Hammer seated row (CLOSE GRIP),2,10,250.0,2018-01-14,,,2018-01-14T14:21:26,250.0
Neutral Chin,2,8,25.0,2018-01-14,,,2018-01-14T14:21:26,27.0
Rack Pull 2 Pin,1,5,385.0,2018-01-14,,,2018-01-14T14:21:26,445.0
Face pull,3,13,40.0,2018-01-16,,,2018-01-16T18:57:35,40.0
Incline Bench Press (Barbell),5,5,257.5,2018-01-16,,,2018-01-16T18:57:35,260.0
Incline Press (Dumbbell),3,12,140.0,2018-01-16,,,2018-01-16T18:57:35,130.0
Lateral Raise (Dumbbells),4,14,30.0,2018-01-16,,,2018-01-16T18:57:35,30.0
Weighted dips,2,10,62.0,2018-01-16,,,2018-01-16T18:57:35,70.0
Hack Squat,2,8,300.0,2018-01-18,,,2018-01-18T20:35:10,290.0
Romanian Deadlift (Barbell),3,6,205.0,2018-01-18,,,2018-01-18T20:35:10,155.0
Squat (Barbell),3,5,330.0,2018-01-18,,,2018-01-18T20:35:10,185.0
Chin Up,5,6,70.0,2018-01-19,,,2018-01-19T18:15:31,50.0
Face pull,2,13,40.0,2018-01-19,,,2018-01-19T18:15:31,80.0
Hammer High Row - 1 Arm,2,12,150.0,2018-01-19,,,2018-01-19T18:15:31,110.0
Hammer Row - Wide Grip,2,10,250.0,2018-01-19,,,2018-01-19T18:15:31,180.0
Hammer seated row (CLOSE GRIP),3,12,250.0,2018-01-19,,,2018-01-19T18:15:31,250.0
Bench Press (Barbell),2,6,300.0,2018-01-20,,,2018-01-20T14:33:57,300.0
Incline Press (Dumbbell),1,12,130.0,2018-01-20,,,2018-01-20T14:33:57,140.0
Lateral Raise (Dumbbells),3,13,30.0,2018-01-20,,,2018-01-20T14:33:57,20.0
Seated Shoulder  Press (Barbell),3,5,235.0,2018-01-20,,,2018-01-20T14:33:57,240.0
Leg curl,1,12,120.0,2018-01-21,,,2018-01-21T20:53:34,125.0
Leg press (hinge ),2,10,540.0,2018-01-21,,,2018-01-21T20:53:34,600.0
Rack Pull 2 Pin,2,5,445.0,2018-01-21,,,2018-01-21T20:53:34,345.0
Squat (Barbell),2,3,185.0,2018-01-21,,,2018-01-21T20:53:34,335.0
Chin Up,4,8,50.0,2018-01-22,,,2018-01-22T20:49:44,50.0
Seated Cable Row (close Grip),6,10,120.0,2018-01-22,,,2018-01-22T20:49:44,140.0
Incline Bench Press (Barbell),5,5,260.0,2018-01-24,,,2018-01-24T08:26:21,262.5
Incline Press (Dumbbell),2,12,140.0,2018-01-24,,,2018-01-24T08:26:21,180.0
Lateral Raise (Dumbbells),2,12,20.0,2018-01-24,,,2018-01-24T08:26:21,30.0
Overhead Press (Dumbbell),1,10,100.0,2018-01-24,,,2018-01-24T08:26:21,100.0
Hack Squat,3,9,290.0,2018-01-25,,,2018-01-25T19:48:11,200.0
Leg outward fly,3,13,120.0,2018-01-25,,,2018-01-25T19:48:11,120.0
Romanian Deadlift (Barbell),3,8,155.0,2018-01-25,,,2018-01-25T19:48:11,95.0
Squat (Barbell),3,5,335.0,2018-01-25,,,2018-01-25T19:48:11,365.0
kettlebell Swings,2,15,53.0,2018-01-25,,,2018-01-25T19:48:11,52.0
Chin Up,3,7,50.0,2018-01-26,,,2018-01-26T19:31:59,35.0
Hammer Row - Wide Grip,1,10,180.0,2018-01-26,,,2018-01-26T19:31:59,200.0
Hammer seated row (CLOSE GRIP),2,10,250.0,2018-01-26,,,2018-01-26T19:31:59,250.0
Neutral Chin,1,6,27.0,2018-01-26,,,2018-01-26T19:31:59,0.0
Shrugs,1,5,275.0,2018-01-26,,,2018-01-26T19:31:59,225.0
T-bar Row,2,8,115.0,2018-01-26,,,2018-01-26T19:31:59,90.0
Bench Press (Barbell),2,5,300.0,2018-01-28,,,2018-01-28T14:38:08,275.0
Lateral Raise (Dumbbells),3,13,30.0,2018-01-28,,,2018-01-28T14:38:08,30.0
Seated Shoulder  Press (Barbell),2,5,240.0,2018-01-28,,,2018-01-28T14:38:08,235.0
Tricep pushdown,2,12,60.0,2018-01-28,,,2018-01-28T14:38:08,80.0
close grip Bench,3,5,225.0,2018-01-28,,,2018-01-28T14:38:08,225.0
Deadlift (Barbell),1,3,430.0,2018-01-29,,,2018-01-29T19:04:45,345.0
Leg press (hinge ),2,12,600.0,2018-01-29,,,2018-01-29T19:04:45,540.0
Romanian Deadlift (Barbell),2,8,95.0,2018-01-29,,,2018-01-29T19:04:45,135.0
Squat (Barbell),2,4,365.0,2018-01-29,,,2018-01-29T19:04:45,345.0
Chin Up,4,10,35.0,2018-01-30,,,2018-01-30T16:50:10,52.5
Face pull,2,12,80.0,2018-01-30,,,2018-01-30T16:50:10,70.0
Hammer Curl (Dumbbell ),2,14,50.0,2018-01-30,,,2018-01-30T16:50:10,50.0
Hammer Row - Wide Grip,3,11,200.0,2018-01-30,,,2018-01-30T16:50:10,250.0
Hammer seated row (CLOSE GRIP),2,11,250.0,2018-01-30,,,2018-01-30T16:50:10,250.0
Neutral Chin,1,8,0.0,2018-01-30,,,2018-01-30T16:50:10,0.0
T-bar Row,2,8,90.0,2018-01-30,,,2018-01-30T16:50:10,125.0
Incline Bench Press (Barbell),5,5,262.5,2018-02-01,,,2018-02-01T08:27:39,265.0
Incline Press (Dumbbell),1,10,180.0,2018-02-01,,,2018-02-01T08:27:39,180.0
Low Incline Dumbbell Bench,1,10,180.0,2018-02-01,,,2018-02-01T08:27:39,180.0
Leg press (hinge ),3,10,540.0,2018-02-02,,,2018-02-02T19:42:56,590.0
Romanian Deadlift (Barbell),2,8,135.0,2018-02-02,,,2018-02-02T19:42:56,145.0
Squat (Barbell),5,5,345.0,2018-02-02,,,2018-02-02T19:42:56,365.0
kettlebell Swings,2,12,52.0,2018-02-02,,,2018-02-02T19:42:56,63.0
Bent Over Row (Dumbbell),3,8,160.0,2018-02-03,,,2018-02-03T13:56:43,170.0
Chin Up,3,8,52.5,2018-02-03,,,2018-02-03T13:56:43,37.5
Face pull,2,12,70.0,2018-02-03,,,2018-02-03T13:56:43,50.0
Hammer High Row - 1 Arm,2,10,110.0,2018-02-03,,,2018-02-03T13:56:43,70.0
Hammer Row - Wide Grip,1,10,250.0,2018-02-03,,,2018-02-03T13:56:43,270.0
Hammer seated row (CLOSE GRIP),1,10,250.0,2018-02-03,,,2018-02-03T13:56:43,230.0
Bench Press (Barbell),3,5,275.0,2018-02-05,,,2018-02-05T18:02:30,295.0
Lateral Raise (Dumbbells),1,15,30.0,2018-02-05,,,2018-02-05T18:02:30,30.0
Seated Shoulder  Press (Barbell),1,8,235.0,2018-02-05,,,2018-02-05T18:02:30,230.0
Tricep pushdown,2,12,80.0,2018-02-05,,,2018-02-05T18:02:30,60.0
close grip Bench,1,8,225.0,2018-02-05,,,2018-02-05T18:02:30,240.0
Deadlift (Barbell),2,4,345.0,2018-02-06,,,2018-02-06T21:16:23,225.0
Romanian Deadlift (Barbell),1,8,145.0,2018-02-06,,,2018-02-06T21:16:23,145.0
Squat (Barbell),2,3,365.0,2018-02-06,,,2018-02-06T21:16:23,350.0
Bent Over Row (Dumbbell),1,10,170.0,2018-02-07,,,2018-02-07T19:45:25,180.0
Chin Up,3,10,37.5,2018-02-07,,,2018-02-07T19:45:25,55.0
Face pull,3,15,50.0,2018-02-07,,,2018-02-07T19:45:25,60.0
Hammer Row - Wide Grip,1,9,270.0,2018-02-07,,,2018-02-07T19:45:25,150.0
Hammer seated row (CLOSE GRIP),2,10,230.0,2018-02-07,,,2018-02-07T19:45:25,150.0
Seated Cable Row (close Grip),2,11,140.0,2018-02-07,,,2018-02-07T19:45:25,140.0
Face pull,2,12,60.0,2018-02-09,,,2018-02-09T10:26:42,60.0
Incline Bench Press (Barbell),3,5,265.0,2018-02-09,,,2018-02-09T10:26:42,270.0
Incline Press (Dumbbell),2,12,180.0,2018-02-09,,,2018-02-09T10:26:42,190.0
Lateral Raise (Dumbbells),3,15,30.0,2018-02-09,,,2018-02-09T10:26:42,30.0
Low Incline Dumbbell Bench,1,12,180.0,2018-02-09,,,2018-02-09T10:26:42,190.0
Deadlift - Trap Bar,2,6,225.0,2018-02-10,,,2018-02-10T16:41:38,275.0
Leg press (hinge ),2,8,590.0,2018-02-10,,,2018-02-10T16:41:38,610.0
Squat (Barbell),3,5,350.0,2018-02-10,,,2018-02-10T16:41:38,405.0
high bar squat,2,7,155.0,2018-02-10,,,2018-02-10T16:41:38,195.0
Bent Over Row (Dumbbell),3,10,180.0,2018-02-11,,,2018-02-11T13:23:29,210.0
Chin Up,2,8,55.0,2018-02-11,,,2018-02-11T13:23:29,20.0
Face pull,3,12,60.0,2018-02-11,,,2018-02-11T13:23:29,60.0
Hammer Row - Wide Grip,1,13,150.0,2018-02-11,,,2018-02-11T13:23:29,230.0
Hammer seated row (CLOSE GRIP),1,10,150.0,2018-02-11,,,2018-02-11T13:23:29,200.0
Lat Pulldown,2,10,150.0,2018-02-11,,,2018-02-11T13:23:29,170.0
Neutral Chin,1,8,0.0,2018-02-11,,,2018-02-11T13:23:29,0.0
curl ez bar,2,15,70.0,2018-02-11,,,2018-02-11T13:23:29,70.0
Bench Press (Barbell),1,5,295.0,2018-02-13,,,2018-02-13T08:34:58,280.0
Seated Shoulder  Press (Barbell),3,8,230.0,2018-02-13,,,2018-02-13T08:34:58,230.0
Seated Shoulder Press (Dumbbell),2,10,55.0,2018-02-13,,,2018-02-13T08:34:58,120.0
close grip Bench,2,7,240.0,2018-02-13,,,2018-02-13T08:34:58,195.0
Leg press (hinge ),3,10,610.0,2018-02-14,,,2018-02-14T16:09:57,610.0
Romanian Deadlift (Barbell),3,8,145.0,2018-02-14,,,2018-02-14T16:09:57,150.0
Squat (Barbell),2,3,405.0,2018-02-14,,,2018-02-14T16:09:57,365.0
high bar squat,1,12,195.0,2018-02-14,,,2018-02-14T16:09:57,205.0
Bent Over Row (Dumbbell),2,8,210.0,2018-02-16,,,2018-02-16T18:45:34,220.0
Chin Up,2,12,20.0,2018-02-16,,,2018-02-16T18:45:34,80.0
Deadlift (Barbell),2,2,225.0,2018-02-16,,,2018-02-16T18:45:34,235.0
Face pull,2,18,60.0,2018-02-16,,,2018-02-16T18:45:34,60.0
Hammer Row - Wide Grip,2,12,230.0,2018-02-16,,,2018-02-16T18:45:34,200.0
Hammer lat pulldown,3,12,180.0,2018-02-16,,,2018-02-16T18:45:34,160.0
curl ez bar,2,13,70.0,2018-02-16,,,2018-02-16T18:45:34,80.0
Incline Bench Press (Barbell),3,5,270.0,2018-02-17,,,2018-02-17T15:51:37,275.0
Incline Press (Dumbbell),2,10,190.0,2018-02-17,,,2018-02-17T15:51:37,170.0
Lateral Raise (Dumbbells),3,15,30.0,2018-02-17,,,2018-02-17T15:51:37,30.0
Low Incline Dumbbell Bench,1,11,190.0,2018-02-17,,,2018-02-17T15:51:37,180.0
close grip Bench,2,10,195.0,2018-02-17,,,2018-02-17T15:51:37,235.0
Leg press (hinge ),2,10,610.0,2018-02-18,,,2018-02-18T16:47:10,610.0
Romanian Deadlift (Barbell),2,8,150.0,2018-02-18,,,2018-02-18T16:47:10,155.0
Squat (Barbell),3,5,365.0,2018-02-18,,,2018-02-18T16:47:10,415.0
high bar squat,2,10,205.0,2018-02-18,,,2018-02-18T16:47:10,230.0
kettlebell Swings,1,10,63.0,2018-02-18,,,2018-02-18T16:47:10,72.0
Bent Over Row (Dumbbell),3,10,220.0,2018-02-20,,,2018-02-20T18:28:50,180.0
Chin Up,3,3,80.0,2018-02-20,,,2018-02-20T18:28:50,22.5
Curl Dumbbell,3,12,40.0,2018-02-20,,,2018-02-20T18:28:50,40.0
Deadlift (Barbell),3,3,235.0,2018-02-20,,,2018-02-20T18:28:50,430.0
Hammer Row - Wide Grip,2,14,200.0,2018-02-20,,,2018-02-20T18:28:50,210.0
Hammer seated row (CLOSE GRIP),2,12,200.0,2018-02-20,,,2018-02-20T18:28:50,200.0
Lat Pulldown,1,8,170.0,2018-02-20,,,2018-02-20T18:28:50,150.0
Bench Press (Barbell),3,6,280.0,2018-02-21,,,2018-02-21T19:57:21,275.0
Seated Shoulder  Press (Barbell),2,8,230.0,2018-02-21,,,2018-02-21T19:57:21,165.0
Leg outward fly,2,15,120.0,2018-02-22,,,2018-02-22T21:00:54,120.0
Leg press (hinge ),2,10,610.0,2018-02-22,,,2018-02-22T21:00:54,360.0
Romanian Deadlift (Barbell),2,8,155.0,2018-02-22,,,2018-02-22T21:00:54,145.0
Squat (Barbell),2,3,415.0,2018-02-22,,,2018-02-22T21:00:54,325.0
high bar squat,1,8,230.0,2018-02-22,,,2018-02-22T21:00:54,195.0
Bent Over Row (Dumbbell),3,11,180.0,2018-02-24,,,2018-02-24T20:32:01,170.0
Chin Up,2,12,22.5,2018-02-24,,,2018-02-24T20:32:01,50.0
Curl Dumbbell,2,12,40.0,2018-02-24,,,2018-02-24T20:32:01,50.0
Deadlift (Barbell),1,3,430.0,2018-02-24,,,2018-02-24T20:32:01,415.0
Face pull,2,12,60.0,2018-02-24,,,2018-02-24T20:32:01,70.0
Hammer Row - Wide Grip,1,13,210.0,2018-02-24,,,2018-02-24T20:32:01,230.0
kettlebell Swings,1,8,72.0,2018-02-24,,,2018-02-24T20:32:01,52.0
Incline Bench Press (Barbell),3,5,275.0,2018-02-25,,,2018-02-25T14:09:05,225.0
Weighted dips,3,10,70.0,2018-02-25,,,2018-02-25T14:09:05,0.0
Bent Over Row (Dumbbell),2,10,170.0,2018-02-28,,,2018-02-28T17:46:53,150.0
Chin Up,3,9,50.0,2018-02-28,,,2018-02-28T17:46:53,20.0
Lat Pulldown,1,10,150.0,2018-02-28,,,2018-02-28T17:46:53,130.0
T-bar Row,4,10,125.0,2018-02-28,,,2018-02-28T17:46:53,122.5
Bench Press (Barbell),3,5,275.0,2018-03-01,,,2018-03-01T18:57:21,265.0
Bent Over Row (Dumbbell),2,12,150.0,2018-03-06,,,2018-03-06T18:33:21,110.0
Chin Up,4,11,20.0,2018-03-06,,,2018-03-06T18:33:21,30.0
Deadlift (Barbell),2,3,415.0,2018-03-06,,,2018-03-06T18:33:21,405.0
Neutral Chin,2,9,0.0,2018-03-06,,,2018-03-06T18:33:21,0.0
Seated Cable Row (close Grip),3,12,140.0,2018-03-06,,,2018-03-06T18:33:21,150.0
Incline Bench Press (Barbell),4,6,225.0,2018-03-07,,,2018-03-07T20:09:46,240.0
Seated Shoulder  Press (Barbell),3,10,165.0,2018-03-07,,,2018-03-07T20:09:46,225.0
Weighted dips,3,12,0.0,2018-03-07,,,2018-03-07T20:09:46,0.0
Chin Up,2,9,30.0,2018-03-11,,,2018-03-11T16:15:08,50.0
Hammer Row - Wide Grip,1,8,230.0,2018-03-11,,,2018-03-11T16:15:08,220.0
Hammer seated row (CLOSE GRIP),3,10,200.0,2018-03-11,,,2018-03-11T16:15:08,220.0
Neutral Chin,3,10,0.0,2018-03-11,,,2018-03-11T16:15:08,25.0
Bench Press (Barbell),3,5,265.0,2018-03-12,,,2018-03-12T20:08:29,275.0
Seated Shoulder  Press (Barbell),4,8,225.0,2018-03-12,,,2018-03-12T20:08:29,230.0
Leg press (hinge ),4,10,360.0,2018-03-13,,,2018-03-13T18:44:13,550.0
Romanian Deadlift (Barbell),2,8,145.0,2018-03-13,,,2018-03-13T18:44:13,150.0
Squat (Barbell),3,5,325.0,2018-03-13,,,2018-03-13T18:44:13,295.0
Chin Up,3,8,50.0,2018-03-15,,,2018-03-15T21:24:06,22.5
Incline Bench Press (Barbell),2,8,240.0,2018-03-16,,,2018-03-16T21:26:27,245.0
Incline Press (Dumbbell),1,11,170.0,2018-03-16,,,2018-03-16T21:26:27,150.0
Low Incline Dumbbell Bench,1,11,180.0,2018-03-16,,,2018-03-16T21:26:27,180.0
Weighted dips,2,12,0.0,2018-03-16,,,2018-03-16T21:26:27,0.0
Leg press (hinge ),1,11,550.0,2018-03-17,,,2018-03-17T21:28:32,570.0
Squat (Barbell),2,6,295.0,2018-03-17,,,2018-03-17T21:28:32,185.0
Bent Over Row (Dumbbell),3,10,110.0,2018-03-19,,,2018-03-19T19:27:35,230.0
Chin Up,3,10,22.5,2018-03-19,,,2018-03-19T19:27:35,55.0
Deadlift (Barbell),2,3,405.0,2018-03-19,,,2018-03-19T19:27:35,315.0
Hammer Row - Wide Grip,1,12,220.0,2018-03-19,,,2018-03-19T19:27:35,220.0
Hammer seated row (CLOSE GRIP),2,10,220.0,2018-03-19,,,2018-03-19T19:27:35,235.0
Lat Pulldown,2,10,130.0,2018-03-19,,,2018-03-19T19:27:35,110.0
Bench Press (Barbell),2,7,275.0,2018-03-20,,,2018-03-20T07:27:13,285.0
Seated Shoulder  Press (Barbell),4,7,230.0,2018-03-20,,,2018-03-20T07:27:13,235.0
Tricep pushdown,2,12,60.0,2018-03-20,,,2018-03-20T07:27:13,90.0
Hack Squat,1,10,200.0,2018-03-21,,,2018-03-21T20:53:59,200.0
Squat (Barbell),3,8,185.0,2018-03-21,,,2018-03-21T20:53:59,320.0
kettlebell Swings,3,12,52.0,2018-03-21,,,2018-03-21T20:53:59,61.0
Bent Over Row (Dumbbell),2,11,230.0,2018-03-23,,,2018-03-23T19:00:33,170.0
Bicep Curl (Barbell),3,15,40.0,2018-03-23,,,2018-03-23T19:00:33,60.0
Chin Up,2,8,55.0,2018-03-23,,,2018-03-23T19:00:33,25.0
Seated Cable Row (close Grip),2,12,150.0,2018-03-23,,,2018-03-23T19:00:33,170.0
T-bar Row,2,10,122.5,2018-03-23,,,2018-03-23T19:00:33,125.0
Incline Bench Press (Barbell),3,8,245.0,2018-03-24,,,2018-03-24T15:52:46,245.0
Incline Press (Dumbbell),2,12,150.0,2018-03-24,,,2018-03-24T15:52:46,180.0
Lateral Raise (Dumbbells),2,15,30.0,2018-03-24,,,2018-03-24T15:52:46,40.0
Tricep pushdown,1,12,90.0,2018-03-24,,,2018-03-24T15:52:46,90.0
Leg outward fly,1,12,120.0,2018-03-25,,,2018-03-25T19:07:14,120.0
Leg press (hinge ),2,10,570.0,2018-03-25,,,2018-03-25T19:07:14,540.0
Romanian Deadlift (Barbell),2,8,150.0,2018-03-25,,,2018-03-25T19:07:14,135.0
Squat (Barbell),3,5,320.0,2018-03-25,,,2018-03-25T19:07:14,355.0
high bar squat,2,9,195.0,2018-03-25,,,2018-03-25T19:07:14,200.0
Bent Over Row (Dumbbell),3,12,170.0,2018-03-27,,,2018-03-27T20:18:33,100.0
Bicep Curl (Barbell),3,13,60.0,2018-03-27,,,2018-03-27T20:18:33,70.0
Chin Up,3,10,25.0,2018-03-27,,,2018-03-27T20:18:33,20.0
Deadlift (Barbell),2,4,315.0,2018-03-27,,,2018-03-27T20:18:33,335.0
Face pull,1,13,70.0,2018-03-27,,,2018-03-27T20:18:33,60.0
Hammer Row - Wide Grip,1,12,220.0,2018-03-27,,,2018-03-27T20:18:33,230.0
Hammer lat pulldown,1,12,160.0,2018-03-27,,,2018-03-27T20:18:33,205.0
Hammer seated row (CLOSE GRIP),1,12,235.0,2018-03-27,,,2018-03-27T20:18:33,230.0
Bench Press (Barbell),2,5,285.0,2018-03-28,,,2018-03-28T19:20:22,285.0
Cable Fly,2,12,46.0,2018-03-28,,,2018-03-28T19:20:22,60.0
Lateral Raise (Dumbbells),3,15,40.0,2018-03-28,,,2018-03-28T19:20:22,50.0
Seated Shoulder  Press (Barbell),2,6,235.0,2018-03-28,,,2018-03-28T19:20:22,235.0
Tricep pushdown,2,15,90.0,2018-03-28,,,2018-03-28T19:20:22,80.0
Hack Squat,2,10,200.0,2018-03-30,,,2018-03-30T09:32:45,230.0
Leg outward fly,2,14,120.0,2018-03-30,,,2018-03-30T09:32:45,130.0
Romanian Deadlift (Barbell),1,12,135.0,2018-03-30,,,2018-03-30T09:32:45,155.0
Squat (Barbell),2,4,355.0,2018-03-30,,,2018-03-30T09:32:45,365.0
high bar squat,2,8,200.0,2018-03-30,,,2018-03-30T09:32:45,225.0
Bent Over Row (Dumbbell),3,11,100.0,2018-03-31,,,2018-03-31T09:33:05,105.0
Chin Up,2,10,20.0,2018-03-31,,,2018-03-31T09:33:05,75.0
Curl Dumbbell,1,12,50.0,2018-03-31,,,2018-03-31T09:33:05,50.0
Face pull,2,12,60.0,2018-03-31,,,2018-03-31T09:33:05,80.0
Hammer Curl (Dumbbell ),1,12,50.0,2018-03-31,,,2018-03-31T09:33:05,50.0
Neutral Chin,2,10,25.0,2018-03-31,,,2018-03-31T09:33:05,10.0
Incline Bench Press (Barbell),2,8,245.0,2018-04-02,,,2018-04-02T19:57:43,250.0
Weighted dips,2,12,0.0,2018-04-02,,,2018-04-02T19:57:43,0.0
Leg press (hinge ),2,10,540.0,2018-04-04,,,2018-04-04T19:55:42,580.0
Squat (Barbell),1,3,365.0,2018-04-04,,,2018-04-04T19:55:42,350.0
high bar squat,2,6,225.0,2018-04-04,,,2018-04-04T19:55:42,230.0
Chin Up,3,6,75.0,2018-04-05,,,2018-04-05T18:23:43,30.0
Hammer seated row (CLOSE GRIP),3,10,230.0,2018-04-05,,,2018-04-05T18:23:43,240.0
T-bar Row,2,10,125.0,2018-04-05,,,2018-04-05T18:23:43,125.0
Bench Press (Barbell),3,6,285.0,2018-04-07,,,2018-04-07T15:25:55,290.0
Lateral Raise (Dumbbells),3,12,50.0,2018-04-07,,,2018-04-07T15:25:55,50.0
Seated Shoulder  Press (Barbell),3,8,235.0,2018-04-07,,,2018-04-07T15:25:55,240.0
Leg outward fly,4,13,130.0,2018-04-08,,,2018-04-08T21:09:07,140.0
Leg press (hinge ),2,10,580.0,2018-04-08,,,2018-04-08T21:09:07,580.0
Squat (Barbell),1,5,350.0,2018-04-08,,,2018-04-08T21:09:07,370.0
high bar squat,2,8,230.0,2018-04-08,,,2018-04-08T21:09:07,235.0
Bent Over Row (Dumbbell),6,10,105.0,2018-04-09,,,2018-04-09T19:45:00,220.0
Bicep Curl (Barbell),6,15,70.0,2018-04-09,,,2018-04-09T19:45:00,70.0
Chin Up,8,10,30.0,2018-04-09,,,2018-04-09T19:45:00,80.0
Face pull,5,18,80.0,2018-04-09,,,2018-04-09T19:45:00,90.0
Hammer High Row - 1 Arm,2,12,70.0,2018-04-09,,,2018-04-09T19:45:00,75.0
Hammer seated row (CLOSE GRIP),2,10,240.0,2018-04-09,,,2018-04-09T19:45:00,110.0
Incline Bench Press (Barbell),3,8,250.0,2018-04-11,,,2018-04-11T19:13:54,260.0
Incline Press (Dumbbell),1,12,180.0,2018-04-11,,,2018-04-11T19:13:54,190.0
Low Incline Dumbbell Bench,2,10,180.0,2018-04-11,,,2018-04-11T19:13:54,180.0
Leg curl,1,10,125.0,2018-04-12,,,2018-04-12T22:42:10,130.0
Leg outward fly,3,14,140.0,2018-04-12,,,2018-04-12T22:42:10,140.0
Leg press (hinge ),3,11,580.0,2018-04-12,,,2018-04-12T22:42:10,600.0
Squat (Barbell),3,5,370.0,2018-04-12,,,2018-04-12T22:42:10,365.0
high bar squat,3,8,235.0,2018-04-12,,,2018-04-12T22:42:10,240.0
Bent Over Row (Dumbbell),3,10,220.0,2018-04-13,,,2018-04-13T18:13:39,220.0
Chin Up,4,4,80.0,2018-04-13,,,2018-04-13T18:13:39,32.5
T-bar Row,2,8,125.0,2018-04-13,,,2018-04-13T18:13:39,95.0
Bench Press (Barbell),3,5,290.0,2018-04-15,,,2018-04-15T17:37:42,295.0
Lateral Raise (Dumbbells),2,12,50.0,2018-04-15,,,2018-04-15T17:37:42,40.0
Seated Shoulder  Press (Barbell),4,6,240.0,2018-04-15,,,2018-04-15T17:37:42,240.0
Tricep pushdown,3,12,80.0,2018-04-15,,,2018-04-15T17:37:42,80.0
Leg outward fly,3,15,140.0,2018-04-17,,,2018-04-17T20:11:36,140.0
Leg press (hinge ),3,10,600.0,2018-04-17,,,2018-04-17T20:11:36,610.0
Squat (Barbell),4,5,365.0,2018-04-17,,,2018-04-17T20:11:36,405.0
high bar squat,2,8,240.0,2018-04-17,,,2018-04-17T20:11:36,245.0
Incline Bench Press (Barbell),4,5,260.0,2018-04-18,,,2018-04-18T19:46:01,265.0
Lateral Raise (Dumbbells),3,12,40.0,2018-04-18,,,2018-04-18T19:46:01,40.0
Low Incline Dumbbell Bench,2,11,180.0,2018-04-18,,,2018-04-18T19:46:01,190.0
Seated Shoulder Press (Dumbbell),1,10,120.0,2018-04-18,,,2018-04-18T19:46:01,170.0
Bent Over Row (Dumbbell),3,10,220.0,2018-04-19,,,2018-04-19T19:18:40,200.0
Chin Up,4,10,32.5,2018-04-19,,,2018-04-19T19:18:40,80.0
Face pull,2,15,90.0,2018-04-19,,,2018-04-19T19:18:40,90.0
Hammer High Row - 1 Arm,3,13,75.0,2018-04-19,,,2018-04-19T19:18:40,80.0
T-bar Row,3,12,95.0,2018-04-19,,,2018-04-19T19:18:40,100.0
Leg outward fly,3,15,140.0,2018-04-21,,,2018-04-21T18:34:47,120.0
Leg press (hinge ),3,10,610.0,2018-04-21,,,2018-04-21T18:34:47,270.0
Squat (Barbell),1,3,405.0,2018-04-21,,,2018-04-21T18:34:47,365.0
high bar squat,4,6,245.0,2018-04-21,,,2018-04-21T18:34:47,235.0
Bench Press (Barbell),3,5,295.0,2018-04-22,,,2018-04-22T14:53:47,300.0
Lateral Raise (Dumbbells),3,15,40.0,2018-04-22,,,2018-04-22T14:53:47,50.0
Seated Shoulder  Press (Barbell),4,6,240.0,2018-04-22,,,2018-04-22T14:53:47,240.0
Tricep pushdown,2,15,80.0,2018-04-22,,,2018-04-22T14:53:47,80.0
Bent Over Row (Dumbbell),2,11,200.0,2018-04-23,,,2018-04-23T19:27:26,210.0
Chin Up,4,6,80.0,2018-04-23,,,2018-04-23T19:27:26,35.0
Hammer High Row - 1 Arm,2,13,80.0,2018-04-23,,,2018-04-23T19:27:26,90.0
T-bar Row,4,12,100.0,2018-04-23,,,2018-04-23T19:27:26,115.0
Leg press (hinge ),3,15,270.0,2018-04-25,,,2018-04-25T20:05:29,540.0
Squat (Barbell),3,5,365.0,2018-04-25,,,2018-04-25T20:05:29,335.0
Incline Bench Press (Barbell),3,5,265.0,2018-04-26,,,2018-04-26T19:49:59,270.0
Incline Press (Dumbbell),2,10,190.0,2018-04-26,,,2018-04-26T19:49:59,150.0
Lateral Raise (Dumbbells),2,12,50.0,2018-04-26,,,2018-04-26T19:49:59,50.0
Low Incline Dumbbell Bench,1,10,190.0,2018-04-26,,,2018-04-26T19:49:59,200.0
Tricep pushdown,1,15,80.0,2018-04-26,,,2018-04-26T19:49:59,80.0
Chin Up,4,10,35.0,2018-04-27,,,2018-04-27T18:58:27,85.0
T-bar Row,3,12,115.0,2018-04-27,,,2018-04-27T18:58:27,100.0
Bench Press (Barbell),2,5,300.0,2018-04-30,,,2018-04-30T20:03:47,305.0
Lateral Raise (Dumbbells),2,14,50.0,2018-04-30,,,2018-04-30T20:03:47,40.0
Seated Shoulder  Press (Barbell),3,6,240.0,2018-04-30,,,2018-04-30T20:03:47,245.0
Tricep pushdown,3,15,80.0,2018-04-30,,,2018-04-30T20:03:47,90.0
Weighted dips,1,12,0.0,2018-04-30,,,2018-04-30T20:03:47,0.0
Bent Over Row (Dumbbell),3,10,210.0,2018-05-01,,,2018-05-01T19:35:12,190.0
Chin Up,3,4,85.0,2018-05-01,,,2018-05-01T19:35:12,35.0
T-bar Row,2,10,100.0,2018-05-01,,,2018-05-01T19:35:12,115.0
Squat (Barbell),3,5,335.0,2018-05-03,,,2018-05-03T19:55:13,315.0
high bar squat,3,8,235.0,2018-05-03,,,2018-05-03T19:55:13,235.0
Incline Bench Press (Barbell),3,5,270.0,2018-05-04,,,2018-05-04T18:53:04,275.0
Incline Press (Dumbbell),1,12,150.0,2018-05-04,,,2018-05-04T18:53:04,140.0
Low Incline Dumbbell Bench,2,10,200.0,2018-05-04,,,2018-05-04T18:53:04,200.0
Tricep pushdown,3,12,90.0,2018-05-04,,,2018-05-04T18:53:04,130.0
Chin Up,4,10,35.0,2018-05-05,,,2018-05-05T18:08:15,90.0
Face pull,2,15,90.0,2018-05-05,,,2018-05-05T18:08:15,90.0
Hammer High Row - 1 Arm,2,12,90.0,2018-05-05,,,2018-05-05T18:08:15,200.0
Neutral Chin,1,8,10.0,2018-05-05,,,2018-05-05T18:08:15,25.0
Seated Cable Row (close Grip),4,12,170.0,2018-05-05,,,2018-05-05T18:08:15,135.0
Leg curl,3,10,130.0,2018-05-07,,,2018-05-07T20:09:19,135.0
Leg press (hinge ),3,10,540.0,2018-05-07,,,2018-05-07T20:09:19,550.0
Squat (Barbell),2,5,315.0,2018-05-07,,,2018-05-07T20:09:19,405.0
Bench Press (Barbell),3,5,305.0,2018-05-08,,,2018-05-08T19:33:35,275.0
Lateral Raise (Dumbbells),3,15,40.0,2018-05-08,,,2018-05-08T19:33:35,50.0
Seated Shoulder  Press (Barbell),3,5,245.0,2018-05-08,,,2018-05-08T19:33:35,245.0
Tricep pushdown,2,12,130.0,2018-05-08,,,2018-05-08T19:33:35,110.0
Chin Up,4,3,90.0,2018-05-09,,,2018-05-09T19:48:56,37.5
Face pull,3,15,90.0,2018-05-09,,,2018-05-09T19:48:56,70.0
Hammer seated row (CLOSE GRIP),1,12,110.0,2018-05-09,,,2018-05-09T19:48:56,230.0
T-bar Row,3,10,115.0,2018-05-09,,,2018-05-09T19:48:56,117.5
Leg curl,3,9,135.0,2018-05-11,,,2018-05-11T18:09:00,140.0
Leg outward fly,2,14,120.0,2018-05-11,,,2018-05-11T18:09:00,130.0
Leg press (hinge ),2,10,550.0,2018-05-11,,,2018-05-11T18:09:00,590.0
Squat (Barbell),1,3,405.0,2018-05-11,,,2018-05-11T18:09:00,340.0
Incline Bench Press (Barbell),3,5,275.0,2018-05-12,,,2018-05-12T14:13:47,275.0
Incline Press (Dumbbell),1,10,140.0,2018-05-12,,,2018-05-12T14:13:47,170.0
Lateral Raise (Dumbbells),3,12,50.0,2018-05-12,,,2018-05-12T14:13:47,50.0
Low Incline Dumbbell Bench,2,10,200.0,2018-05-12,,,2018-05-12T14:13:47,200.0
Tricep pushdown,1,15,110.0,2018-05-12,,,2018-05-12T14:13:47,130.0
Bent Over Row (Dumbbell),3,10,190.0,2018-05-13,,,2018-05-13T14:34:31,220.0
Chin Up,2,10,37.5,2018-05-13,,,2018-05-13T14:34:31,90.0
Face pull,3,15,70.0,2018-05-13,,,2018-05-13T14:34:31,70.0
Neutral Chin,2,10,25.0,2018-05-13,,,2018-05-13T14:34:31,0.0
Seated Cable Row (close Grip),2,12,135.0,2018-05-13,,,2018-05-13T14:34:31,130.0
Leg curl,3,10,140.0,2018-05-15,,,2018-05-15T19:54:18,140.0
Leg press (hinge ),2,10,590.0,2018-05-15,,,2018-05-15T19:54:18,600.0
Squat (Barbell),4,5,340.0,2018-05-15,,,2018-05-15T19:54:18,315.0
Bench Press (Barbell),3,5,275.0,2018-05-16,,,2018-05-16T08:49:31,285.0
Seated Shoulder  Press (Barbell),3,5,245.0,2018-05-16,,,2018-05-16T08:49:31,230.0
Tricep pushdown,2,12,130.0,2018-05-16,,,2018-05-16T08:49:31,130.0
Chin Up,3,4,90.0,2018-05-17,,,2018-05-17T14:49:43,40.0
Hammer High Row - 1 Arm,1,10,200.0,2018-05-17,,,2018-05-17T14:49:43,185.0
Hammer Row - Wide Grip,3,10,230.0,2018-05-17,,,2018-05-17T14:49:43,190.0
Hammer seated row (CLOSE GRIP),1,10,230.0,2018-05-17,,,2018-05-17T14:49:43,190.0
Neutral Chin,2,10,0.0,2018-05-17,,,2018-05-17T14:49:43,26.5
Leg curl,2,10,140.0,2018-05-19,,,2018-05-19T14:50:13,135.0
Leg outward fly,4,15,130.0,2018-05-19,,,2018-05-19T14:50:13,130.0
Leg press (hinge ),3,10,600.0,2018-05-19,,,2018-05-19T14:50:13,630.0
Squat (Barbell),2,6,315.0,2018-05-19,,,2018-05-19T14:50:13,345.0
Incline Bench Press (Barbell),4,5,275.0,2018-05-20,,,2018-05-20T10:03:19,275.0
Incline Press (Dumbbell),2,10,170.0,2018-05-20,,,2018-05-20T10:03:19,180.0
Lateral Raise (Dumbbells),3,12,50.0,2018-05-20,,,2018-05-20T10:03:19,50.0
Tricep pushdown,1,10,130.0,2018-05-20,,,2018-05-20T10:03:19,140.0
Bent Over Row (Dumbbell),3,10,220.0,2018-05-21,,,2018-05-21T18:57:18,220.0
Chin Up,4,10,40.0,2018-05-21,,,2018-05-21T18:57:18,60.0
Face pull,5,12,70.0,2018-05-21,,,2018-05-21T18:57:18,90.0
Lat Pulldown,2,12,110.0,2018-05-21,,,2018-05-21T18:57:18,175.0
T-bar Row,2,11,117.5,2018-05-21,,,2018-05-21T18:57:18,120.0
Squat (Barbell),3,5,345.0,2018-05-23,,,2018-05-23T19:57:24,350.0
Bench Press (Barbell),3,6,285.0,2018-05-24,,,2018-05-24T18:00:30,290.0
Seated Shoulder  Press (Barbell),2,8,230.0,2018-05-24,,,2018-05-24T18:00:30,245.0
Weighted dips,2,10,0.0,2018-05-24,,,2018-05-24T18:00:30,115.0
Chin Up,4,8,60.0,2018-05-26,,,2018-05-26T17:40:31,0.0
Face pull,2,15,90.0,2018-05-26,,,2018-05-26T17:40:31,80.0
Lat Pulldown,1,8,175.0,2018-05-26,,,2018-05-26T17:40:31,140.0
T-bar Row,3,9,120.0,2018-05-26,,,2018-05-26T17:40:31,125.0
Deadlift - Trap Bar,2,6,275.0,2018-05-27,,,2018-05-27T14:22:21,365.0
Romanian Deadlift (Barbell),1,8,155.0,2018-05-27,,,2018-05-27T14:22:21,165.0
Squat (Barbell),3,5,350.0,2018-05-27,,,2018-05-27T14:22:21,355.0
Incline Bench Press (Barbell),3,5,275.0,2018-05-28,,,2018-05-28T12:04:29,280.0
Incline Press (Dumbbell),2,10,180.0,2018-05-28,,,2018-05-28T12:04:29,200.0
Lateral Raise (Dumbbells),3,12,50.0,2018-05-28,,,2018-05-28T12:04:29,50.0
Bent Over Row (Dumbbell),2,8,220.0,2018-05-30,,,2018-05-30T20:20:21,200.0
Chin Up,6,12,0.0,2018-05-30,,,2018-05-30T20:20:21,62.5
Face pull,2,12,80.0,2018-05-30,,,2018-05-30T20:20:21,80.0
Hammer seated row (CLOSE GRIP),3,12,190.0,2018-05-30,,,2018-05-30T20:20:21,200.0
Romanian Deadlift (Barbell),2,6,165.0,2018-05-31,,,2018-05-31T19:56:01,185.0
Squat (Barbell),3,5,355.0,2018-05-31,,,2018-05-31T19:56:01,365.0
Bench Press (Barbell),3,6,290.0,2018-06-01,,,2018-06-01T15:35:08,295.0
Lateral Raise (Dumbbells),1,16,50.0,2018-06-01,,,2018-06-01T15:35:08,50.0
Seated Shoulder  Press (Barbell),3,5,245.0,2018-06-01,,,2018-06-01T15:35:08,235.0
Chin Up,5,8,62.5,2018-06-03,,,2018-06-03T11:48:55,25.0
Face pull,4,14,80.0,2018-06-03,,,2018-06-03T11:48:55,70.0
T-bar Row,3,8,125.0,2018-06-03,,,2018-06-03T11:48:55,115.0
Leg press (hinge ),2,9,630.0,2018-06-05,,,2018-06-05T20:43:01,450.0
Romanian Deadlift (Barbell),2,6,185.0,2018-06-05,,,2018-06-05T20:43:01,135.0
Squat (Barbell),3,5,365.0,2018-06-05,,,2018-06-05T20:43:01,385.0
Incline Bench Press (Barbell),2,4,280.0,2018-06-06,,,2018-06-06T19:03:23,245.0
Incline Press (Dumbbell),2,8,200.0,2018-06-06,,,2018-06-06T19:03:23,160.0
Lateral Raise (Dumbbells),3,12,50.0,2018-06-06,,,2018-06-06T19:03:23,50.0
Bent Over Row (Dumbbell),3,10,200.0,2018-06-07,,,2018-06-07T19:33:02,210.0
Chin Up,3,10,25.0,2018-06-07,,,2018-06-07T19:33:02,65.0
Hammer High Row - 1 Arm,1,10,185.0,2018-06-07,,,2018-06-07T19:33:02,185.0
Hammer seated row (CLOSE GRIP),2,10,200.0,2018-06-07,,,2018-06-07T19:33:02,210.0
Hack Squat,2,9,230.0,2018-06-09,,,2018-06-09T12:35:35,280.0
Romanian Deadlift (Barbell),2,6,135.0,2018-06-09,,,2018-06-09T12:35:35,195.0
Squat (Barbell),2,3,385.0,2018-06-09,,,2018-06-09T12:35:35,370.0
Bench Press (Barbell),2,6,295.0,2018-06-10,,,2018-06-10T13:03:34,270.0
Lateral Raise (Dumbbells),2,14,50.0,2018-06-10,,,2018-06-10T13:03:34,40.0
Seated Shoulder  Press (Barbell),3,8,235.0,2018-06-10,,,2018-06-10T13:03:34,240.0
Chin Up,2,7,65.0,2018-06-11,,,2018-06-11T18:39:36,65.0
Seated Cable Row (close Grip),3,12,130.0,2018-06-11,,,2018-06-11T18:39:36,150.0
T-bar Row,2,8,115.0,2018-06-11,,,2018-06-11T18:39:36,130.0
Hack Squat,1,10,280.0,2018-06-13,,,2018-06-13T19:02:33,270.0
Leg outward fly,3,12,130.0,2018-06-13,,,2018-06-13T19:02:33,130.0
Romanian Deadlift (Barbell),2,7,195.0,2018-06-13,,,2018-06-13T19:02:33,195.0
Squat (Barbell),3,5,370.0,2018-06-13,,,2018-06-13T19:02:33,385.0
Incline Bench Press (Barbell),4,8,245.0,2018-06-14,,,2018-06-14T19:58:39,255.0
Lateral Raise (Dumbbells),3,16,40.0,2018-06-14,,,2018-06-14T19:58:39,50.0
Weighted dips,2,8,115.0,2018-06-14,,,2018-06-14T19:58:39,120.0
Face pull,3,12,70.0,2018-06-15,,,2018-06-15T20:34:44,90.0
Hammer seated row (CLOSE GRIP),3,10,210.0,2018-06-15,,,2018-06-15T20:34:44,230.0
Neutral Chin,4,10,26.5,2018-06-15,,,2018-06-15T20:34:44,30.0
T-bar Row,3,8,130.0,2018-06-15,,,2018-06-15T20:34:44,100.0
Squat (Barbell),2,3,385.0,2018-06-17,,,2018-06-17T16:08:39,315.0
Incline Bench Press (Barbell),2,6,255.0,2018-06-20,,,2018-06-20T19:19:34,250.0
Weighted dips,2,8,120.0,2018-06-20,,,2018-06-20T19:19:34,22.0
Chin Up,3,8,65.0,2018-06-22,,,2018-06-22T17:32:35,67.5
Face pull,3,10,90.0,2018-06-22,,,2018-06-22T17:32:35,80.0
Lat Pulldown,2,8,140.0,2018-06-22,,,2018-06-22T17:32:35,170.0
T-bar Row,3,12,100.0,2018-06-22,,,2018-06-22T17:32:35,137.5
Squat (Barbell),3,6,315.0,2018-06-23,,,2018-06-23T20:45:42,285.0
Bench Press (Barbell),2,8,270.0,2018-06-24,,,2018-06-24T18:24:02,275.0
Lateral Raise (Dumbbells),3,15,50.0,2018-06-24,,,2018-06-24T18:24:02,50.0
Seated Shoulder  Press (Barbell),4,6,240.0,2018-06-24,,,2018-06-24T18:24:02,235.0
Romanian Deadlift (Barbell),2,6,195.0,2018-06-26,,,2018-06-26T21:24:09,215.0
Squat (Barbell),3,6,285.0,2018-06-26,,,2018-06-26T21:24:09,365.0
Chin Up,3,8,67.5,2018-06-28,,,2018-06-28T19:51:45,70.0
Face pull,3,15,80.0,2018-06-28,,,2018-06-28T19:51:45,80.0
T-bar Row,3,8,137.5,2018-06-28,,,2018-06-28T19:51:45,135.0
Incline Bench Press (Barbell),2,8,250.0,2018-06-29,,,2018-06-29T18:57:11,250.0
Incline Press (Dumbbell),3,10,160.0,2018-06-29,,,2018-06-29T18:57:11,180.0
Lateral Raise (Dumbbells),3,12,50.0,2018-06-29,,,2018-06-29T18:57:11,60.0
Weighted dips,3,10,22.0,2018-06-29,,,2018-06-29T18:57:11,0.0
Romanian Deadlift (Barbell),3,10,215.0,2018-06-30,,,2018-06-30T15:32:38,205.0
Squat (Barbell),2,6,365.0,2018-06-30,,,2018-06-30T15:32:38,325.0
Chin Up,3,6,70.0,2018-07-02,,,2018-07-02T17:20:15,70.0
Hammer Curl (Dumbbell ),2,15,50.0,2018-07-02,,,2018-07-02T17:20:15,60.0
Hammer Row - Wide Grip,2,15,190.0,2018-07-02,,,2018-07-02T17:20:15,205.0
Hammer seated row (CLOSE GRIP),3,8,230.0,2018-07-02,,,2018-07-02T17:20:15,210.0
Bench Press (Barbell),2,6,275.0,2018-07-03,,,2018-07-03T18:15:15,245.0
Seated Shoulder  Press (Barbell),2,8,235.0,2018-07-03,,,2018-07-03T18:15:15,220.0
Leg press (hinge ),3,10,450.0,2018-07-04,,,2018-07-04T17:00:43,500.0
Romanian Deadlift (Barbell),2,8,205.0,2018-07-04,,,2018-07-04T17:00:43,215.0
Squat (Barbell),2,7,325.0,2018-07-04,,,2018-07-04T17:00:43,375.0
Chin Up,2,8,70.0,2018-07-06,,,2018-07-06T17:34:29,50.0
Hammer Curl (Dumbbell ),2,10,60.0,2018-07-06,,,2018-07-06T17:34:29,70.0
Hammer Row - Wide Grip,3,15,205.0,2018-07-06,,,2018-07-06T17:34:29,230.0
T-bar Row,2,8,135.0,2018-07-06,,,2018-07-06T17:34:29,140.0
Incline Bench Press (Barbell),4,8,250.0,2018-07-07,,,2018-07-07T16:35:28,245.0
Incline Press (Dumbbell),2,10,180.0,2018-07-07,,,2018-07-07T16:35:28,200.0
Lateral Raise (Dumbbells),2,12,60.0,2018-07-07,,,2018-07-07T16:35:28,50.0
Hack Squat,2,8,270.0,2018-07-08,,,2018-07-08T08:16:18,285.0
Romanian Deadlift (Barbell),2,8,215.0,2018-07-08,,,2018-07-08T08:16:18,225.0
Squat (Barbell),3,6,375.0,2018-07-08,,,2018-07-08T08:16:18,380.0
Bicep Curl (Barbell),3,13,70.0,2018-07-10,,,2018-07-10T06:43:29,95.0
Hammer seated row (CLOSE GRIP),2,11,210.0,2018-07-10,,,2018-07-10T06:43:29,230.0
Neutral Chin,4,10,30.0,2018-07-10,,,2018-07-10T06:43:29,62.0
T-bar Row,2,8,140.0,2018-07-10,,,2018-07-10T06:43:29,115.0
Bench Press (Barbell),3,9,245.0,2018-07-11,,,2018-07-11T07:00:24,245.0
Lateral Raise (Dumbbells),2,13,50.0,2018-07-11,,,2018-07-11T07:00:24,50.0
Seated Shoulder  Press (Barbell),2,9,220.0,2018-07-11,,,2018-07-11T07:00:24,225.0
Romanian Deadlift (Barbell),3,5,225.0,2018-07-14,,,2018-07-14T15:01:35,235.0
Squat (Barbell),4,5,380.0,2018-07-14,,,2018-07-14T15:01:35,330.0
Chin Up,5,10,50.0,2018-07-14,,,2018-07-14T15:41:08,0.0
Bench Press (Barbell),1,6,245.0,2018-07-15,,,2018-07-15T12:54:41,275.0
Incline Bench Press (Barbell),2,8,245.0,2018-07-15,,,2018-07-15T12:54:41,265.0
Incline Press (Dumbbell),1,8,200.0,2018-07-15,,,2018-07-15T12:54:41,180.0
Chin Up,3,10,0.0,2018-07-17,,,2018-07-17T19:42:11,0.0
Hammer Row - Wide Grip,2,11,230.0,2018-07-17,,,2018-07-17T19:42:11,190.0
Hammer seated row (CLOSE GRIP),2,10,230.0,2018-07-17,,,2018-07-17T19:42:11,240.0
Neutral Chin,4,8,62.0,2018-07-17,,,2018-07-17T19:42:11,13.0
Seated Cable Row (close Grip),2,12,150.0,2018-07-17,,,2018-07-17T19:42:11,130.0
Leg press (hinge ),3,12,500.0,2018-07-18,,,2018-07-18T20:03:34,470.0
Romanian Deadlift (Barbell),3,6,235.0,2018-07-18,,,2018-07-18T20:03:34,205.0
Squat (Barbell),4,7,330.0,2018-07-18,,,2018-07-18T20:03:34,335.0
Bench Press (Barbell),3,7,275.0,2018-07-19,,,2018-07-19T07:14:12,290.0
Bicep Curl (Barbell),2,8,95.0,2018-07-21,,,2018-07-21T08:11:10,70.0
Chin Up,5,12,0.0,2018-07-21,,,2018-07-21T08:11:10,75.0
Hammer High Row - 1 Arm,1,10,185.0,2018-07-21,,,2018-07-21T08:11:10,190.0
Hammer Row - Wide Grip,5,12,190.0,2018-07-21,,,2018-07-21T08:11:10,235.0
Leg press (hinge ),1,10,470.0,2018-07-22,,,2018-07-22T08:27:15,590.0
Romanian Deadlift (Barbell),2,7,205.0,2018-07-22,,,2018-07-22T08:27:15,235.0
Squat (Barbell),3,5,335.0,2018-07-22,,,2018-07-22T08:27:15,385.0
Incline Bench Press (Barbell),3,5,265.0,2018-07-23,,,2018-07-23T07:03:14,250.0
Incline Press (Dumbbell),2,11,180.0,2018-07-23,,,2018-07-23T07:03:14,200.0
Weighted dips,2,8,0.0,2018-07-23,,,2018-07-23T07:03:14,0.0
Bicep Curl (Barbell),1,12,70.0,2018-07-25,,,2018-07-25T07:39:28,80.0
Chin Up,3,6,75.0,2018-07-25,,,2018-07-25T07:39:28,25.0
Neutral Chin,2,10,13.0,2018-07-25,,,2018-07-25T07:39:28,45.0
Seated Cable Row (close Grip),4,11,130.0,2018-07-25,,,2018-07-25T07:39:28,150.0
T-bar Row,1,9,115.0,2018-07-25,,,2018-07-25T07:39:28,140.0
Leg press (hinge ),2,10,590.0,2018-07-26,,,2018-07-26T07:13:40,590.0
Romanian Deadlift (Barbell),2,7,235.0,2018-07-26,,,2018-07-26T07:13:40,235.0
Squat (Barbell),3,5,385.0,2018-07-26,,,2018-07-26T07:13:40,340.0
Bench Press (Barbell),4,6,290.0,2018-07-27,,,2018-07-27T07:37:04,295.0
Weighted dips,1,12,0.0,2018-07-27,,,2018-07-27T07:37:04,105.0
Bicep Curl (Barbell),1,10,80.0,2018-07-29,,,2018-07-29T09:06:38,90.0
Chin Up,3,10,25.0,2018-07-29,,,2018-07-29T09:06:38,70.0
Face pull,3,15,80.0,2018-07-29,,,2018-07-29T09:06:38,90.0
Hammer Row - Wide Grip,3,10,235.0,2018-07-29,,,2018-07-29T09:06:38,250.0
Hammer seated row (CLOSE GRIP),1,10,240.0,2018-07-29,,,2018-07-29T09:06:38,250.0
Neutral Chin,3,9,45.0,2018-07-29,,,2018-07-29T09:06:38,62.0
Romanian Deadlift (Barbell),2,6,235.0,2018-07-30,,,2018-07-30T06:34:37,235.0
Squat (Barbell),3,5,340.0,2018-07-30,,,2018-07-30T06:34:37,390.0
Incline Bench Press (Barbell),2,8,250.0,2018-07-31,,,2018-07-31T19:23:16,255.0
Incline Press (Dumbbell),1,8,200.0,2018-07-31,,,2018-07-31T19:23:16,180.0
Bicep Curl (Barbell),1,10,90.0,2018-08-02,,,2018-08-02T22:26:58,95.0
Chin Up,4,8,70.0,2018-08-02,,,2018-08-02T22:26:58,75.0
Hammer Row - Wide Grip,3,10,250.0,2018-08-02,,,2018-08-02T22:26:58,250.0
Hammer seated row (CLOSE GRIP),3,10,250.0,2018-08-02,,,2018-08-02T22:26:58,250.0
Leg press (hinge ),2,10,590.0,2018-08-03,,,2018-08-03T19:18:56,650.0
Romanian Deadlift (Barbell),3,8,235.0,2018-08-03,,,2018-08-03T19:18:56,235.0
Squat (Barbell),2,5,390.0,2018-08-03,,,2018-08-03T19:18:56,365.0
Bench Press (Barbell),3,5,295.0,2018-08-04,,,2018-08-04T12:07:03,290.0
Lateral Raise (Dumbbells),2,14,50.0,2018-08-04,,,2018-08-04T12:07:03,50.0
Seated Shoulder  Press (Barbell),2,8,225.0,2018-08-04,,,2018-08-04T12:07:03,195.0
Bicep Curl (Barbell),1,10,95.0,2018-08-06,,,2018-08-06T06:51:28,80.0
Hammer Row - Wide Grip,2,10,250.0,2018-08-06,,,2018-08-06T06:51:28,250.0
Hammer seated row (CLOSE GRIP),2,9,250.0,2018-08-06,,,2018-08-06T06:51:28,270.0
Neutral Chin,3,8,62.0,2018-08-06,,,2018-08-06T06:51:28,35.0
Incline Bench Press (Barbell),2,8,255.0,2018-08-08,,,2018-08-08T20:25:00,275.0
Seated Shoulder  Press (Barbell),2,8,195.0,2018-08-08,,,2018-08-08T20:25:00,230.0
Leg outward fly,3,12,130.0,2018-08-10,,,2018-08-10T17:55:03,120.0
Romanian Deadlift (Barbell),3,7,235.0,2018-08-10,,,2018-08-10T17:55:03,185.0
Squat (Barbell),3,5,365.0,2018-08-10,,,2018-08-10T17:55:03,395.0
Bicep Curl (Barbell),2,11,80.0,2018-08-11,,,2018-08-11T15:16:13,85.0
Chin Up,4,6,75.0,2018-08-11,,,2018-08-11T15:16:13,57.5
Hammer Row - Wide Grip,4,10,250.0,2018-08-11,,,2018-08-11T15:16:13,240.0
Neutral Chin,2,9,35.0,2018-08-11,,,2018-08-11T15:16:13,63.5
Bench Press (Barbell),3,6,290.0,2018-08-12,,,2018-08-12T13:39:51,295.0
Seated Shoulder  Press (Barbell),3,8,230.0,2018-08-12,,,2018-08-12T13:39:51,230.0
Romanian Deadlift (Barbell),3,10,185.0,2018-08-14,,,2018-08-14T07:00:58,245.0
Squat (Barbell),3,5,395.0,2018-08-14,,,2018-08-14T07:00:58,295.0
Bicep Curl (Barbell),2,11,85.0,2018-08-15,,,2018-08-15T07:22:28,85.0
Hammer Row - Wide Grip,2,10,240.0,2018-08-15,,,2018-08-15T07:22:28,230.0
Hammer seated row (CLOSE GRIP),2,7,270.0,2018-08-15,,,2018-08-15T07:22:28,250.0
Neutral Chin,2,9,63.5,2018-08-15,,,2018-08-15T07:22:28,57.5
Incline Bench Press (Barbell),2,4,275.0,2018-08-16,,,2018-08-16T11:44:33,265.0
Weighted dips,2,8,105.0,2018-08-16,,,2018-08-16T11:44:33,0.0
Chin Up,3,8,57.5,2018-08-18,,,2018-08-18T09:49:55,10.0
Hammer Row - Wide Grip,2,11,230.0,2018-08-18,,,2018-08-18T09:49:55,250.0
Neutral Chin,1,10,57.5,2018-08-18,,,2018-08-18T09:49:55,65.0
Squat (Barbell),2,5,295.0,2018-08-19,,,2018-08-19T14:10:34,405.0
Bench Press (Barbell),2,5,295.0,2018-08-21,,,2018-08-21T07:01:53,300.0
Seated Shoulder  Press (Barbell),3,8,230.0,2018-08-21,,,2018-08-21T07:01:53,235.0
Chin Up,2,14,10.0,2018-08-22,,,2018-08-22T07:36:34,25.0
Hammer High Row - 1 Arm,1,10,190.0,2018-08-22,,,2018-08-22T07:36:34,210.0
Romanian Deadlift (Barbell),2,8,245.0,2018-08-24,,,2018-08-24T18:45:40,235.0
Squat (Barbell),3,3,405.0,2018-08-24,,,2018-08-24T18:45:40,370.0
Incline Bench Press (Barbell),4,5,265.0,2018-08-25,,,2018-08-25T21:49:39,270.0
Lateral Raise (Dumbbells),1,12,50.0,2018-08-25,,,2018-08-25T21:49:39,50.0
Low Incline Dumbbell Bench,2,11,200.0,2018-08-25,,,2018-08-25T21:49:39,190.0
Bicep Curl (Barbell),3,12,85.0,2018-08-26,,,2018-08-26T13:22:48,85.0
Chin Up,1,12,25.0,2018-08-26,,,2018-08-26T13:22:48,70.0
Hammer High Row - 1 Arm,1,10,210.0,2018-08-26,,,2018-08-26T13:22:48,205.0
Hammer Row - Wide Grip,2,10,250.0,2018-08-26,,,2018-08-26T13:22:48,255.0
Hammer seated row (CLOSE GRIP),2,10,250.0,2018-08-26,,,2018-08-26T13:22:48,255.0
Neutral Chin,3,8,65.0,2018-08-26,,,2018-08-26T13:22:48,65.0
Leg press (hinge ),1,10,650.0,2018-08-28,,,2018-08-28T07:16:13,630.0
Squat (Barbell),3,5,370.0,2018-08-28,,,2018-08-28T07:16:13,335.0
Bench Press (Barbell),3,5,300.0,2018-08-29,,,2018-08-29T07:32:34,275.0
Seated Shoulder  Press (Barbell),3,8,235.0,2018-08-29,,,2018-08-29T07:32:34,225.0
Bicep Curl (Barbell),4,12,85.0,2018-08-30,,,2018-08-30T18:46:18,80.0
Chin Up,3,5,70.0,2018-08-30,,,2018-08-30T18:46:18,0.0
Hammer High Row - 1 Arm,3,11,205.0,2018-08-30,,,2018-08-30T18:46:18,220.0
Romanian Deadlift (Barbell),3,6,235.0,2018-09-01,,,2018-09-01T11:44:54,235.0
Squat (Barbell),3,5,335.0,2018-09-01,,,2018-09-01T11:44:54,365.0
Incline Bench Press (Barbell),5,5,270.0,2018-09-02,,,2018-09-02T14:57:32,275.0
Incline Press (Dumbbell),1,9,180.0,2018-09-02,,,2018-09-02T14:57:32,180.0
Lateral Raise (Dumbbells),3,12,50.0,2018-09-02,,,2018-09-02T14:57:32,50.0
Low Incline Dumbbell Bench,2,10,190.0,2018-09-02,,,2018-09-02T14:57:32,210.0
Bicep Curl (Barbell),2,11,80.0,2018-09-03,,,2018-09-03T09:44:05,85.0
Chin Up,1,11,0.0,2018-09-03,,,2018-09-03T09:44:05,60.0
Hammer High Row - 1 Arm,2,10,220.0,2018-09-03,,,2018-09-03T09:44:05,215.0
Hammer Row - Wide Grip,2,10,255.0,2018-09-03,,,2018-09-03T09:44:05,230.0
Hammer seated row (CLOSE GRIP),1,10,255.0,2018-09-03,,,2018-09-03T09:44:05,255.0
Neutral Chin,3,8,65.0,2018-09-03,,,2018-09-03T09:44:05,0.0
Deadlift (Barbell),3,6,335.0,2018-09-06,,,2018-09-06T21:59:51,355.0
Squat (Barbell),2,5,365.0,2018-09-06,,,2018-09-06T21:59:51,370.0
Bench Press (Barbell),3,5,275.0,2018-09-07,,,2018-09-07T21:00:21,285.0
Lateral Raise (Dumbbells),3,12,50.0,2018-09-07,,,2018-09-07T21:00:21,50.0
Seated Shoulder  Press (Barbell),3,8,225.0,2018-09-07,,,2018-09-07T21:00:21,230.0
Chin Up,1,8,60.0,2018-09-08,,,2018-09-08T13:08:31,10.0
Hammer High Row - 1 Arm,2,10,215.0,2018-09-08,,,2018-09-08T13:08:31,230.0
Hammer Row - Wide Grip,1,12,230.0,2018-09-08,,,2018-09-08T13:08:31,255.0
Hammer seated row (CLOSE GRIP),3,10,255.0,2018-09-08,,,2018-09-08T13:08:31,255.0
Neutral Chin,1,8,0.0,2018-09-08,,,2018-09-08T13:08:31,70.5
Leg press (hinge ),3,10,630.0,2018-09-11,,,2018-09-11T07:05:38,650.0
Squat (Barbell),3,5,370.0,2018-09-11,,,2018-09-11T07:05:38,340.0
Incline Bench Press (Barbell),2,5,275.0,2018-09-12,,,2018-09-12T07:14:15,270.0
Low Incline Dumbbell Bench,2,8,210.0,2018-09-12,,,2018-09-12T07:14:15,170.0
Weighted dips,2,12,0.0,2018-09-12,,,2018-09-12T07:14:15,0.0
Bicep Curl (Barbell),3,10,85.0,2018-09-13,,,2018-09-13T20:03:20,80.0
Chin Up,2,10,10.0,2018-09-13,,,2018-09-13T20:03:20,25.0
Hammer Row - Wide Grip,2,10,255.0,2018-09-13,,,2018-09-13T20:03:20,260.0
Hammer seated row (CLOSE GRIP),3,10,255.0,2018-09-13,,,2018-09-13T20:03:20,240.0
Neutral Chin,3,8,70.5,2018-09-13,,,2018-09-13T20:03:20,35.0
Deadlift (Barbell),1,5,355.0,2018-09-15,,,2018-09-15T23:00:27,375.0
Squat (Barbell),3,6,340.0,2018-09-15,,,2018-09-15T23:00:27,375.0
Bench Press (Barbell),2,5,285.0,2018-09-16,,,2018-09-16T18:34:09,295.0
Lateral Raise (Dumbbells),2,15,50.0,2018-09-16,,,2018-09-16T18:34:09,50.0
Seated Shoulder  Press (Barbell),3,8,230.0,2018-09-16,,,2018-09-16T18:34:09,235.0
Weighted dips,2,12,0.0,2018-09-16,,,2018-09-16T18:34:09,0.0
Chin Up,3,12,25.0,2018-09-17,,,2018-09-17T07:29:40,62.5
Hammer seated row (CLOSE GRIP),2,12,240.0,2018-09-17,,,2018-09-17T07:29:40,260.0
Neutral Chin,2,12,35.0,2018-09-17,,,2018-09-17T07:29:40,0.0
Squat (Barbell),2,5,375.0,2018-09-19,,,2018-09-19T21:33:50,275.0
Incline Bench Press (Barbell),3,5,270.0,2018-09-20,,,2018-09-20T18:45:46,265.0
Bicep Curl (Barbell),2,14,80.0,2018-09-21,,,2018-09-21T20:54:39,85.0
Chin Up,1,10,62.5,2018-09-21,,,2018-09-21T20:54:39,0.0
Hammer seated row (CLOSE GRIP),4,10,260.0,2018-09-21,,,2018-09-21T20:54:39,260.0
Seated Cable Row (close Grip),2,12,150.0,2018-09-21,,,2018-09-21T20:54:39,170.0
Chin Up,3,15,0.0,2018-09-24,,,2018-09-24T21:23:45,15.0
Neutral Chin,2,10,0.0,2018-09-24,,,2018-09-24T21:23:45,65.0
Lateral Raise (Dumbbells),2,15,50.0,2018-09-25,,,2018-09-25T19:55:52,50.0
Low Incline Dumbbell Bench,2,10,170.0,2018-09-25,,,2018-09-25T19:55:52,170.0
